outlet,outlet_type,owner,owner_interests,is_official,source_url,note
MEGA TV / Ta Nea / To Vima / in.gr,TV+newspaper+digital,Ευάγγελος Μαρινάκης (Alter Ego Media),"Ναυτιλία (Capital Maritime), ΠΑΕ Ολυμπιακός, Nottingham Forest",FALSE,https://www.tovima.com/finance/marinakis-alter-ego-media-makes-historic-debut-on-athens-stock-exchange/,"Ιδιοκτησία ομίλου Μαρινάκη· Alter Ego Media εισηγμένη στο Χρημ. Αθηνών (Euronext) Ιαν. 2025, IPO υπερκαλύφθηκε"
SKAI TV / SKAI FM,TV+radio,Ιωάννης Αλαφούζος (Skai Group),"Ναυτιλία (Okeanis Eco Tankers), ΠΑΕ Παναθηναϊκός",FALSE,https://media-ownership.eu/2023-edition/findings/countries/greece/,
Καθημερινή,newspaper,Θεμιστοκλής Αλαφούζος (Kathimerini S.A.),"Ναυτιλία, εκδόσεις",FALSE,https://media-ownership.eu/2023-edition/findings/countries/greece/,
Star Channel,TV,Οικογένεια Βαρδινογιάννη (μέσω Motor Oil),"Πετρέλαιο (Motor Oil), τράπεζες, ναυτιλία",FALSE,https://ipi.media/wp-content/uploads/2024/01/IPI-Media-Capture-in-Greece-Report-MFRR-1.pdf,
Alpha TV,TV,Οικογένεια Βαρδινογιάννη (μέσω Motor Oil),"Πετρέλαιο (Motor Oil), ενέργεια",FALSE,https://ipi.media/wp-content/uploads/2024/01/IPI-Media-Capture-in-Greece-Report-MFRR-1.pdf,Παλαιότερος ιδιοκτήτης Δ. Κοντομηνάς· πλέον Βαρδινογιάννη
ANT1,TV,Θεόδωρος Κυριάκου (Antenna Group),"Τηλεπικοινωνίες, ενέργεια· ANT1 μεγαλύτερο χρέος (~€170εκ., Solomon)",FALSE,https://wearesolomon.com/en/mag/format/investigation/who-controls-the-media-in-greece/,
Open TV / Ethnos,TV+digital,Ιβάν Σαββίδης (Dimera Media),"Καπνός, τρόφιμα, real estate, ΠΑΕ ΠΑΟΚ",FALSE,https://euromediagroup.org/mdm/reports/ed2020/greece-general-report/,
Naftemporiki (εφημ.+TV),newspaper+TV,Δημήτρης Μελισσανίδης,"Ενέργεια (Aegean Oil), ΠΑΕ ΑΕΚ",FALSE,https://media-ownership.eu/2023-edition/findings/countries/greece/,
Πρώτο Θέμα,newspaper,Αναστασιάδης–Καραμήτσος (Θέμα ΑΕ),Εκδόσεις,FALSE,https://euromediagroup.org/mdm/reports/ed2020/greece-general-report/,
