"date","category","title_en","description","victim_or_scope","body_or_court","outcome","source_url","methodology_url","retrieved_date","note"
"2008-12-06","individual_case","Killing of Alexis Grigoropoulos","15-year-old Alexis Grigoropoulos was fatally shot by special guard Epaminondas Korkoneas in Exarcheia.","Alexis Grigoropoulos","Greek Courts","Korkoneas convicted of murder (life, 2010); reduced to 13yrs on appeal 2019, released 2022; life sentence without leniency re-imposed by Lamia Mixed Court of Appeal 4 June 2025.","https://greekcitytimes.com/2025/06/05/former-police-officer-sentenced-to-life-for-grigoropoulos-killing/","","2026-07-19",""
"2018-09-21","individual_case","Death of Zak Kostopoulos","Activist Zak Kostopoulos died after being beaten by a jewelry shop owner and a real estate agent, and subsequently by police officers during arrest.","Zak Kostopoulos","Greek Courts","Two civilians convicted (10yrs, upheld on appeal); four police officers acquitted May 2022 despite footage of force during arrest.","https://www.amnesty.org/en/latest/news/2022/05/greece-letting-police-officers-involved-in-brutal-death-of-lgbti-activist-off-the-hook-sends-chilling-sign-of-impunity/","","2026-07-19",""
"2021-10-23","individual_case","Killing of Nikos Sampanis","18-year-old Roma youth Nikos Sampanis was fatally shot by police following a car chase in Perama.","Nikos Sampanis","Greek Courts","Police officers charged with intentional homicide; pending trial.","https://www.amnesty.org/en/location/europe-and-central-asia/greece/report-greece/","","2026-07-19",""
"2022-12-05","individual_case","Shooting of Kostas Fragkoulis","16-year-old Roma youth Kostas Fragkoulis was shot in the head by a police officer in Thessaloniki after reportedly fleeing a gas station without paying. He died days later.","Kostas Fragkoulis","Greek Courts","Officer charged with manslaughter with possible intent.","https://www.amnesty.org/en/location/europe-and-central-asia/greece/report-greece/","","2026-07-19",""
"2023-06-14","individual_case","Pylos Shipwreck","The fishing trawler Adriana sank off the coast of Pylos, resulting in over 600 presumed deaths. Allegations surfaced regarding the Hellenic Coast Guard's involvement in a towing operation prior to the sinking.","Migrants on Adriana","Naval Court","Naval Court investigation ongoing.","https://www.amnesty.org/en/latest/news/2023/12/greece-six-months-on-no-justice-for-pylos-shipwreck/","","2026-07-19",""
"2021-03-07","protest_policing","Nea Smyrni Incident","Video surfaced showing police officers beating a man in Nea Smyrni square during COVID-19 restriction checks, sparking large-scale protests.","Citizens of Nea Smyrni","Greek Ombudsman","Investigation launched.","https://www.amnesty.org/en/location/europe-and-central-asia/greece/report-greece/","","2026-07-19",""
"2004-12-20","ecthr_judgment","Makaratzis v. Greece","Use of firearms by police officers during a pursuit.","Makaratzis","ECtHR","Violation of Article 2 (Right to life) found regarding the substantive and procedural aspects.","https://hudoc.echr.coe.int/eng?i=001-67845","https://echr.coe.int/","2026-07-19",""
"2023","ombudsman_report","National Mechanism for the Investigation of Arbitrary Incidents - 2022 Annual Report","Ombudsman report detailing complaints of arbitrary incidents and police violence.","Greek Police Personnel","Greek Ombudsman","317 complaints investigated.","https://www.synigoros.gr/el/category/ektheseis","https://www.synigoros.gr/el","2026-07-19",""
"2021","cpt_report","Report to the Greek Government on the visit to Greece by the CPT","Council of Europe Committee for the Prevention of Torture report on police custody and prisons.","Detainees in Greece","Council of Europe CPT","Noted persistent allegations of ill-treatment by police.","https://www.coe.int/en/web/cpt/greece","https://www.coe.int/en/web/cpt/about-the-cpt","2026-07-19",""
