dept_code,name,city_display,nuts3,field,vac_2019,vac_2025,fill_2019,fill_2025,d_vac,d_fill
129,ΑΓΓΛΙΚΗΣ ΓΛΩΣΣΑΣ ΚΑΙ ΦΙΛΟΛΟΓΙΑΣ (ΘΕΣΣΑΛΟΝΙΚΗ),Θεσσαλονίκη,EL522,1ο,0.0,0.0,1.0,1.0,0.0,0.0
231,ΑΡΧΙΤΕΚΤΟΝΩΝ ΜΗΧΑΝΙΚΩΝ (ΑΘΗΝΑ),Αθήνα,EL303,2ο,0.0,0.0,1.0,1.0,0.0,0.0
295,ΙΑΤΡΙΚΗΣ (ΑΘΗΝΑ),Αθήνα,EL303,3ο,0.0,0.0,1.0,1.0,0.0,0.0
127,ΑΓΓΛΙΚΗΣ ΓΛΩΣΣΑΣ ΚΑΙ ΦΙΛΟΛΟΓΙΑΣ (ΑΘΗΝΑ),Αθήνα,EL303,1ο,0.0,0.0,1.0,1.0,0.0,0.0
297,ΙΑΤΡΙΚΗΣ (ΘΕΣΣΑΛΟΝΙΚΗ),Θεσσαλονίκη,EL522,3ο,0.0,0.0,1.0,1.0,0.0,0.0
299,ΙΑΤΡΙΚΗΣ (ΠΑΤΡΑ),Πάτρα,EL632,3ο,0.0,0.0,1.0,1.0,0.0,0.0
217,ΗΛΕΚΤΡΟΛΟΓΩΝ ΜΗΧΑΝΙΚΩΝ ΚΑΙ ΜΗΧΑΝΙΚΩΝ ΥΠΟΛΟΓΙΣΤΩΝ (ΑΘΗΝΑ),Αθήνα,EL303,2ο,0.0,0.0,1.0,1.0,0.0,0.0
301,ΙΑΤΡΙΚΗΣ (ΙΩΑΝΝΙΝΑ),Ιωάννινα,EL543,3ο,0.0,0.0,1.0,1.0,0.0,0.0
300,ΙΑΤΡΙΚΗΣ (ΛΑΡΙΣΑ),Λάρισα,EL612,3ο,0.0,0.0,1.0,1.0,0.0,0.0
304,ΙΑΤΡΙΚΗΣ (ΗΡΑΚΛΕΙΟ),Ηράκλειο,EL431,3ο,0.0,0.0,1.0,1.0,0.0,0.0
355,ΔΙΕΘΝΩΝ ΚΑΙ ΕΥΡΩΠΑΪΚΩΝ ΣΠΟΥΔΩΝ (ΠΕΙΡΑΙΑΣ),Πειραιάς,EL307,4ο,0.0,0.0,1.0,1.0,0.0,0.0
302,ΙΑΤΡΙΚΗΣ (ΑΛΕΞΑΝΔΡΟΥΠΟΛΗ),Αλεξανδρούπολη,EL511,3ο,0.0,0.0,1.0,1.0,0.0,0.0
303,ΟΔΟΝΤΙΑΤΡΙΚΗΣ (ΑΘΗΝΑ),Αθήνα,EL303,3ο,0.0,0.0,1.0,1.0,0.0,0.0
209,ΜΗΧΑΝΟΛΟΓΩΝ ΜΗΧΑΝΙΚΩΝ (ΑΘΗΝΑ),Αθήνα,EL303,2ο,0.0,0.0,1.0,1.0,0.0,0.0
117,ΝΟΜΙΚΗΣ (ΑΘΗΝΑ),Αθήνα,EL303,1ο,0.0,0.0,1.0,1.0,0.0,0.0
305,ΟΔΟΝΤΙΑΤΡΙΚΗΣ (ΘΕΣΣΑΛΟΝΙΚΗ),Θεσσαλονίκη,EL522,3ο,0.0,0.0,1.0,1.0,0.0,0.0
240,ΔΙΟΙΚΗΤΙΚΗΣ ΕΠΙΣΤΗΜΗΣ ΚΑΙ ΤΕΧΝΟΛΟΓΙΑΣ (ΑΘΗΝΑ),Αθήνα,EL303,4ο,0.0,0.0,1.0,1.0,0.0,0.0
289,ΦΑΡΜΑΚΕΥΤΙΚΗΣ (ΑΘΗΝΑ),Αθήνα,EL303,3ο,0.0,0.0,1.0,1.0,0.0,0.0
119,ΝΟΜΙΚΗΣ (ΘΕΣΣΑΛΟΝΙΚΗ),Θεσσαλονίκη,EL522,1ο,0.0,0.0,1.0,1.0,0.0,0.0
291,ΦΑΡΜΑΚΕΥΤΙΚΗΣ (ΘΕΣΣΑΛΟΝΙΚΗ),Θεσσαλονίκη,EL522,3ο,0.0,0.0,1.0,1.0,0.0,0.0
307,ΚΤΗΝΙΑΤΡΙΚΗΣ (ΘΕΣΣΑΛΟΝΙΚΗ),Θεσσαλονίκη,EL522,3ο,0.0,0.0,1.0,1.0,0.0,0.0
277,ΒΙΟΛΟΓΙΑΣ (ΑΘΗΝΑ),Αθήνα,EL303,3ο,0.0,0.0,1.0,1.0,0.0,0.0
229,ΝΑΥΠΗΓΩΝ ΜΗΧΑΝΟΛΟΓΩΝ ΜΗΧΑΝΙΚΩΝ (ΑΘΗΝΑ),Αθήνα,EL303,2ο,0.0,0.0,1.0,1.0,0.0,0.0
171,ΨΥΧΟΛΟΓΙΑΣ (ΑΘΗΝΑ) - ΕΚΠΑ,Αθήνα,EL303,1ο,0.0,0.0,1.0,1.0,0.0,0.0
179,"ΔΙΕΘΝΩΝ ΚΑΙ ΕΥΡΩΠΑΪΚΩΝ ΣΠΟΥΔΩΝ (ΑΘΗΝΑ) (Μετονομασία του Τμήματος ΔΙΕΘΝΩΝ, ΕΥΡΩΠΑΪΚΩΝ ΚΑΙ ΠΕΡΙΦΕΡΕΙΑΚΩΝ ΣΠΟΥΔΩΝ)",Αθήνα,EL303,4ο,0.0,0.0,1.0,1.0,0.0,0.0
293,ΦΑΡΜΑΚΕΥΤΙΚΗΣ (ΠΑΤΡΑ),Πάτρα,EL632,3ο,0.0,0.0,1.0,1.0,0.0,0.0
219,ΗΛΕΚΤΡΟΛΟΓΩΝ ΜΗΧΑΝΙΚΩΝ ΚΑΙ ΜΗΧΑΝΙΚΩΝ ΥΠΟΛΟΓΙΣΤΩΝ (ΘΕΣΣΑΛΟΝΙΚΗ),Θεσσαλονίκη,EL522,2ο,0.0,0.0,1.0,1.0,0.0,0.0
172,ΨΥΧΟΛΟΓΙΑΣ (ΘΕΣΣΑΛΟΝΙΚΗ),Θεσσαλονίκη,EL522,1ο,0.0,0.0,1.0,1.0,0.0,0.0
401,ΕΠΙΣΤΗΜΗΣ ΦΥΣΙΚΗΣ ΑΓΩΓΗΣ ΚΑΙ ΑΘΛΗΤΙΣΜΟΥ (ΑΘΗΝΑ),Αθήνα,EL303,4ο,0.0,0.0,1.0,1.0,0.0,0.0
235,ΧΗΜΙΚΩΝ ΜΗΧΑΝΙΚΩΝ (ΑΘΗΝΑ),Αθήνα,EL303,2ο,0.0,0.0,1.0,1.0,0.0,0.0
279,ΒΙΟΛΟΓΙΑΣ (ΘΕΣΣΑΛΟΝΙΚΗ),Θεσσαλονίκη,EL522,3ο,0.0,0.0,1.0,1.0,0.0,0.0
308,ΚΤΗΝΙΑΤΡΙΚΗΣ (ΚΑΡΔΙΤΣΑ),Καρδίτσα,EL611,3ο,0.0,0.0,1.0,1.0,0.0,0.0
263,ΧΗΜΕΙΑΣ (ΑΘΗΝΑ),Αθήνα,EL303,3ο,0.0,0.0,1.0,1.0,0.0,0.0
170,ΨΥΧΟΛΟΓΙΑΣ (ΑΘΗΝΑ) - ΠΑΝΤΕΙΟ,Αθήνα,EL303,1ο,0.0,0.0,1.0,1.0,0.0,0.0
121,ΝΟΜΙΚΗΣ (ΚΟΜΟΤΗΝΗ),Κομοτηνή,EL513,1ο,0.0,0.0,1.0,1.0,0.0,0.0
281,ΒΙΟΛΟΓΙΑΣ (ΠΑΤΡΑ),Πάτρα,EL632,3ο,0.0,0.0,1.0,1.0,0.0,0.0
211,ΜΗΧΑΝΟΛΟΓΩΝ ΜΗΧΑΝΙΚΩΝ (ΘΕΣΣΑΛΟΝΙΚΗ),Θεσσαλονίκη,EL522,2ο,0.0,0.0,1.0,1.0,0.0,0.0
1251,ΨΥΧΟΛΟΓΙΑΣ (ΙΩΑΝΝΙΝΑ),Ιωάννινα,EL543,1ο,0.0,0.0,1.0,1.0,0.0,0.0
282,ΒΙΟΛΟΓΙΑΣ (ΗΡΑΚΛΕΙΟ),Ηράκλειο,EL431,3ο,0.0,0.0,1.0,1.0,0.0,0.0
403,ΕΠΙΣΤΗΜΗΣ ΦΥΣΙΚΗΣ ΑΓΩΓΗΣ ΚΑΙ ΑΘΛΗΤΙΣΜΟΥ (ΘΕΣΣΑΛΟΝΙΚΗ),Θεσσαλονίκη,EL522,4ο,0.0,0.0,1.0,1.0,0.0,0.0
330,ΠΛΗΡΟΦΟΡΙΚΗΣ ΚΑΙ ΤΗΛΕΠΙΚΟΙΝΩΝΙΩΝ (ΑΘΗΝΑ),Αθήνα,EL303,4ο,0.0,0.0,1.0,1.0,0.0,0.0
290,ΜΟΡΙΑΚΗΣ ΒΙΟΛΟΓΙΑΣ ΚΑΙ ΓΕΝΕΤΙΚΗΣ (ΑΛΕΞΑΝΔΡΟΥΠΟΛΗ),Αλεξανδρούπολη,EL511,3ο,0.0,0.0,1.0,1.0,0.0,0.0
294,ΕΠΙΣΤΗΜΗΣ ΔΙΑΙΤΟΛΟΓΙΑΣ ΚΑΙ ΔΙΑΤΡΟΦΗΣ (ΑΘΗΝΑ),Αθήνα,EL303,3ο,0.0,0.0,1.0,1.0,0.0,0.0
233,ΑΡΧΙΤΕΚΤΟΝΩΝ ΜΗΧΑΝΙΚΩΝ (ΘΕΣΣΑΛΟΝΙΚΗ),Θεσσαλονίκη,EL522,2ο,0.0,0.0,1.0,1.0,0.0,0.0
161,ΔΙΕΘΝΩΝ ΚΑΙ ΕΥΡΩΠΑΪΚΩΝ ΣΠΟΥΔΩΝ (ΘΕΣΣΑΛΟΝΙΚΗ),Θεσσαλονίκη,EL522,4ο,0.0,0.0,1.0,1.0,0.0,0.0
265,ΧΗΜΕΙΑΣ (ΘΕΣΣΑΛΟΝΙΚΗ),Θεσσαλονίκη,EL522,3ο,0.0,0.0,1.0,1.0,0.0,0.0
151,ΨΥΧΟΛΟΓΙΑΣ (ΡΕΘΥΜΝΟ),Ρέθυμνο,EL433,1ο,0.0,0.0,1.0,1.0,0.0,0.0
148,ΕΠΙΚΟΙΝΩΝΙΑΣ ΚΑΙ ΜΕΣΩΝ ΜΑΖΙΚΗΣ ΕΝΗΜΕΡΩΣΗΣ (ΑΘΗΝΑ),Αθήνα,EL303,1ο,0.0,0.0,1.0,1.0,0.0,0.0
213,ΜΗΧΑΝΟΛΟΓΩΝ ΚΑΙ ΑΕΡΟΝΑΥΠΗΓΩΝ ΜΗΧΑΝΙΚΩΝ - ΠΑΝ. ΠΑΤΡΩΝ (ΠΑΤΡΑ),Πάτρα,EL632,2ο,0.0,0.0,1.0,1.0,0.0,0.0
284,ΒΙΟΧΗΜΕΙΑΣ ΚΑΙ ΒΙΟΤΕΧΝΟΛΟΓΙΑΣ (ΛΑΡΙΣΑ),Λάρισα,EL612,3ο,0.0,0.0,1.0,1.0,0.0,0.0
338,ΠΛΗΡΟΦΟΡΙΚΗΣ (ΘΕΣΣΑΛΟΝΙΚΗ),Θεσσαλονίκη,EL522,4ο,0.0,0.0,1.0,1.0,0.0,0.0
1550,ΨΥΧΟΛΟΓΙΑΣ (ΦΛΩΡΙΝΑ),Φλώρινα,EL533,1ο,0.0,0.0,1.0,1.0,0.0,0.0
280,ΒΙΟΛΟΓΙΚΩΝ ΕΦΑΡΜΟΓΩΝ ΚΑΙ ΤΕΧΝΟΛΟΓΙΩΝ (ΙΩΑΝΝΙΝΑ),Ιωάννινα,EL543,3ο,0.0,0.0,1.0,1.0,0.0,0.0
267,ΧΗΜΕΙΑΣ (ΠΑΤΡΑ),Πάτρα,EL632,3ο,0.0,0.0,1.0,1.0,0.0,0.0
325,ΒΙΟΤΕΧΝΟΛΟΓΙΑΣ (ΑΘΗΝΑ),Αθήνα,EL303,3ο,0.0,0.0,1.0,1.0,0.0,0.0
237,ΧΗΜΙΚΩΝ ΜΗΧΑΝΙΚΩΝ (ΘΕΣΣΑΛΟΝΙΚΗ),Θεσσαλονίκη,EL522,2ο,0.0,0.0,1.0,1.0,0.0,0.0
333,ΠΛΗΡΟΦΟΡΙΚΗΣ (ΑΘΗΝΑ),Αθήνα,EL303,4ο,0.0,0.0,1.0,1.0,0.0,0.0
221,ΗΛΕΚΤΡΟΛΟΓΩΝ ΜΗΧΑΝΙΚΩΝ ΚΑΙ ΤΕΧΝΟΛΟΓΙΑΣ ΥΠΟΛΟΓΙΣΤΩΝ - ΠΑΝ. ΠΑΤΡΩΝ (ΠΑΤΡΑ),Πάτρα,EL632,2ο,0.0,0.0,1.0,1.0,0.0,0.0
201,ΠΟΛΙΤΙΚΩΝ ΜΗΧΑΝΙΚΩΝ (ΑΘΗΝΑ),Αθήνα,EL303,2ο,0.0,0.0,1.0,1.0,0.0,0.0
347,ΛΟΓΙΣΤΙΚΗΣ ΚΑΙ ΧΡΗΜΑΤΟΟΙΚΟΝΟΜΙΚΗΣ (ΑΘΗΝΑ),Αθήνα,EL303,4ο,0.0,0.0,1.0,1.0,0.0,0.0
269,ΧΗΜΕΙΑΣ (ΙΩΑΝΝΙΝΑ),Ιωάννινα,EL543,3ο,0.0,0.0,1.0,1.0,0.0,0.0
270,ΧΗΜΕΙΑΣ (ΗΡΑΚΛΕΙΟ),Ηράκλειο,EL431,3ο,0.0,0.0,1.0,1.0,0.0,0.0
683,ΦΥΣΙΚΟΘΕΡΑΠΕΙΑΣ (ΑΙΓΑΛΕΩ),Αιγάλεω,EL302,3ο,0.0,0.0,1.0,1.0,0.0,0.0
123,ΠΟΛΙΤΙΚΗΣ ΕΠΙΣΤΗΜΗΣ ΚΑΙ ΔΗΜΟΣΙΑΣ ΔΙΟΙΚΗΣΗΣ (ΑΘΗΝΑ),Αθήνα,EL303,1ο,0.0,0.0,1.0,1.0,0.0,0.0
153,"ΕΠΙΚΟΙΝΩΝΙΑΣ, ΜΕΣΩΝ ΚΑΙ ΠΟΛΙΤΙΣΜΟΥ (ΑΘΗΝΑ)",Αθήνα,EL303,1ο,0.0,0.0,1.0,1.0,0.0,0.0
332,ΜΗΧΑΝΟΛΟΓΩΝ ΜΗΧΑΝΙΚΩΝ (ΒΟΛΟΣ),Βόλος,EL613,2ο,0.0,0.0,1.0,1.0,0.0,0.0
313,ΟΡΓΑΝΩΣΗΣ ΚΑΙ ΔΙΟΙΚΗΣΗΣ ΕΠΙΧΕΙΡΗΣΕΩΝ (ΑΘΗΝΑ),Αθήνα,EL303,4ο,0.0,0.0,1.0,1.0,0.0,0.0
306,ΝΟΣΗΛΕΥΤΙΚΗΣ (ΑΘΗΝΑ),Αθήνα,EL303,3ο,0.0,0.5149253731343284,1.0,0.4851,0.5149253731343284,-0.5149
671,ΚΟΙΝΩΝΙΚΗΣ ΕΡΓΑΣΙΑΣ (ΑΙΓΑΛΕΩ),Αιγάλεω,EL302,1ο,0.0,0.0,1.0,1.0,0.0,0.0
385,ΞΕΝΩΝ ΓΛΩΣΣΩΝ ΜΕΤΑΦΡΑΣΗΣ ΚΑΙ ΔΙΕΡΜΗΝΕΙΑΣ (ΚΕΡΚΥΡΑ),Κέρκυρα,EL622,1ο,0.0,0.2755102040816326,1.0,0.7245,0.2755102040816326,-0.27549999999999997
339,ΠΛΗΡΟΦΟΡΙΚΗΣ (ΠΕΙΡΑΙΑΣ),Πειραιάς,EL307,4ο,0.0,0.0,1.0,1.0,0.0,0.0
157,ΝΑΥΤΙΛΙΑΚΩΝ ΣΠΟΥΔΩΝ (ΠΕΙΡΑΙΑΣ),Πειραιάς,EL307,4ο,0.0,0.0,1.0,1.0,0.0,0.0
1616,ΦΥΣΙΚΟΘΕΡΑΠΕΙΑΣ (ΘΕΣΣΑΛΟΝΙΚΗ),Θεσσαλονίκη,EL522,3ο,0.0,0.0,1.0,1.0,0.0,0.0
147,ΔΗΜΟΣΙΟΓΡΑΦΙΑΣ ΚΑΙ ΜΕΣΩΝ ΜΑΖΙΚΗΣ ΕΠΙΚΟΙΝΩΝΙΑΣ (ΘΕΣΣΑΛΟΝΙΚΗ),Θεσσαλονίκη,EL522,1ο,0.0,0.0,1.0,1.0,0.0,0.0
239,ΧΗΜΙΚΩΝ ΜΗΧΑΝΙΚΩΝ (ΠΑΤΡΑ),Πάτρα,EL632,2ο,0.0,0.0,1.0,1.0,0.0,0.0
1629,ΧΗΜΕΙΑΣ (ΚΑΒΑΛΑ),Καβάλα,EL515,3ο,0.0,0.0,1.0,1.0,0.0,0.0
680,ΕΡΓΟΘΕΡΑΠΕΙΑΣ (ΑΙΓΑΛΕΩ),Αιγάλεω,EL302,3ο,0.0,0.06930693069306931,1.0,0.9307,0.06930693069306931,-0.06930000000000003
405,ΕΠΙΣΤΗΜΗΣ ΦΥΣΙΚΗΣ ΑΓΩΓΗΣ ΚΑΙ ΑΘΛΗΤΙΣΜΟΥ (ΤΡΙΚΑΛΑ),Τρίκαλα,EL611,4ο,0.0,0.0,1.0,1.0,0.0,0.0
174,ΕΚΠΑΙΔΕΥΤΙΚΗΣ ΚΑΙ ΚΟΙΝΩΝΙΚΗΣ ΠΟΛΙΤΙΚΗΣ (ΘΕΣΣΑΛΟΝΙΚΗ),Θεσσαλονίκη,EL522,1ο,0.0,0.07042253521126761,1.0,0.9296,0.07042253521126761,-0.07040000000000002
328,ΕΠΙΣΤΗΜΗΣ ΤΡΟΦΙΜΩΝ ΚΑΙ ΔΙΑΤΡΟΦΗΣ ΤΟΥ ΑΝΘΡΩΠΟΥ (ΑΘΗΝΑ),Αθήνα,EL303,3ο,0.0,0.25961538461538464,1.0,0.7404,0.25961538461538464,-0.25960000000000005
1211,ΕΦΑΡΜΟΣΜΕΝΗΣ ΠΛΗΡΟΦΟΡΙΚΗΣ - ΕΠΙΣΤΗΜΗ ΚΑΙ ΤΕΧΝΟΛΟΓΙΑ ΥΠΟΛΟΓΙΣΤΩΝ (ΘΕΣΣΑΛΟΝΙΚΗ),Θεσσαλονίκη,EL522,4ο,0.0,0.0,1.0,1.0,0.0,0.0
128,ΠΑΙΔΑΓΩΓΙΚΟ ΔΗΜΟΤΙΚΗΣ ΕΚΠΑΙΔΕΥΣΗΣ (ΑΘΗΝΑ),Αθήνα,EL303,4ο,0.0,0.0,1.0,1.0,0.0,0.0
312,ΟΙΚΟΝΟΜΙΚΗΣ ΕΠΙΣΤΗΜΗΣ (ΑΘΗΝΑ),Αθήνα,EL303,4ο,0.0,0.0,1.0,1.0,0.0,0.0
178,ΠΑΙΔΑΓΩΓΙΚΟ ΕΙΔΙΚΗΣ ΑΓΩΓΗΣ (ΒΟΛΟΣ),Βόλος,EL613,4ο,0.0,0.0,1.0,1.0,0.0,0.0
220,ΗΛΕΚΤΡΟΛΟΓΩΝ ΜΗΧΑΝΙΚΩΝ ΚΑΙ ΜΗΧΑΝΙΚΩΝ ΥΠΟΛΟΓΙΣΤΩΝ (ΒΟΛΟΣ),Βόλος,EL613,2ο,0.0,0.0,1.0,1.0,0.0,0.0
1212,ΕΦΑΡΜΟΣΜΕΝΗΣ ΠΛΗΡΟΦΟΡΙΚΗΣ - ΠΛΗΡΟΦΟΡΙΑΚΑ ΣΥΣΤΗΜΑΤΑ (ΘΕΣΣΑΛΟΝΙΚΗ),Θεσσαλονίκη,EL522,4ο,0.0,0.0,1.0,1.0,0.0,0.0
232,ΑΡΧΙΤΕΚΤΟΝΩΝ ΜΗΧΑΝΙΚΩΝ (ΠΑΤΡΑ),Πάτρα,EL632,2ο,0.0,0.5,1.0,0.5,0.5,-0.5
357,ΠΟΛΙΤΙΚΩΝ ΕΠΙΣΤΗΜΩΝ (ΘΕΣΣΑΛΟΝΙΚΗ),Θεσσαλονίκη,EL522,1ο,0.0,0.0,1.0,1.0,0.0,0.0
253,ΦΥΣΙΚΗΣ (ΑΘΗΝΑ),Αθήνα,EL303,2ο,0.0,0.592814371257485,1.0,0.4072,0.592814371257485,-0.5928
246,ΕΦΑΡΜΟΣΜΕΝΩΝ ΜΑΘΗΜΑΤΙΚΩΝ ΚΑΙ ΦΥΣΙΚΩΝ ΕΠΙΣΤΗΜΩΝ (ΑΘΗΝΑ),Αθήνα,EL303,2ο,0.0,0.0,1.0,1.0,0.0,0.0
110,ΙΣΤΟΡΙΑΣ ΚΑΙ ΑΡΧΑΙΟΛΟΓΙΑΣ (ΑΘΗΝΑ),Αθήνα,EL303,1ο,0.0,0.116751269035533,1.0,0.8832,0.116751269035533,-0.11680000000000001
140,ΠΑΙΔΑΓΩΓΙΚΟ ΔΗΜΟΤΙΚΗΣ ΕΚΠΑΙΔΕΥΣΗΣ (ΘΕΣΣΑΛΟΝΙΚΗ),Θεσσαλονίκη,EL522,4ο,0.0,0.0,1.0,1.0,0.0,0.0
1613,ΕΠΙΣΤΗΜΩΝ ΔΙΑΤΡΟΦΗΣ ΚΑΙ ΔΙΑΙΤΟΛΟΓΙΑΣ (ΘΕΣΣΑΛΟΝΙΚΗ),Θεσσαλονίκη,EL522,3ο,0.0,0.0,1.0,1.0,0.0,0.0
126,ΚΟΙΝΩΝΙΟΛΟΓΙΑΣ (ΑΘΗΝΑ) - ΠΑΝΤΕΙΟ,Αθήνα,EL303,1ο,0.0,0.0,1.0,1.0,0.0,0.0
412,ΠΛΗΡΟΦΟΡΙΚΗΣ ΚΑΙ ΤΗΛΕΜΑΤΙΚΗΣ (ΑΘΗΝΑ),Αθήνα,EL303,4ο,0.0,0.0,1.0,1.0,0.0,0.0
154,ΕΚΠΑΙΔΕΥΣΗΣ ΚΑΙ ΑΓΩΓΗΣ ΣΤΗΝ ΠΡΟΣΧΟΛΙΚΗ ΗΛΙΚΙΑ (ΑΘΗΝΑ),Αθήνα,EL303,4ο,0.0,0.0,1.0,1.0,0.0,0.0
402,ΕΠΙΣΤΗΜΗΣ ΦΥΣΙΚΗΣ ΑΓΩΓΗΣ ΚΑΙ ΑΘΛΗΤΙΣΜΟΥ (ΣΕΡΡΕΣ),Σέρρες,EL526,4ο,0.0,0.0,1.0,1.0,0.0,0.0
337,ΛΟΓΙΣΤΙΚΗΣ ΚΑΙ ΧΡΗΜΑΤΟΟΙΚΟΝΟΜΙΚΗΣ (ΘΕΣΣΑΛΟΝΙΚΗ),Θεσσαλονίκη,EL522,4ο,0.0,0.0,1.0,1.0,0.0,0.0
331,ΗΛΕΚΤΡΟΛΟΓΩΝ ΜΗΧΑΝΙΚΩΝ ΚΑΙ ΜΗΧΑΝΙΚΩΝ ΥΠΟΛΟΓΙΣΤΩΝ (ΧΑΝΙΑ),Χανιά,EL434,2ο,0.0,0.34,1.0,0.66,0.34,-0.33999999999999997
1006,ΚΟΙΝΩΝΙΟΛΟΓΙΑΣ (ΑΘΗΝΑ) - ΕΚΠΑ,Αθήνα,EL303,1ο,0.0,0.0,1.0,1.0,0.0,0.0
112,ΙΣΤΟΡΙΑΣ ΚΑΙ ΑΡΧΑΙΟΛΟΓΙΑΣ (ΘΕΣΣΑΛΟΝΙΚΗ),Θεσσαλονίκη,EL522,1ο,0.0,0.4394904458598726,1.0,0.5605,0.4394904458598726,-0.4395
210,ΜΗΧΑΝΟΛΟΓΩΝ ΜΗΧΑΝΙΚΩΝ (ΚΟΖΑΝΗ),Κοζάνη,EL531,2ο,0.0,0.3640776699029126,1.0,0.6359,0.3640776699029126,-0.3641
223,ΗΛΕΚΤΡΟΛΟΓΩΝ ΜΗΧΑΝΙΚΩΝ ΚΑΙ ΜΗΧΑΝΙΚΩΝ ΥΠΟΛΟΓΙΣΤΩΝ (ΞΑΝΘΗ),Ξάνθη,EL512,2ο,0.0,0.24096385542168675,1.0,0.759,0.24096385542168675,-0.241
375,ΤΟΥΡΙΣΤΙΚΩΝ ΣΠΟΥΔΩΝ (ΠΕΙΡΑΙΑΣ),Πειραιάς,EL307,4ο,0.0,0.0,1.0,1.0,0.0,0.0
125,ΠΟΛΙΤΙΚΗΣ ΕΠΙΣΤΗΜΗΣ ΚΑΙ ΙΣΤΟΡΙΑΣ (ΑΘΗΝΑ),Αθήνα,EL303,1ο,0.0,0.0,1.0,1.0,0.0,0.0
109,ΦΙΛΟΛΟΓΙΑΣ (ΑΘΗΝΑ),Αθήνα,EL303,1ο,0.0,0.06060606060606061,1.0,0.9394,0.06060606060606061,-0.06059999999999999
216,ΕΠΙΣΤΗΜΗΣ ΥΠΟΛΟΓΙΣΤΩΝ (ΗΡΑΚΛΕΙΟ),Ηράκλειο,EL431,4ο,0.0,0.0,1.0,1.0,0.0,0.0
1438,ΦΥΣΙΚΟΘΕΡΑΠΕΙΑΣ (ΛΑΜΙΑ),Λαμία,EL644,3ο,0.0,0.808695652173913,1.0,0.1913,0.808695652173913,-0.8087
273,ΓΕΩΠΟΝΙΑΣ (ΘΕΣΣΑΛΟΝΙΚΗ) - ΑΠΘ,Θεσσαλονίκη,EL522,3ο,0.0,0.6683937823834197,1.0,0.3316,0.6683937823834197,-0.6684
678,ΒΙΟΪΑΤΡΙΚΩΝ ΕΠΙΣΤΗΜΩΝ (ΑΙΓΑΛΕΩ),Αιγάλεω,EL302,3ο,0.0,0.0,1.0,1.0,0.0,0.0
681,ΜΑΙΕΥΤΙΚΗΣ (ΑΙΓΑΛΕΩ),Αιγάλεω,EL302,3ο,0.0,0.36893203883495146,1.0,0.6311,0.36893203883495146,-0.3689
404,ΕΠΙΣΤΗΜΗΣ ΦΥΣΙΚΗΣ ΑΓΩΓΗΣ ΚΑΙ ΑΘΛΗΤΙΣΜΟΥ (ΚΟΜΟΤΗΝΗ),Κομοτηνή,EL513,4ο,0.0,0.0,1.0,1.0,0.0,0.0
243,ΜΑΘΗΜΑΤΙΚΩΝ (ΑΘΗΝΑ),Αθήνα,EL303,2ο,0.0,0.5659340659340659,1.0,0.4341,0.5659340659340659,-0.5659000000000001
1286,ΕΠΙΣΤΗΜΩΝ ΤΗΣ ΕΚΠΑΙΔΕΥΣΗΣ ΚΑΙ ΚΟΙΝΩΝΙΚΗΣ ΕΡΓΑΣΙΑΣ (ΠΑΤΡΑ),Πάτρα,EL632,4ο,0.0,0.0,1.0,1.0,0.0,0.0
1301,ΚΟΙΝΩΝΙΚΗΣ ΕΡΓΑΣΙΑΣ (ΚΟΜΟΤΗΝΗ),Κομοτηνή,EL513,1ο,0.0,0.0,1.0,1.0,0.0,0.0
1615,ΒΙΟΪΑΤΡΙΚΩΝ ΕΠΙΣΤΗΜΩΝ (ΘΕΣΣΑΛΟΝΙΚΗ),Θεσσαλονίκη,EL522,3ο,0.0,0.3958333333333333,1.0,0.6042,0.3958333333333333,-0.39580000000000004
1558,ΕΡΓΟΘΕΡΑΠΕΙΑΣ (ΠΤΟΛΕΜΑΪΔΑ),Πτολεμαΐδα,EL531,3ο,0.0,0.0,1.0,1.0,0.0,0.0
155,ΧΡΗΜΑΤΟΟΙΚΟΝΟΜΙΚΗΣ ΚΑΙ ΤΡΑΠΕΖΙΚΗΣ ΔΙΟΙΚΗΤΙΚΗΣ (ΠΕΙΡΑΙΑΣ),Πειραιάς,EL307,4ο,0.0,0.0,1.0,1.0,0.0,0.0
262,ΨΗΦΙΑΚΩΝ ΣΥΣΤΗΜΑΤΩΝ (ΠΕΙΡΑΙΑΣ),Πειραιάς,EL307,4ο,0.0,0.0,1.0,1.0,0.0,0.0
203,ΠΟΛΙΤΙΚΩΝ ΜΗΧΑΝΙΚΩΝ (ΘΕΣΣΑΛΟΝΙΚΗ),Θεσσαλονίκη,EL522,2ο,0.0,0.0,1.0,1.0,0.0,0.0
314,ΜΑΡΚΕΤΙΝΓΚ ΚΑΙ ΕΠΙΚΟΙΝΩΝΙΑΣ (ΑΘΗΝΑ),Αθήνα,EL303,4ο,0.0,0.0,1.0,1.0,0.0,0.0
111,ΦΙΛΟΛΟΓΙΑΣ (ΘΕΣΣΑΛΟΝΙΚΗ),Θεσσαλονίκη,EL522,1ο,0.0,0.11475409836065574,1.0,0.8852,0.11475409836065574,-0.11480000000000001
409,ΜΟΥΣΙΚΗΣ ΕΠΙΣΤΗΜΗΣ ΚΑΙ ΤΕΧΝΗΣ (ΘΕΣΣΑΛΟΝΙΚΗ),Θεσσαλονίκη,EL522,1ο,,0.3493975903614458,1.0123,0.6506,,-0.3617
1273,ΦΥΣΙΚΟΘΕΡΑΠΕΙΑΣ (ΠΑΤΡΑ),Πάτρα,EL632,3ο,0.0,0.2676056338028169,1.0,0.7324,0.2676056338028169,-0.26759999999999995
164,ΠΑΙΔΑΓΩΓΙΚΟ ΔΗΜΟΤΙΚΗΣ ΕΚΠΑΙΔΕΥΣΗΣ (ΒΟΛΟΣ),Βόλος,EL613,4ο,0.0,0.0,1.0,1.0,0.0,0.0
255,ΦΥΣΙΚΗΣ (ΘΕΣΣΑΛΟΝΙΚΗ),Θεσσαλονίκη,EL522,2ο,0.0,0.6875,1.0,0.3125,0.6875,-0.6875
684,ΕΠΙΣΤΗΜΗΣ ΚΑΙ ΤΕΧΝΟΛΟΓΙΑΣ ΤΡΟΦΙΜΩΝ (ΑΙΓΑΛΕΩ),Αιγάλεω,EL302,3ο,0.0,0.0,1.0,1.0,0.0,0.0
241,ΜΕΤΑΛΛΕΙΟΛΟΓΩΝ - ΜΕΤΑΛΛΟΥΡΓΩΝ ΜΗΧΑΝΙΚΩΝ (ΑΘΗΝΑ),Αθήνα,EL303,2ο,0.0,0.0,1.0,1.0,0.0,0.0
124,ΔΗΜΟΣΙΑΣ ΔΙΟΙΚΗΣΗΣ (ΑΘΗΝΑ),Αθήνα,EL303,4ο,0.0,0.0,1.0,1.0,0.0,0.0
1563,ΧΗΜΙΚΩΝ ΜΗΧΑΝΙΚΩΝ (ΚΟΖΑΝΗ),Κοζάνη,EL531,2ο,0.0,0.3333333333333333,1.0,0.6667,0.3333333333333333,-0.33330000000000004
388,ΜΗΧΑΝΙΚΩΝ ΒΙΟΪΑΤΡΙΚΗΣ (ΑΙΓΑΛΕΩ),Αιγάλεω,EL302,3ο,0.0,0.0,1.0,1.0,0.0,0.0
316,ΟΡΓΑΝΩΣΗΣ ΚΑΙ ΔΙΟΙΚΗΣΗΣ ΕΠΙΧΕΙΡΗΣΕΩΝ (ΠΕΙΡΑΙΑΣ),Πειραιάς,EL307,4ο,0.0,0.0,1.0,1.0,0.0,0.0
317,ΟΙΚΟΝΟΜΙΚΩΝ ΕΠΙΣΤΗΜΩΝ (ΘΕΣΣΑΛΟΝΙΚΗ) - ΠΑΝ. ΜΑΚΕΔ.,Θεσσαλονίκη,EL522,4ο,0.0,0.0,1.0,1.0,0.0,0.0
323,ΕΠΙΣΤΗΜΗΣ ΦΥΤΙΚΗΣ ΠΑΡΑΓΩΓΗΣ (ΑΘΗΝΑ),Αθήνα,EL303,3ο,0.0,0.9347826086956522,1.0,0.0652,0.9347826086956522,-0.9348
682,ΝΟΣΗΛΕΥΤΙΚΗΣ (ΑΙΓΑΛΕΩ),Αιγάλεω,EL302,3ο,0.0,0.581151832460733,1.0,0.4188,0.581151832460733,-0.5811999999999999
236,ΑΡΧΙΤΕΚΤΟΝΩΝ ΜΗΧΑΝΙΚΩΝ (ΒΟΛΟΣ),Βόλος,EL613,2ο,0.0,0.0,1.0,1.0,0.0,0.0
215,ΜΗΧΑΝΙΚΩΝ ΗΛΕΚΤΡΟΝΙΚΩΝ ΥΠΟΛΟΓΙΣΤΩΝ ΚΑΙ ΠΛΗΡΟΦΟΡΙΚΗΣ (ΠΑΤΡΑ),Πάτρα,EL632,2ο,0.0,0.6989795918367347,1.0,0.301,0.6989795918367347,-0.6990000000000001
134,ΕΠΙΣΤΗΜΩΝ ΠΡΟΣΧΟΛΙΚΗΣ ΑΓΩΓΗΣ ΚΑΙ ΕΚΠΑΙΔΕΥΣΗΣ (ΘΕΣΣΑΛΟΝΙΚΗ),Θεσσαλονίκη,EL522,4ο,0.0,0.0,1.0,1.0,0.0,0.0
176,"ΒΑΛΚΑΝΙΚΩΝ, ΣΛΑΒΙΚΩΝ ΚΑΙ ΑΝΑΤΟΛΙΚΩΝ ΣΠΟΥΔΩΝ (ΘΕΣΣΑΛΟΝΙΚΗ)",Θεσσαλονίκη,EL522,4ο,0.0,0.3423913043478261,1.0,0.6576,0.3423913043478261,-0.34240000000000004
245,ΜΑΘΗΜΑΤΙΚΩΝ (ΘΕΣΣΑΛΟΝΙΚΗ),Θεσσαλονίκη,EL522,2ο,0.0,0.4117647058823529,1.0,0.5882,0.4117647058823529,-0.41180000000000005
1274,ΛΟΓΟΘΕΡΑΠΕΙΑΣ (ΠΑΤΡΑ),Πάτρα,EL632,3ο,0.0,0.0,1.0,1.0,0.0,0.0
165,ΚΟΙΝΩΝΙΚΗΣ ΑΝΘΡΩΠΟΛΟΓΙΑΣ (ΑΘΗΝΑ),Αθήνα,EL303,1ο,0.0,0.0,1.0,1.0,0.0,0.0
1520,ΦΥΣΙΚΟΘΕΡΑΠΕΙΑΣ (ΣΠΑΡΤΗ),Σπάρτη,EL653,3ο,0.0,0.0,1.0,1.0,0.0,0.0
1652,ΚΟΙΝΩΝΙΚΗΣ ΕΡΓΑΣΙΑΣ (ΗΡΑΚΛΕΙΟ),Ηράκλειο,EL431,1ο,0.0,0.0,1.0,1.0,0.0,0.0
1614,ΜΑΙΕΥΤΙΚΗΣ (ΘΕΣΣΑΛΟΝΙΚΗ),Θεσσαλονίκη,EL522,3ο,0.0,0.8556701030927835,1.0,0.1443,0.8556701030927835,-0.8557
315,ΟΙΚΟΝΟΜΙΚΗΣ ΕΠΙΣΤΗΜΗΣ (ΠΕΙΡΑΙΑΣ),Πειραιάς,EL307,4ο,0.0,0.0,1.0,1.0,0.0,0.0
130,ΠΑΙΔΑΓΩΓΙΚΟ ΔΗΜΟΤΙΚΗΣ ΕΚΠΑΙΔΕΥΣΗΣ (ΙΩΑΝΝΙΝΑ),Ιωάννινα,EL543,4ο,0.0,0.0,1.0,1.0,0.0,0.0
150,ΔΙΕΘΝΩΝ ΚΑΙ ΕΥΡΩΠΑΪΚΩΝ ΟΙΚΟΝΟΜΙΚΩΝ ΣΠΟΥΔΩΝ (ΑΘΗΝΑ),Αθήνα,EL303,4ο,0.0,0.0,1.0,1.0,0.0,0.0
1245,ΛΟΓΟΘΕΡΑΠΕΙΑΣ (ΙΩΑΝΝΙΝΑ),Ιωάννινα,EL543,3ο,0.0,0.1694915254237288,1.0,0.8305,0.1694915254237288,-0.16949999999999998
1564,ΗΛΕΚΤΡΟΛΟΓΩΝ ΜΗΧΑΝΙΚΩΝ ΚΑΙ ΜΗΧΑΝΙΚΩΝ ΥΠΟΛΟΓΙΣΤΩΝ (ΚΟΖΑΝΗ),Κοζάνη,EL531,2ο,0.0,0.0,1.0,1.0,0.0,0.0
192,ΡΩΣΙΚΗΣ ΓΛΩΣΣΑΣ ΚΑΙ ΦΙΛΟΛΟΓΙΑΣ ΚΑΙ ΣΛΑΒΙΚΩΝ ΣΠΟΥΔΩΝ (ΑΘΗΝΑ) - ΡΩΣΙΚΗΣ ΓΛΩΣΣΑΣ ΚΑΙ ΦΙΛΟΛΟΓΙΑΣ,Αθήνα,EL303,1ο,0.0,0.0,1.0,1.0,0.0,0.0
1618,ΝΟΣΗΛΕΥΤΙΚΗΣ (ΘΕΣΣΑΛΟΝΙΚΗ),Θεσσαλονίκη,EL522,3ο,0.0,0.0,1.0,1.0,0.0,0.0
390,ΜΗΧΑΝΙΚΩΝ ΠΛΗΡΟΦΟΡΙΚΗΣ ΚΑΙ ΥΠΟΛΟΓΙΣΤΩΝ (ΑΙΓΑΛΕΩ),Αιγάλεω,EL302,4ο,0.0,0.0,1.0,1.0,0.0,0.0
168,ΘΕΑΤΡΟΥ (ΘΕΣΣΑΛΟΝΙΚΗ),Θεσσαλονίκη,EL522,4ο,0.0,0.0,1.0,1.0,0.0,0.0
406,ΜΟΥΣΙΚΩΝ ΣΠΟΥΔΩΝ (ΘΕΣΣΑΛΟΝΙΚΗ),Θεσσαλονίκη,EL522,1ο,0.0,0.0,1.0,1.0,0.0,0.0
322,ΟΡΓΑΝΩΣΗΣ ΚΑΙ ΔΙΟΙΚΗΣΗΣ ΕΠΙΧΕΙΡΗΣΕΩΝ (ΘΕΣΣΑΛΟΝΙΚΗ),Θεσσαλονίκη,EL522,4ο,0.0,0.0,1.0,1.0,0.0,0.0
205,ΠΟΛΙΤΙΚΩΝ ΜΗΧΑΝΙΚΩΝ - ΠΑΝ. ΠΑΤΡΩΝ (ΠΑΤΡΑ),Πάτρα,EL632,2ο,0.0,0.14556962025316456,1.0,0.8544,0.14556962025316456,-0.14559999999999995
1426,ΔΙΑΙΤΟΛΟΓΙΑΣ ΚΑΙ ΔΙΑΤΡΟΦΟΛΟΓΙΑΣ (ΤΡΙΚΑΛΑ),Τρίκαλα,EL611,3ο,0.0,0.16326530612244897,1.0,0.8367,0.16326530612244897,-0.1633
673,ΑΓΩΓΗΣ ΚΑΙ ΦΡΟΝΤΙΔΑΣ ΣΤΗΝ ΠΡΩΙΜΗ ΠΑΙΔΙΚΗ ΗΛΙΚΙΑ (ΑΙΓΑΛΕΩ),Αιγάλεω,EL302,4ο,0.0,0.0,1.0,1.0,0.0,0.0
1007,ΠΑΙΔΑΓΩΓΙΚΟ ΔΕΥΤΕΡΟΒΑΘΜΙΑΣ ΕΚΠΑΙΔΕΥΣΗΣ (ΑΘΗΝΑ),Αθήνα,EL303,1ο,0.0,0.0,1.0,1.0,0.0,0.0
329,ΣΤΑΤΙΣΤΙΚΗΣ (ΑΘΗΝΑ),Αθήνα,EL303,4ο,0.0,0.0,1.0,1.0,0.0,0.0
120,ΦΙΛΟΣΟΦΙΑΣ ΚΑΙ ΠΑΙΔΑΓΩΓΙΚΗΣ (ΘΕΣΣΑΛΟΝΙΚΗ),Θεσσαλονίκη,EL522,1ο,0.0,0.0,1.0,1.0,0.0,0.0
1005,ΔΙΟΙΚΗΣΗΣ ΕΠΙΧΕΙΡΗΣΕΩΝ ΚΑΙ ΟΡΓΑΝΙΣΜΩΝ (ΑΘΗΝΑ),Αθήνα,EL303,4ο,0.0,0.0,1.0,1.0,0.0,0.0
159,ΚΟΙΝΩΝΙΚΗΣ ΠΟΛΙΤΙΚΗΣ (ΑΘΗΝΑ),Αθήνα,EL303,4ο,0.0,0.0,1.0,1.0,0.0,0.0
1515,ΛΟΓΟΘΕΡΑΠΕΙΑΣ (ΚΑΛΑΜΑΤΑ),Καλαμάτα,EL653,3ο,0.0,0.0,1.0,1.0,0.0,0.0
163,ΚΙΝΗΜΑΤΟΓΡΑΦΟΥ (ΘΕΣΣΑΛΟΝΙΚΗ),Θεσσαλονίκη,EL522,4ο,0.0,0.0,1.0,1.0,0.0,0.0
1635,ΕΠΙΣΤΗΜΗΣ ΚΑΙ ΤΕΧΝΟΛΟΓΙΑΣ ΤΡΟΦΙΜΩΝ (ΘΕΣΣΑΛΟΝΙΚΗ),Θεσσαλονίκη,EL522,3ο,0.0,0.0,1.0,1.0,0.0,0.0
208,ΠΟΛΙΤΙΚΩΝ ΜΗΧΑΝΙΚΩΝ (ΒΟΛΟΣ),Βόλος,EL613,2ο,0.0,0.0,1.0,1.0,0.0,0.0
407,ΜΟΥΣΙΚΩΝ ΣΠΟΥΔΩΝ (ΚΕΡΚΥΡΑ),Κέρκυρα,EL622,1ο,0.0,0.0,1.0,1.0,0.0,0.0
309,ΟΙΚΟΝΟΜΙΚΩΝ ΕΠΙΣΤΗΜΩΝ (ΑΘΗΝΑ),Αθήνα,EL303,4ο,0.0,0.0,1.0,1.0,0.0,0.0
225,ΑΓΡΟΝΟΜΩΝ ΚΑΙ ΤΟΠΟΓΡΑΦΩΝ ΜΗΧΑΝΙΚΩΝ - ΜΗΧΑΝΙΚΩΝ ΓΕΩΠΛΗΡΟΦΟΡΙΚΗΣ (ΑΘΗΝΑ),Αθήνα,EL303,2ο,0.0,0.25,1.0,0.75,0.25,-0.25
411,ΠΟΛΙΤΙΚΗΣ ΕΠΙΣΤΗΜΗΣ ΚΑΙ ΔΙΕΘΝΩΝ ΣΧΕΣΕΩΝ (ΚΟΡΙΝΘΟΣ),Κόρινθος,EL652,1ο,0.0,0.0,1.0,1.0,0.0,0.0
132,ΠΑΙΔΑΓΩΓΙΚΟ ΔΗΜΟΤΙΚΗΣ ΕΚΠΑΙΔΕΥΣΗΣ (ΡΕΘΥΜΝΟ),Ρέθυμνο,EL433,4ο,0.0,0.0,1.0,1.0,0.0,0.0
408,ΜΟΥΣΙΚΩΝ ΣΠΟΥΔΩΝ (ΑΘΗΝΑ),Αθήνα,EL303,1ο,0.0,0.0,1.0,1.0,0.0,0.0
392,ΜΗΧΑΝΟΛΟΓΩΝ ΜΗΧΑΝΙΚΩΝ (ΑΙΓΑΛΕΩ),Αιγάλεω,EL302,2ο,0.0,0.0,1.0,1.0,0.0,0.0
311,ΟΙΚΟΝΟΜΙΚΩΝ ΕΠΙΣΤΗΜΩΝ (ΘΕΣΣΑΛΟΝΙΚΗ) - ΑΠΘ,Θεσσαλονίκη,EL522,4ο,0.0,0.0,1.0,1.0,0.0,0.0
177,"ΙΣΤΟΡΙΑΣ, ΑΡΧΑΙΟΛΟΓΙΑΣ ΚΑΙ ΚΟΙΝΩΝΙΚΗΣ ΑΝΘΡΩΠΟΛΟΓΙΑΣ (ΒΟΛΟΣ)",Βόλος,EL613,1ο,0.0,0.0,1.0,1.0,0.0,0.0
1516,ΕΠΙΣΤΗΜΗΣ ΔΙΑΤΡΟΦΗΣ ΚΑΙ ΔΙΑΙΤΟΛΟΓΙΑΣ (ΚΑΛΑΜΑΤΑ),Καλαμάτα,EL653,3ο,0.0,0.0,1.0,1.0,0.0,0.0
779,ΑΡΧΙΤΕΚΤΟΝΩΝ ΜΗΧΑΝΙΚΩΝ (ΙΩΑΝΝΙΝΑ),Ιωάννινα,EL543,2ο,0.0,0.0,1.0,1.0,0.0,0.0
257,ΦΥΣΙΚΗΣ (ΠΑΤΡΑ),Πάτρα,EL632,2ο,0.0,0.5707070707070707,1.0,0.4293,0.5707070707070707,-0.5707
1010,ΦΙΛΟΣΟΦΙΑΣ (ΑΘΗΝΑ),Αθήνα,EL303,1ο,0.0,0.45,1.0,0.55,0.45,-0.44999999999999996
393,ΝΑΥΠΗΓΩΝ ΜΗΧΑΝΙΚΩΝ (ΑΙΓΑΛΕΩ),Αιγάλεω,EL302,2ο,0.0,0.0,1.0,1.0,0.0,0.0
1625,ΜΗΧΑΝΙΚΩΝ ΠΛΗΡΟΦΟΡΙΚΗΣ ΚΑΙ ΗΛΕΚΤΡΟΝΙΚΩΝ ΣΥΣΤΗΜΑΤΩΝ (ΘΕΣΣΑΛΟΝΙΚΗ),Θεσσαλονίκη,EL522,4ο,0.0,0.0,1.0,1.0,0.0,0.0
1610,ΑΓΩΓΗΣ ΚΑΙ ΦΡΟΝΤΙΔΑΣ ΣΤΗΝ ΠΡΩΙΜΗ ΠΑΙΔΙΚΗ ΗΛΙΚΙΑ (ΘΕΣΣΑΛΟΝΙΚΗ),Θεσσαλονίκη,EL522,4ο,0.0,0.0,1.0,1.0,0.0,0.0
166,ΠΑΙΔΑΓΩΓΙΚΟ ΠΡΟΣΧΟΛΙΚΗΣ ΕΚΠΑΙΔΕΥΣΗΣ (ΒΟΛΟΣ),Βόλος,EL613,4ο,0.0,0.0,1.0,1.0,0.0,0.0
384,ΘΕΩΡΙΑΣ ΚΑΙ ΙΣΤΟΡΙΑΣ ΤΗΣ ΤΕΧΝΗΣ (ΑΘΗΝΑ),Αθήνα,EL303,1ο,0.0,0.0,1.0,1.0,0.0,0.0
336,ΒΙΟΜΗΧΑΝΙΚΗΣ ΔΙΟΙΚΗΣΗΣ ΚΑΙ ΤΕΧΝΟΛΟΓΙΑΣ (ΠΕΙΡΑΙΑΣ),Πειραιάς,EL307,4ο,0.0,0.0,1.0,1.0,0.0,0.0
136,ΕΠΙΣΤΗΜΩΝ ΤΗΣ ΕΚΠΑΙΔΕΥΣΗΣ ΚΑΙ ΤΗΣ ΑΓΩΓΗΣ ΣΤΗΝ ΠΡΟΣΧΟΛΙΚΗ ΗΛΙΚΙΑ (ΠΑΤΡΑ),Πάτρα,EL632,4ο,0.0,0.0,1.0,1.0,0.0,0.0
142,ΠΑΙΔΑΓΩΓΙΚΟ ΔΗΜΟΤΙΚΗΣ ΕΚΠΑΙΔΕΥΣΗΣ (ΑΛΕΞΑΝΔΡΟΥΠΟΛΗ),Αλεξανδρούπολη,EL511,4ο,0.0,0.0,1.0,1.0,0.0,0.0
369,ΠΛΗΡΟΦΟΡΙΚΗΣ ΜΕ ΕΦΑΡΜΟΓΕΣ ΣΤΗ ΒΙΟΪΑΤΡΙΚΗ (ΛΑΜΙΑ),Λαμία,EL644,4ο,0.0,0.0,1.0,1.0,0.0,0.0
334,ΠΑΙΔΑΓΩΓΙΚΟ ΔΗΜΟΤΙΚΗΣ ΕΚΠΑΙΔΕΥΣΗΣ (ΦΛΩΡΙΝΑ),Φλώρινα,EL533,4ο,0.0,0.0,1.0,1.0,0.0,0.0
324,ΕΠΙΣΤΗΜΗΣ ΖΩΙΚΗΣ ΠΑΡΑΓΩΓΗΣ (ΑΘΗΝΑ),Αθήνα,EL303,3ο,0.0,0.1044776119402985,1.0,0.8955,0.1044776119402985,-0.10450000000000004
146,ΘΕΑΤΡΙΚΩΝ ΣΠΟΥΔΩΝ (ΑΘΗΝΑ),Αθήνα,EL303,1ο,0.0,0.0,1.0,1.0,0.0,0.0
149,ΚΟΙΝΩΝΙΟΛΟΓΙΑΣ (ΡΕΘΥΜΝΟ),Ρέθυμνο,EL433,1ο,0.0,0.0,1.0,1.0,0.0,0.0
175,ΦΙΛΟΛΟΓΙΑΣ (ΠΑΤΡΑ),Πάτρα,EL632,1ο,0.0,0.0,1.0,1.0,0.0,0.0
1423,ΓΛΩΣΣΙΚΩΝ ΚΑΙ ΔΙΑΠΟΛΙΤΙΣΜΙΚΩΝ ΣΠΟΥΔΩΝ (ΒΟΛΟΣ),Βόλος,EL613,1ο,0.0,0.0,1.0,1.0,0.0,0.0
1272,ΝΟΣΗΛΕΥΤΙΚΗΣ (ΠΑΤΡΑ),Πάτρα,EL632,3ο,0.0,0.07471264367816093,1.0,0.9253,0.07471264367816093,-0.07469999999999999
340,ΜΗΧΑΝΙΚΩΝ ΗΛΕΚΤΡΟΝΙΚΩΝ ΥΠΟΛΟΓΙΣΤΩΝ ΚΑΙ ΠΛΗΡΟΦΟΡΙΚΗΣ (ΙΩΑΝΝΙΝΑ),Ιωάννινα,EL543,2ο,0.0,0.7014218009478673,1.0,0.2986,0.7014218009478673,-0.7014
373,ΠΟΛΙΤΙΚΗΣ ΕΠΙΣΤΗΜΗΣ (ΚΟΜΟΤΗΝΗ),Κομοτηνή,EL513,1ο,0.0,0.0,1.0,1.0,0.0,0.0
1553,ΜΑΙΕΥΤΙΚΗΣ (ΠΤΟΛΕΜΑΪΔΑ),Πτολεμαΐδα,EL531,3ο,0.0,0.7763157894736842,1.0,0.2237,0.7763157894736842,-0.7763
156,ΠΑΙΔΑΓΩΓΙΚΟ ΝΗΠΙΑΓΩΓΩΝ (ΙΩΑΝΝΙΝΑ),Ιωάννινα,EL543,4ο,0.0,0.0,1.0,1.0,0.0,0.0
173,ΙΣΤΟΡΙΑΣ ΚΑΙ ΦΙΛΟΣΟΦΙΑΣ ΤΗΣ ΕΠΙΣΤΗΜΗΣ (ΑΘΗΝΑ),Αθήνα,EL303,4ο,0.0,0.0,1.0,1.0,0.0,0.0
207,ΠΟΛΙΤΙΚΩΝ ΜΗΧΑΝΙΚΩΝ (ΞΑΝΘΗ),Ξάνθη,EL512,2ο,0.0,0.0,1.0,1.0,0.0,0.0
230,ΜΗΧΑΝΙΚΩΝ ΠΑΡΑΓΩΓΗΣ ΚΑΙ ΔΙΟΙΚΗΣΗΣ (ΧΑΝΙΑ),Χανιά,EL434,4ο,0.0,0.4852941176470588,1.0,0.5147,0.4852941176470588,-0.48529999999999995
187,ΚΟΙΝΩΝΙΚΗΣ ΚΑΙ ΕΚΠΑΙΔΕΥΤΙΚΗΣ ΠΟΛΙΤΙΚΗΣ (ΚΟΡΙΝΘΟΣ),Κόρινθος,EL652,1ο,0.0,0.0,1.0,1.0,0.0,0.0
1653,ΕΠΙΣΤΗΜΩΝ ΔΙΑΤΡΟΦΗΣ ΚΑΙ ΔΙΑΙΤΟΛΟΓΙΑΣ (ΣΗΤΕΙΑ),Σητεία,EL432,3ο,0.0,0.0,1.0,1.0,0.0,0.0
274,"ΓΕΩΠΟΝΙΑΣ, ΦΥΤΙΚΗΣ ΠΑΡΑΓΩΓΗΣ ΚΑΙ ΑΓΡΟΤΙΚΟΥ ΠΕΡΙΒΑΛΛΟΝΤΟΣ (ΒΟΛΟΣ)",Βόλος,EL613,3ο,0.0,0.549618320610687,1.0,0.4504,0.549618320610687,-0.5496
679,ΔΗΜΟΣΙΑΣ ΚΑΙ ΚΟΙΝΟΤΙΚΗΣ ΥΓΕΙΑΣ (ΑΘΗΝΑ),Αθήνα,EL303,3ο,0.0,0.0,1.0,1.0,0.0,0.0
152,ΟΙΚΟΝΟΜΙΚΗΣ ΚΑΙ ΠΕΡΙΦΕΡΕΙΑΚΗΣ ΑΝΑΠΤΥΞΗΣ (ΑΘΗΝΑ),Αθήνα,EL303,4ο,0.0,0.0,1.0,1.0,0.0,0.0
143,ΠΑΙΔΑΓΩΓΙΚΟ ΔΗΜΟΤΙΚΗΣ ΕΚΠΑΙΔΕΥΣΗΣ (ΡΟΔΟΣ),Ρόδος,EL421,4ο,0.0,0.0,1.0,1.0,0.0,0.0
370,ΑΡΧΙΤΕΚΤΟΝΩΝ ΜΗΧΑΝΙΚΩΝ (ΧΑΝΙΑ),Χανιά,EL434,2ο,0.0,0.3482142857142857,1.0,0.6518,0.3482142857142857,-0.34819999999999995
1302,ΚΟΙΝΩΝΙΚΗΣ ΠΟΛΙΤΙΚΗΣ (ΚΟΜΟΤΗΝΗ),Κομοτηνή,EL513,4ο,0.0,0.0,1.0,1.0,0.0,0.0
113,ΦΙΛΟΛΟΓΙΑΣ (ΙΩΑΝΝΙΝΑ),Ιωάννινα,EL543,1ο,0.0,0.40336134453781514,1.0,0.5966,0.40336134453781514,-0.4034
327,ΑΞΙΟΠΟΙΗΣΗΣ ΦΥΣΙΚΩΝ ΠΟΡΩΝ ΚΑΙ ΓΕΩΡΓΙΚΗΣ ΜΗΧΑΝΙΚΗΣ (ΑΘΗΝΑ),Αθήνα,EL303,3ο,0.0,0.27631578947368424,1.0,0.7237,0.27631578947368424,-0.2763
677,ΦΩΤΟΓΡΑΦΙΑΣ ΚΑΙ ΟΠΤΙΚΟΑΚΟΥΣΤΙΚΩΝ ΤΕΧΝΩΝ (ΑΙΓΑΛΕΩ),Αιγάλεω,EL302,4ο,0.0,0.0,1.0,1.0,0.0,0.0
318,ΣΤΑΤΙΣΤΙΚΗΣ ΚΑΙ ΑΣΦΑΛΙΣΤΙΚΗΣ ΕΠΙΣΤΗΜΗΣ (ΠΕΙΡΑΙΑΣ),Πειραιάς,EL307,4ο,0.0,0.0,1.0,1.0,0.0,0.0
114,ΙΣΤΟΡΙΑΣ ΚΑΙ ΑΡΧΑΙΟΛΟΓΙΑΣ (ΙΩΑΝΝΙΝΑ),Ιωάννινα,EL543,1ο,0.0,0.5190476190476191,1.0,0.481,0.5190476190476191,-0.519
350,ΟΙΚΟΝΟΜΙΚΩΝ ΕΠΙΣΤΗΜΩΝ (ΒΟΛΟΣ),Βόλος,EL613,4ο,0.0,0.0,1.0,1.0,0.0,0.0
685,"ΕΠΙΣΤΗΜΩΝ ΟΙΝΟΥ, ΑΜΠΕΛΟΥ ΚΑΙ ΠΟΤΩΝ (ΑΙΓΑΛΕΩ)",Αιγάλεω,EL302,3ο,0.0,0.0,1.0,1.0,0.0,0.0
1249,ΝΟΣΗΛΕΥΤΙΚΗΣ (ΙΩΑΝΝΙΝΑ),Ιωάννινα,EL543,3ο,0.0,0.0,1.0,1.0,0.0,0.0
137,ΓΕΡΜΑΝΙΚΗΣ ΓΛΩΣΣΑΣ ΚΑΙ ΦΙΛΟΛΟΓΙΑΣ (ΘΕΣΣΑΛΟΝΙΚΗ),Θεσσαλονίκη,EL522,1ο,0.0,0.5779816513761468,1.0,0.422,0.5779816513761468,-0.5780000000000001
227,ΑΓΡΟΝΟΜΩΝ ΚΑΙ ΤΟΠΟΓΡΑΦΩΝ ΜΗΧΑΝΙΚΩΝ (ΘΕΣΣΑΛΟΝΙΚΗ),Θεσσαλονίκη,EL522,2ο,0.0,0.37662337662337664,1.0,0.6234,0.37662337662337664,-0.37660000000000005
188,ΤΟΥΡΚΙΚΩΝ ΣΠΟΥΔΩΝ ΚΑΙ ΣΥΓΧΡΟΝΩΝ ΑΣΙΑΤΙΚΩΝ ΣΠΟΥΔΩΝ (ΑΘΗΝΑ),Αθήνα,EL303,1ο,0.0,0.7209302325581395,1.0,0.2791,0.7209302325581395,-0.7209
158,ΠΑΙΔΑΓΩΓΙΚΟ ΠΡΟΣΧΟΛΙΚΗΣ ΕΚΠΑΙΔΕΥΣΗΣ (ΡΕΘΥΜΝΟ),Ρέθυμνο,EL433,4ο,0.0,0.0,1.0,1.0,0.0,0.0
1433,ΝΟΣΗΛΕΥΤΙΚΗΣ (ΛΑΡΙΣΑ),Λάρισα,EL612,3ο,0.0,0.3466666666666667,1.0,0.6533,0.3466666666666667,-0.3467
672,ΛΟΓΙΣΤΙΚΗΣ ΚΑΙ ΧΡΗΜΑΤΟΟΙΚΟΝΟΜΙΚΗΣ (ΑΙΓΑΛΕΩ),Αιγάλεω,EL302,4ο,0.0,0.0,1.0,1.0,0.0,0.0
190,ΝΟΣΗΛΕΥΤΙΚΗΣ (ΤΡΙΠΟΛΗ),Τρίπολη,EL651,3ο,0.0,0.4,1.0,0.6,0.4,-0.4
1241,ΑΓΩΓΗΣ ΚΑΙ ΦΡΟΝΤΙΔΑΣ ΣΤΗΝ ΠΡΩΙΜΗ ΠΑΙΔΙΚΗ ΗΛΙΚΙΑ (ΙΩΑΝΝΙΝΑ),Ιωάννινα,EL543,4ο,0.0,0.0,1.0,1.0,0.0,0.0
341,ΠΑΙΔΑΓΩΓΙΚΟ ΝΗΠΙΑΓΩΓΩΝ (ΦΛΩΡΙΝΑ),Φλώρινα,EL533,4ο,0.0,0.0,1.0,1.0,0.0,0.0
99,ΠΛΗΡΟΦΟΡΙΚΗΣ ΚΑΙ ΤΗΛΕΠΙΚΟΙΝΩΝΙΩΝ (ΛΑΜΙΑ),Λαμία,EL644,4ο,0.0,0.0326530612244898,1.0,0.9673,0.0326530612244898,-0.03269999999999995
1651,ΝΟΣΗΛΕΥΤΙΚΗΣ (ΗΡΑΚΛΕΙΟ),Ηράκλειο,EL431,3ο,0.0,0.0,1.0,1.0,0.0,0.0
247,ΜΑΘΗΜΑΤΙΚΩΝ (ΠΑΤΡΑ),Πάτρα,EL632,2ο,0.0,0.0,1.0,1.0,0.0,0.0
259,ΦΥΣΙΚΗΣ (ΙΩΑΝΝΙΝΑ),Ιωάννινα,EL543,2ο,0.0,0.5727272727272728,1.0,0.4273,0.5727272727272728,-0.5727
261,ΦΥΣΙΚΗΣ (ΗΡΑΚΛΕΙΟ),Ηράκλειο,EL431,2ο,0.0,0.7833333333333333,1.0,0.2167,0.7833333333333333,-0.7833
326,ΑΓΡΟΤΙΚΗΣ ΟΙΚΟΝΟΜΙΑΣ ΚΑΙ ΑΝΑΠΤΥΞΗΣ (ΑΘΗΝΑ),Αθήνα,EL303,4ο,0.0,0.0,1.0,1.0,0.0,0.0
319,ΟΙΚΟΝΟΜΙΚΩΝ ΕΠΙΣΤΗΜΩΝ (ΠΑΤΡΑ),Πάτρα,EL632,4ο,0.0,0.18382352941176472,1.0,0.8162,0.18382352941176472,-0.18379999999999996
387,ΗΛΕΚΤΡΟΛΟΓΩΝ ΚΑΙ ΗΛΕΚΤΡΟΝΙΚΩΝ ΜΗΧΑΝΙΚΩΝ (ΑΙΓΑΛΕΩ),Αιγάλεω,EL302,2ο,0.0,0.6026490066225165,1.0,0.3974,0.6026490066225165,-0.6026
234,ΑΡΧΙΤΕΚΤΟΝΩΝ ΜΗΧΑΝΙΚΩΝ (ΞΑΝΘΗ),Ξάνθη,EL512,2ο,0.0,0.0,1.0,1.0,0.0,0.0
160,ΕΠΙΣΤΗΜΩΝ ΤΗΣ ΕΚΠΑΙΔΕΥΣΗΣ ΣΤΗΝ ΠΡΟΣΧΟΛΙΚΗ ΗΛΙΚΙΑ (ΑΛΕΞΑΝΔΡΟΥΠΟΛΗ),Αλεξανδρούπολη,EL511,4ο,0.0,0.0,1.0,1.0,0.0,0.0
224,ΜΗΧΑΝΙΚΩΝ ΠΑΡΑΓΩΓΗΣ ΚΑΙ ΔΙΟΙΚΗΣΗΣ (ΞΑΝΘΗ),Ξάνθη,EL512,4ο,0.0,0.0,1.0,1.0,0.0,0.0
348,ΚΟΙΝΩΝΙΟΛΟΓΙΑΣ (ΜΥΤΙΛΗΝΗ),Μυτιλήνη,EL411,1ο,0.0,0.3581395348837209,1.0,0.6419,0.3581395348837209,-0.3581
1512,ΕΠΙΣΤΗΜΗΣ ΚΑΙ ΤΕΧΝΟΛΟΓΙΑΣ ΤΡΟΦΙΜΩΝ (ΚΑΛΑΜΑΤΑ),Καλαμάτα,EL653,3ο,0.0,0.0,1.0,1.0,0.0,0.0
669,ΔΙΟΙΚΗΣΗΣ ΕΠΙΧΕΙΡΗΣΕΩΝ (ΑΙΓΑΛΕΩ),Αιγάλεω,EL302,4ο,0.0,0.0,1.0,1.0,0.0,0.0
668,"ΑΡΧΕΙΟΝΟΜΙΑΣ, ΒΙΒΛΙΟΘΗΚΟΝΟΜΙΑΣ ΚΑΙ ΣΥΣΤΗΜΑΤΩΝ ΠΛΗΡΟΦΟΡΗΣΗΣ (ΑΙΓΑΛΕΩ)",Αιγάλεω,EL302,4ο,0.0,0.0,1.0,1.0,0.0,0.0
1634,ΓΕΩΠΟΝΙΑΣ (ΘΕΣΣΑΛΟΝΙΚΗ) - ΔΙ.ΠΑ.Ε.,Θεσσαλονίκη,EL522,3ο,0.0,0.4311377245508982,1.0,0.5689,0.4311377245508982,-0.43110000000000004
351,ΠΟΛΙΤΙΚΗΣ ΕΠΙΣΤΗΜΗΣ (ΡΕΘΥΜΝΟ),Ρέθυμνο,EL433,1ο,0.0,0.0,1.0,1.0,0.0,0.0
1429,ΕΠΙΣΤΗΜΗΣ ΤΡΟΦΙΜΩΝ ΚΑΙ ΔΙΑΤΡΟΦΗΣ (ΚΑΡΔΙΤΣΑ),Καρδίτσα,EL611,3ο,0.0,0.0,1.0,1.0,0.0,0.0
345,ΟΙΚΟΝΟΜΙΚΩΝ ΕΠΙΣΤΗΜΩΝ (ΙΩΑΝΝΙΝΑ),Ιωάννινα,EL543,4ο,0.0,0.0,1.0,1.0,0.0,0.0
249,ΜΑΘΗΜΑΤΙΚΩΝ (ΙΩΑΝΝΙΝΑ),Ιωάννινα,EL543,2ο,0.0,0.5306122448979592,1.0,0.4694,0.5306122448979592,-0.5306
275,ΔΑΣΟΛΟΓΙΑΣ ΚΑΙ ΦΥΣΙΚΟΥ ΠΕΡΙΒΑΛΛΟΝΤΟΣ (ΘΕΣΣΑΛΟΝΙΚΗ),Θεσσαλονίκη,EL522,3ο,0.0,0.0,1.0,1.0,0.0,0.0
162,ΕΠΙΣΤΗΜΩΝ ΤΗΣ ΠΡΟΣΧΟΛΙΚΗΣ ΑΓΩΓΗΣ ΚΑΙ ΕΚΠΑΙΔΕΥΤΙΚΟΥ ΣΧΕΔΙΑΣΜΟΥ (ΡΟΔΟΣ),Ρόδος,EL421,4ο,0.0,0.0,1.0,1.0,0.0,0.0
366,ΠΛΗΡΟΦΟΡΙΚΗΣ (ΚΕΡΚΥΡΑ),Κέρκυρα,EL622,4ο,0.0,0.0,1.0,1.0,0.0,0.0
116,ΙΣΤΟΡΙΑΣ ΚΑΙ ΑΡΧΑΙΟΛΟΓΙΑΣ (ΡΕΘΥΜΝΟ),Ρέθυμνο,EL433,1ο,0.0,0.5578231292517006,1.0,0.4422,0.5578231292517006,-0.5578000000000001
1248,ΜΟΥΣΙΚΩΝ ΣΠΟΥΔΩΝ (ΑΡΤΑ),Άρτα,EL541,1ο,0.0,0.25165562913907286,1.0,0.7483,0.25165562913907286,-0.25170000000000003
283,ΓΕΩΛΟΓΙΑΣ ΚΑΙ ΓΕΩΠΕΡΙΒΑΛΛΟΝΤΟΣ (ΑΘΗΝΑ),Αθήνα,EL303,2ο,0.0,0.0,1.0,1.0,0.0,0.0
1617,ΝΟΣΗΛΕΥΤΙΚΗΣ (ΑΛΕΞΑΝΔΡΟΥΠΟΛΗ),Αλεξανδρούπολη,EL511,3ο,0.0,0.0,1.0,1.0,0.0,0.0
670,ΔΙΟΙΚΗΣΗΣ ΤΟΥΡΙΣΜΟΥ (ΑΙΓΑΛΕΩ),Αιγάλεω,EL302,4ο,0.0,0.9185667752442996,1.0,0.0814,0.9185667752442996,-0.9186
115,ΦΙΛΟΛΟΓΙΑΣ (ΡΕΘΥΜΝΟ),Ρέθυμνο,EL433,1ο,0.0,0.5959595959595959,1.0,0.404,0.5959595959595959,-0.596
102,ΦΙΛΟΣΟΦΙΑΣ (ΠΑΤΡΑ),Πάτρα,EL632,1ο,0.0,0.2621951219512195,1.0,0.7378,0.2621951219512195,-0.2622
1523,ΜΗΧΑΝΟΛΟΓΩΝ ΜΗΧΑΝΙΚΩΝ - ΠΑΝ. ΠΕΛ/ΝΗΣΟΥ (ΠΑΤΡΑ),Πάτρα,EL632,2ο,0.0,0.0,1.0,1.0,0.0,0.0
135,ΓΕΡΜΑΝΙΚΗΣ ΓΛΩΣΣΑΣ ΚΑΙ ΦΙΛΟΛΟΓΙΑΣ (ΑΘΗΝΑ),Αθήνα,EL303,1ο,0.0,0.7795275590551181,1.0,0.2205,0.7795275590551181,-0.7795
144,ΟΙΚΟΝΟΜΙΑΣ ΚΑΙ ΒΙΩΣΙΜΗΣ ΑΝΑΠΤΥΞΗΣ (ΑΘΗΝΑ),Αθήνα,EL303,4ο,0.0,0.0,1.0,1.0,0.0,0.0
189,ΦΙΛΟΛΟΓΙΑΣ (ΚΑΛΑΜΑΤΑ),Καλαμάτα,EL653,1ο,0.0,0.24475524475524477,1.0,0.7552,0.24475524475524477,-0.24480000000000002
98,ΠΛΗΡΟΦΟΡΙΚΗΣ ΚΑΙ ΤΗΛΕΠΙΚΟΙΝΩΝΙΩΝ (ΤΡΙΠΟΛΗ),Τρίπολη,EL651,4ο,0.0,0.3476190476190476,1.0,0.6524,0.3476190476190476,-0.3476
1278,ΕΠΙΣΤΗΜΗΣ ΚΑΙ ΤΕΧΝΟΛΟΓΙΑΣ ΤΡΟΦΙΜΩΝ (ΑΓΡΙΝΙΟ),Αγρίνιο,EL631,3ο,0.0,0.0,1.0,1.0,0.0,0.0
1606,ΛΟΓΙΣΤΙΚΗΣ ΚΑΙ ΠΛΗΡΟΦΟΡΙΑΚΩΝ ΣΥΣΤΗΜΑΤΩΝ (ΘΕΣΣΑΛΟΝΙΚΗ),Θεσσαλονίκη,EL522,4ο,0.0,0.0,1.0,1.0,0.0,0.0
1011,ΨΗΦΙΑΚΩΝ ΤΕΧΝΩΝ ΚΑΙ ΚΙΝΗΜΑΤΟΓΡΑΦΟΥ (ΨΑΧΝΑ ΕΥΒΟΙΑΣ),Ψαχνα Ευβοιας,EL642,4ο,0.0,0.0,1.0,1.0,0.0,0.0
1425,ΔΗΜΟΣΙΑΣ ΚΑΙ ΕΝΙΑΙΑΣ ΥΓΕΙΑΣ (ΚΑΡΔΙΤΣΑ),Καρδίτσα,EL611,3ο,0.0,0.06593406593406594,1.0,0.9341,0.06593406593406594,-0.06589999999999996
169,ΘΕΑΤΡΙΚΩΝ ΣΠΟΥΔΩΝ (ΠΑΤΡΑ),Πάτρα,EL632,1ο,0.0,0.3253012048192771,1.0,0.6747,0.3253012048192771,-0.32530000000000003
104,"ΙΣΤΟΡΙΑΣ, ΑΡΧΑΙΟΛΟΓΙΑΣ ΚΑΙ ΔΙΑΧΕΙΡΙΣΗΣ ΠΟΛΙΤΙΣΜΙΚΩΝ ΑΓΑΘΩΝ (ΚΑΛΑΜΑΤΑ)",Καλαμάτα,EL653,1ο,0.0,0.5420560747663551,1.0,0.4579,0.5420560747663551,-0.5421
1609,"ΒΙΒΛΙΟΘΗΚΟΝΟΜΙΑΣ, ΑΡΧΕΙΟΝΟΜΙΑΣ ΚΑΙ ΣΥΣΤΗΜΑΤΩΝ ΠΛΗΡΟΦΟΡΗΣΗΣ (ΘΕΣΣΑΛΟΝΙΚΗ)",Θεσσαλονίκη,EL522,4ο,0.0,0.0,1.0,1.0,0.0,0.0
367,ΤΕΧΝΩΝ ΗΧΟΥ ΚΑΙ ΕΙΚΟΝΑΣ (ΚΕΡΚΥΡΑ),Κέρκυρα,EL622,4ο,0.0,0.0,1.0,1.0,0.0,0.0
394,ΠΟΛΙΤΙΚΩΝ ΜΗΧΑΝΙΚΩΝ (ΑΙΓΑΛΕΩ),Αιγάλεω,EL302,2ο,0.0,0.0,1.0,1.0,0.0,0.0
1622,"ΜΗΧΑΝΙΚΩΝ ΠΛΗΡΟΦΟΡΙΚΗΣ, ΥΠΟΛΟΓΙΣΤΩΝ ΚΑΙ ΤΗΛΕΠΙΚΟΙΝΩΝΙΩΝ (ΣΕΡΡΕΣ)",Σέρρες,EL526,4ο,0.0,0.0,1.0,1.0,0.0,0.0
1435,ΠΟΛΙΤΙΣΜΟΥ ΚΑΙ ΔΗΜΙΟΥΡΓΙΚΩΝ ΜΕΣΩΝ ΚΑΙ ΒΙΟΜΗΧΑΝΙΩΝ (ΒΟΛΟΣ),Βόλος,EL613,4ο,0.0,0.0,1.0,1.0,0.0,0.0
167,ΚΟΙΝΩΝΙΚΗΣ ΑΝΘΡΩΠΟΛΟΓΙΑΣ ΚΑΙ ΙΣΤΟΡΙΑΣ (ΜΥΤΙΛΗΝΗ),Μυτιλήνη,EL411,1ο,0.0,0.8607594936708861,1.0,0.1392,0.8607594936708861,-0.8608
1624,ΜΗΧΑΝΙΚΩΝ ΠΑΡΑΓΩΓΗΣ ΚΑΙ ΔΙΟΙΚΗΣΗΣ (ΘΕΣΣΑΛΟΝΙΚΗ),Θεσσαλονίκη,EL522,4ο,0.0,0.0,1.0,1.0,0.0,0.0
1605,"ΔΙΟΙΚΗΣΗΣ ΟΡΓΑΝΙΣΜΩΝ, ΜΑΡΚΕΤΙΝΓΚ ΚΑΙ ΤΟΥΡΙΣΜΟΥ (ΘΕΣΣΑΛΟΝΙΚΗ)",Θεσσαλονίκη,EL522,4ο,0.0,0.0,1.0,1.0,0.0,0.0
1437,ΦΥΣΙΚΗΣ (ΛΑΜΙΑ),Λαμία,EL644,2ο,0.0,0.8314606741573034,1.0,0.1685,0.8314606741573034,-0.8315
352,ΔΙΟΙΚΗΣΗΣ ΕΠΙΧΕΙΡΗΣΕΩΝ (ΠΑΤΡΑ),Πάτρα,EL632,4ο,0.0,0.0,1.0,1.0,0.0,0.0
372,ΕΠΙΣΤΗΜΗΣ ΤΡΟΦΙΜΩΝ ΚΑΙ ΔΙΑΤΡΟΦΗΣ (ΛΗΜΝΟΣ),Λημνος,EL411,3ο,0.0,0.84375,1.0,0.1562,0.84375,-0.8438
122,ΦΙΛΟΣΟΦΙΑΣ (ΙΩΑΝΝΙΝΑ),Ιωάννινα,EL543,1ο,0.0,0.33480176211453744,1.0,0.6652,0.33480176211453744,-0.3348
1452,ΕΠΙΣΤΗΜΗΣ ΚΑΙ ΤΕΧΝΟΛΟΓΙΑΣ ΤΡΟΦΙΜΩΝ (ΑΡΓΟΣΤΟΛΙ),Αργοστολι,EL623,3ο,0.0,0.5426356589147286,1.0,0.4574,0.5426356589147286,-0.5426
285,ΓΕΩΛΟΓΙΑΣ (ΘΕΣΣΑΛΟΝΙΚΗ),Θεσσαλονίκη,EL522,2ο,0.0,0.11627906976744186,1.0,0.8837,0.11627906976744186,-0.11629999999999996
1522,ΗΛΕΚΤΡΟΛΟΓΩΝ ΜΗΧΑΝΙΚΩΝ ΚΑΙ ΜΗΧΑΝΙΚΩΝ ΥΠΟΛΟΓΙΣΤΩΝ - ΠΑΝ. ΠΕΛ/ΝΗΣΟΥ (ΠΑΤΡΑ),Πάτρα,EL632,2ο,0.0,0.0,1.0,1.0,0.0,0.0
180,ΝΑΥΤΙΛΙΑΣ ΚΑΙ ΕΠΙΧΕΙΡΗΜΑΤΙΚΩΝ ΥΠΗΡΕΣΙΩΝ (ΧΙΟΣ),Χίος,EL413,4ο,0.0,0.010050251256281407,1.0,0.9899,0.010050251256281407,-0.010099999999999998
1284,ΙΣΤΟΡΙΑΣ - ΑΡΧΑΙΟΛΟΓΙΑΣ (ΠΑΤΡΑ),Πάτρα,EL632,1ο,0.0,0.0,1.0,1.0,0.0,0.0
362,ΘΕΑΤΡΙΚΩΝ ΣΠΟΥΔΩΝ (ΝΑΥΠΛΙΟ),Ναύπλιο,EL651,1ο,0.0,0.65,1.0,0.35,0.65,-0.65
272,ΜΗΧΑΝΙΚΩΝ ΕΠΙΣΤΗΜΗΣ ΥΛΙΚΩΝ (ΙΩΑΝΝΙΝΑ),Ιωάννινα,EL543,2ο,0.0,0.0,1.0,1.0,0.0,0.0
138,ΦΙΛΟΣΟΦΙΑΣ (ΡΕΘΥΜΝΟ),Ρέθυμνο,EL433,1ο,0.0,0.8372093023255814,1.0,0.1628,0.8372093023255814,-0.8371999999999999
389,ΜΗΧΑΝΙΚΩΝ ΒΙΟΜΗΧΑΝΙΚΗΣ ΣΧΕΔΙΑΣΗΣ ΚΑΙ ΠΑΡΑΓΩΓΗΣ (ΑΙΓΑΛΕΩ),Αιγάλεω,EL302,4ο,0.0,0.0,1.0,1.0,0.0,0.0
1422,ΓΕΩΠΟΝΙΑΣ - ΑΓΡΟΤΕΧΝΟΛΟΓΙΑΣ (ΛΑΡΙΣΑ),Λάρισα,EL612,3ο,0.0,0.0,1.0,1.0,0.0,0.0
1630,ΠΛΗΡΟΦΟΡΙΚΗΣ (ΚΑΒΑΛΑ),Καβάλα,EL515,4ο,0.0,0.0,1.0,1.0,0.0,0.0
145,ΙΣΤΟΡΙΑΣ ΚΑΙ ΨΗΦΙΑΚΩΝ ΑΝΘΡΩΠΙΣΤΙΚΩΝ ΕΠΙΣΤΗΜΩΝ (ΚΕΡΚΥΡΑ) (Μετονομασία του Τμήματος ΙΣΤΟΡΙΑΣ),Κέρκυρα,EL622,1ο,0.0,0.8899082568807339,1.0,0.1101,0.8899082568807339,-0.8899
1432,ΜΑΘΗΜΑΤΙΚΩΝ (ΛΑΜΙΑ),Λαμία,EL644,2ο,0.0,0.6140350877192983,1.0,0.386,0.6140350877192983,-0.614
1001,"ΑΓΡΟΤΙΚΗΣ ΑΝΑΠTΥΞΗΣ, ΑΓΡΟΔΙΑΤΡΟΦΗΣ ΚΑΙ ΔΙΑΧΕΙΡΙΣΗΣ ΦΥΣΙΚΩΝ ΠΟΡΩΝ (ΨΑΧΝΑ ΕΥΒΟΙΑΣ)",Ψαχνα Ευβοιας,EL642,4ο,0.0,0.0,1.0,1.0,0.0,0.0
1657,ΓΕΩΠΟΝΙΑΣ (ΗΡΑΚΛΕΙΟ),Ηράκλειο,EL431,3ο,0.0,0.0,1.0,1.0,0.0,0.0
97,ΟΙΚΟΝΟΜΙΚΩΝ ΕΠΙΣΤΗΜΩΝ (ΚΟΜΟΤΗΝΗ),Κομοτηνή,EL513,4ο,0.0,0.0,1.0,1.0,0.0,0.0
251,ΜΑΘΗΜΑΤΙΚΩΝ KAI ΕΦΑΡΜΟΣΜΕΝΩΝ ΜΑΘΗΜΑΤΙΚΩΝ (ΗΡΑΚΛΕΙΟ) - ΜΑΘΗΜΑΤΙΚΩΝ,Ηράκλειο,EL431,2ο,0.0,0.44,1.0,0.56,0.44,-0.43999999999999995
342,"ΑΡΧΕΙΟΝΟΜΙΑΣ, ΒΙΒΛΙΟΘΗΚΟΝΟΜΙΑΣ ΚΑΙ ΜΟΥΣΕΙΟΛΟΓΙΑΣ (ΚΕΡΚΥΡΑ)",Κέρκυρα,EL622,4ο,0.0,0.0,1.0,1.0,0.0,0.0
363,ΜΗΧΑΝΙΚΩΝ ΧΩΡΟΤΑΞΙΑΣ ΚΑΙ ΑΝΑΠΤΥΞΗΣ (ΘΕΣΣΑΛΟΝΙΚΗ),Θεσσαλονίκη,EL522,2ο,0.0,0.0,1.0,1.0,0.0,0.0
1555,ΜΑΘΗΜΑΤΙΚΩΝ (ΚΑΣΤΟΡΙΑ),Καστοριά,EL532,2ο,0.0,0.8571428571428571,1.0,0.1429,0.8571428571428571,-0.8571
1517,ΠΑΡΑΣΤΑΤΙΚΩΝ ΚΑΙ ΨΗΦΙΑΚΩΝ ΤΕΧΝΩΝ (ΝΑΥΠΛΙΟ),Ναύπλιο,EL651,4ο,0.0,0.0,1.0,1.0,0.0,0.0
181,"ΜΕΣΟΓΕΙΑΚΩΝ ΣΠΟΥΔΩΝ: ΑΡΧΑΙΟΛΟΓΙΑ, ΓΛΩΣΣΟΛΟΓΙΑ, ΔΙΕΘΝΕΙΣ ΣΧΕΣΕΙΣ (ΡΟΔΟΣ) (Μετονομασία του Τμήματος ΜΕΣΟΓΕΙΑΚΩΝ ΣΠΟΥΔΩΝ)",Ρόδος,EL421,4ο,0.0,0.0,1.0,1.0,0.0,0.0
1659,ΜΗΧΑΝΟΛΟΓΩΝ ΜΗΧΑΝΙΚΩΝ (ΗΡΑΚΛΕΙΟ),Ηράκλειο,EL431,2ο,0.0,0.0,1.0,1.0,0.0,0.0
105,ΚΟΙΝΩΝΙΚΗΣ ΘΕΟΛΟΓΙΑΣ ΚΑΙ ΘΡΗΣΚΕΙΟΛΟΓΙΑΣ (ΑΘΗΝΑ),Αθήνα,EL303,1ο,0.0,0.6898395721925134,1.0,0.3102,0.6898395721925134,-0.6898
1551,ΕΠΙΚΟΙΝΩΝΙΑΣ ΚΑΙ ΨΗΦΙΑΚΩΝ ΜΕΣΩΝ (ΚΑΣΤΟΡΙΑ),Καστοριά,EL532,4ο,0.0,0.0,1.0,1.0,0.0,0.0
1619,ΜΗΧΑΝΟΛΟΓΩΝ ΜΗΧΑΝΙΚΩΝ (ΣΕΡΡΕΣ),Σέρρες,EL526,2ο,0.0,0.0,1.0,1.0,0.0,0.0
391,ΜΗΧΑΝΙΚΩΝ ΤΟΠΟΓΡΑΦΙΑΣ ΚΑΙ ΓΕΩΠΛΗΡΟΦΟΡΙΚΗΣ (ΑΙΓΑΛΕΩ),Αιγάλεω,EL302,2ο,0.0,0.0,1.0,1.0,0.0,0.0
1628,ΦΥΣΙΚΗΣ (ΚΑΒΑΛΑ),Καβάλα,EL515,2ο,0.0,0.8586956521739131,1.0,0.1413,0.8586956521739131,-0.8587
103,ΘΕΟΛΟΓΙΑΣ (ΘΕΣΣΑΛΟΝΙΚΗ),Θεσσαλονίκη,EL522,1ο,0.0,0.7,1.0,0.3,0.7,-0.7
321,ΟΙΚΟΝΟΜΙΚΩΝ ΕΠΙΣΤΗΜΩΝ (ΡΕΘΥΜΝΟ),Ρέθυμνο,EL433,4ο,0.0,0.5466666666666666,1.0,0.4533,0.5466666666666666,-0.5467
354,ΠΟΛΙΤΙΣΜΙΚΗΣ ΤΕΧΝΟΛΟΓΙΑΣ ΚΑΙ ΕΠΙΚΟΙΝΩΝΙΑΣ (ΜΥΤΙΛΗΝΗ),Μυτιλήνη,EL411,4ο,0.0,0.0,1.0,1.0,0.0,0.0
131,ΓΑΛΛΙΚΗΣ ΓΛΩΣΣΑΣ ΚΑΙ ΦΙΛΟΛΟΓΙΑΣ (ΑΘΗΝΑ),Αθήνα,EL303,1ο,0.0,0.6578947368421053,1.0,0.3421,0.6578947368421053,-0.6578999999999999
360,"ΓΕΩΠΟΝΙΑΣ, ΙΧΘΥΟΛΟΓΙΑΣ ΚΑΙ ΥΔΑΤΙΝΟΥ ΠΕΡΙΒΑΛΛΟΝΤΟΣ (ΒΟΛΟΣ)",Βόλος,EL613,3ο,0.0,0.6923076923076923,1.0,0.3077,0.6923076923076923,-0.6923
101,ΘΕΟΛΟΓΙΑΣ (ΑΘΗΝΑ),Αθήνα,EL303,1ο,0.0,0.6349206349206349,1.0,0.3651,0.6349206349206349,-0.6349
780,ΘΕΟΛΟΓΙΑΣ (ΘΕΣΣΑΛΟΝΙΚΗ) - ΜΟΥΣΟΥΛΜΑΝΙΚΩΝ ΣΠΟΥΔΩΝ,Θεσσαλονίκη,EL522,1ο,0.0,0.82,1.0,0.18,0.82,-0.8200000000000001
1511,ΓΕΩΠΟΝΙΑΣ (ΚΑΛΑΜΑΤΑ),Καλαμάτα,EL653,3ο,0.0,0.4636363636363636,1.0,0.5364,0.4636363636363636,-0.4636
356,ΓΕΩΓΡΑΦΙΑΣ (ΑΘΗΝΑ),Αθήνα,EL303,4ο,0.0,0.0,1.0,1.0,0.0,0.0
1456,ΨΗΦΙΑΚΩΝ ΜΕΣΩΝ ΚΑΙ ΕΠΙΚΟΙΝΩΝΙΑΣ (ΑΡΓΟΣΤΟΛΙ),Αργοστολι,EL623,4ο,0.0,0.0,1.0,1.0,0.0,0.0
1283,ΔΙΟΙΚΗΣΗΣ ΤΟΥΡΙΣΜΟΥ (ΠΑΤΡΑ),Πάτρα,EL632,4ο,0.0,0.0,1.0,1.0,0.0,0.0
1002,ΑΕΡΟΔΙΑΣΤΗΜΙΚΗΣ ΕΠΙΣΤΗΜΗΣ ΚΑΙ ΤΕΧΝΟΛΟΓΙΑΣ (ΨΑΧΝΑ ΕΥΒΟΙΑΣ),Ψαχνα Ευβοιας,EL642,2ο,0.0,0.0,1.0,1.0,0.0,0.0
107,ΚΟΙΝΩΝΙΚΗΣ ΘΕΟΛΟΓΙΑΣ ΚΑΙ ΧΡΙΣΤΙΑΝΙΚΟΥ ΠΟΛΙΤΙΣΜΟΥ (ΘΕΣΣΑΛΟΝΙΚΗ),Θεσσαλονίκη,EL522,1ο,0.0,0.8661971830985915,1.0,0.1338,0.8661971830985915,-0.8662
1004,ΔΙΑΧΕΙΡΙΣΗΣ ΛΙΜΕΝΩΝ ΚΑΙ ΝΑΥΤΙΛΙΑΣ (ΨΑΧΝΑ ΕΥΒΟΙΑΣ),Ψαχνα Ευβοιας,EL642,4ο,0.0,0.7744360902255639,1.0,0.2256,0.7744360902255639,-0.7744
1282,ΔΙΟΙΚΗΤΙΚΗΣ ΕΠΙΣΤΗΜΗΣ ΚΑΙ ΤΕΧΝΟΛΟΓΙΑΣ (ΠΑΤΡΑ),Πάτρα,EL632,4ο,0.0,0.0,1.0,1.0,0.0,0.0
477,ΕΚΠΑΙΔΕΥΤΙΚΩΝ ΜΗΧΑΝΟΛΟΓΩΝ ΜΗΧΑΝΙΚΩΝ (ΑΘΗΝΑ),Αθήνα,EL303,2ο,0.0,0.3142857142857143,1.0,0.6857,0.3142857142857143,-0.3143
1524,ΠΟΛΙΤΙΚΩΝ ΜΗΧΑΝΙΚΩΝ - ΠΑΝ. ΠΕΛ/ΝΗΣΟΥ (ΠΑΤΡΑ),Πάτρα,EL632,2ο,0.0,0.0,1.0,1.0,0.0,0.0
1554,ΠΛΗΡΟΦΟΡΙΚΗΣ (ΚΑΣΤΟΡΙΑ),Καστοριά,EL532,4ο,0.0,0.2028301886792453,1.0,0.7972,0.2028301886792453,-0.20279999999999998
1391,ΩΚΕΑΝΟΓΡΑΦΙΑΣ ΚΑΙ ΘΑΛΑΣΣΙΩΝ ΒΙΟΕΠΙΣΤΗΜΩΝ (ΜΥΤΙΛΗΝΗ),Μυτιλήνη,EL411,3ο,0.0,0.504424778761062,1.0,0.4956,0.504424778761062,-0.5044
675,ΕΣΩΤΕΡΙΚΗΣ ΑΡΧΙΤΕΚΤΟΝΙΚΗΣ (ΑΙΓΑΛΕΩ),Αιγάλεω,EL302,4ο,0.0,0.5416666666666666,1.0,0.4583,0.5416666666666666,-0.5417000000000001
214,ΧΗΜΙΚΩΝ ΜΗΧΑΝΙΚΩΝ ΚΑΙ ΜΗΧΑΝΙΚΩΝ ΠΕΡΙΒΑΛΛΟΝΤΟΣ (ΧΑΝΙΑ),Χανιά,EL434,2ο,0.0,0.8264462809917356,1.0,0.1736,0.8264462809917356,-0.8264
1602,ΟΙΚΟΝΟΜΙΚΩΝ ΕΠΙΣΤΗΜΩΝ (ΣΕΡΡΕΣ),Σέρρες,EL526,4ο,0.0,0.0,1.0,1.0,0.0,0.0
1552,ΓΕΩΠΟΝΙΑΣ (ΦΛΩΡΙΝΑ),Φλώρινα,EL533,3ο,0.0,0.6857142857142857,1.0,0.3143,0.6857142857142857,-0.6857
1242,ΓΕΩΠΟΝΙΑΣ (ΑΡΤΑ),Άρτα,EL541,3ο,0.0,0.7538461538461538,1.0,0.2462,0.7538461538461538,-0.7538
1548,ΟΙΚΟΝΟΜΙΚΩΝ ΕΠΙΣΤΗΜΩΝ (ΚΑΣΤΟΡΙΑ),Καστοριά,EL532,4ο,0.0,0.0,1.0,1.0,0.0,0.0
1623,ΜΗΧΑΝΙΚΩΝ ΠΕΡΙΒΑΛΛΟΝΤΟΣ (ΘΕΣΣΑΛΟΝΙΚΗ),Θεσσαλονίκη,EL522,2ο,0.0,0.0,1.0,1.0,0.0,0.0
1633,ΑΜΠΕΛΟΥΡΓΙΑΣ ΚΑΙ ΟΙΝΟΛΟΓΙΑΣ (ΔΡΑΜΑ) (Μετονομασία του Τμήματος ΑΓΡΟΤΙΚΗΣ ΒΙΟΤΕΧΝΟΛΟΓΙΑΣ ΚΑΙ ΟΙΝΟΛΟΓΙΑΣ),Δράμα,EL514,3ο,0.0,0.8833333333333333,1.0,0.1167,0.8833333333333333,-0.8833
1250,ΠΛΗΡΟΦΟΡΙΚΗΣ ΚΑΙ ΤΗΛΕΠΙΚΟΙΝΩΝΙΩΝ (ΑΡΤΑ),Άρτα,EL541,4ο,0.0,0.0,1.0,1.0,0.0,0.0
1621,ΠΟΛΙΤΙΚΩΝ ΜΗΧΑΝΙΚΩΝ (ΣΕΡΡΕΣ),Σέρρες,EL526,2ο,0.0,0.0,1.0,1.0,0.0,0.0
1660,ΗΛΕΚΤΡΟΛΟΓΩΝ ΜΗΧΑΝΙΚΩΝ ΚΑΙ ΜΗΧΑΝΙΚΩΝ ΥΠΟΛΟΓΙΣΤΩΝ (ΗΡΑΚΛΕΙΟ),Ηράκλειο,EL431,2ο,0.0,0.0,1.0,1.0,0.0,0.0
674,ΓΡΑΦΙΣΤΙΚΗΣ ΚΑΙ ΟΠΤΙΚΗΣ ΕΠΙΚΟΙΝΩΝΙΑΣ (ΑΙΓΑΛΕΩ),Αιγάλεω,EL302,4ο,0.0,0.0,1.0,1.0,0.0,0.0
1434,ΠΕΡΙΒΑΛΛΟΝΤΟΣ (ΛΑΡΙΣΑ),Λάρισα,EL612,4ο,0.0,0.0,1.0,1.0,0.0,0.0
361,ΟΙΚΟΝΟΜΙΚΩΝ ΕΠΙΣΤΗΜΩΝ (ΤΡΙΠΟΛΗ),Τρίπολη,EL651,4ο,0.0,0.43956043956043955,1.0,0.5604,0.43956043956043955,-0.4396
1439,ΨΗΦΙΑΚΩΝ ΣΥΣΤΗΜΑΤΩΝ (ΛΑΡΙΣΑ),Λάρισα,EL612,4ο,0.0,0.1038961038961039,1.0,0.8961,0.1038961038961039,-0.10389999999999999
252,ΜΑΘΗΜΑΤΙΚΩΝ (ΣΑΜΟΣ),Σάμος,EL412,2ο,0.0,0.9664429530201343,1.0,0.0336,0.9664429530201343,-0.9664
248,ΜΑΘΗΜΑΤΙΚΩΝ KAI ΕΦΑΡΜΟΣΜΕΝΩΝ ΜΑΘΗΜΑΤΙΚΩΝ (ΗΡΑΚΛΕΙΟ) - ΕΦΑΡΜΟΣΜΕΝΩΝ ΜΑΘΗΜΑΤΙΚΩΝ,Ηράκλειο,EL431,2ο,0.0,0.04081632653061224,1.0,0.9592,0.04081632653061224,-0.04079999999999995
228,"ΜΗΧΑΝΙΚΩΝ ΧΩΡΟΤΑΞΙΑΣ, ΠΟΛΕΟΔΟΜΙΑΣ ΚΑΙ ΠΕΡΙΦΕΡΕΙΑΚΗΣ ΑΝΑΠΤΥΞΗΣ (ΒΟΛΟΣ)",Βόλος,EL613,2ο,0.0,0.0,1.0,1.0,0.0,0.0
1428,ΕΠΙΣΤΗΜΗΣ ΖΩΙΚΗΣ ΠΑΡΑΓΩΓΗΣ (ΛΑΡΙΣΑ),Λάρισα,EL612,3ο,0.0,0.7846153846153846,1.0,0.2154,0.7846153846153846,-0.7846
288,ΕΠΙΣΤΗΜΗΣ ΤΩΝ ΥΛΙΚΩΝ (ΠΑΤΡΑ),Πάτρα,EL632,3ο,0.0,0.0,1.0,1.0,0.0,0.0
276,ΠΕΡΙΒΑΛΛΟΝΤΟΣ (ΜΥΤΙΛΗΝΗ),Μυτιλήνη,EL411,4ο,0.0,0.0,1.0,1.0,0.0,0.0
238,ΜΗΧΑΝΙΚΩΝ ΣΧΕΔΙΑΣΗΣ ΠΡΟΪΟΝΤΩΝ ΚΑΙ ΣΥΣΤΗΜΑΤΩΝ (ΣΥΡΟΣ),Σύρος,EL422,4ο,0.0,0.39669421487603307,1.0,0.6033,0.39669421487603307,-0.39670000000000005
353,ΑΓΡΟΤΙΚΗΣ ΑΝΑΠΤΥΞΗΣ (ΟΡΕΣΤΙΑΔΑ),Ορεστιάδα,EL511,4ο,0.0,0.0,1.0,1.0,0.0,0.0
497,ΕΚΠΑΙΔΕΥΤΙΚΩΝ ΗΛΕΚΤΡΟΛΟΓΩΝ ΜΗΧΑΝΙΚΩΝ ΚΑΙ ΕΚΠΑΙΔΕΥΤΙΚΩΝ ΗΛΕΚΤΡΟΝΙΚΩΝ ΜΗΧΑΝΙΚΩΝ - ΕΚΠΑΙΔΕΥΤΙΚΩΝ ΗΛΕΚΤΡΟΛΟΓΩΝ ΜΗΧΑΝΙΚΩΝ (ΑΘΗΝΑ),Αθήνα,EL303,2ο,0.0,0.45714285714285713,1.0,0.5429,0.45714285714285713,-0.45709999999999995
476,ΜΗΧΑΝΙΚΩΝ ΠΕΡΙΒΑΛΛΟΝΤΟΣ (ΞΑΝΘΗ),Ξάνθη,EL512,2ο,0.0,0.0,1.0,1.0,0.0,0.0
1601,ΟΡΓΑΝΩΣΗΣ ΚΑΙ ΔΙΟΙΚΗΣΗΣ ΕΠΙΧΕΙΡΗΣΕΩΝ (ΣΕΡΡΕΣ),Σέρρες,EL526,4ο,0.0,0.0,1.0,1.0,0.0,0.0
1430,ΛΟΓΙΣΤΙΚΗΣ ΚΑΙ ΧΡΗΜΑΤΟΟΙΚΟΝΟΜΙΚΗΣ (ΛΑΡΙΣΑ),Λάρισα,EL612,4ο,0.0,0.0,1.0,1.0,0.0,0.0
1427,ΔΙΟΙΚΗΣΗΣ ΕΠΙΧΕΙΡΗΣΕΩΝ (ΛΑΡΙΣΑ),Λάρισα,EL612,4ο,0.0,0.0,1.0,1.0,0.0,0.0
287,ΓΕΩΛΟΓΙΑΣ (ΠΑΤΡΑ),Πάτρα,EL632,2ο,0.0,0.4507042253521127,1.0,0.5493,0.4507042253521127,-0.4507
1655,ΔΙΟΙΚΗΣΗΣ ΕΠΙΧΕΙΡΗΣΕΩΝ ΚΑΙ ΤΟΥΡΙΣΜΟΥ (ΗΡΑΚΛΕΙΟ),Ηράκλειο,EL431,4ο,0.0,0.3090909090909091,1.0,0.6909,0.3090909090909091,-0.30910000000000004
182,ΙΤΑΛΙΚΗΣ ΓΛΩΣΣΑΣ ΚΑΙ ΦΙΛΟΛΟΓΙΑΣ (ΑΘΗΝΑ),Αθήνα,EL303,1ο,0.0,0.864406779661017,1.0,0.1356,0.864406779661017,-0.8644000000000001
1662,ΗΛΕΚΤΡΟΝΙΚΩΝ ΜΗΧΑΝΙΚΩΝ (ΧΑΝΙΑ),Χανιά,EL434,4ο,0.0,0.0,1.0,1.0,0.0,0.0
1632,ΦΥΣΙΚΟΥ ΠΕΡΙΒΑΛΛΟΝΤΟΣ ΚΑΙ ΚΛΙΜΑΤΙΚΗΣ ΑΝΘΕΚΤΙΚΟΤΗΤΑΣ (ΔΡΑΜΑ) (Μετονομασία του Τμήματος ΔΑΣΟΛΟΓΙΑΣ ΚΑΙ ΦΥΣΙΚΟΥ ΠΕΡΙΒΑΛΛΟΝΤΟΣ),Δράμα,EL514,3ο,0.0,0.9716312056737588,1.0,0.0284,0.9716312056737588,-0.9716
183,ΙΣΠΑΝΙΚΗΣ ΓΛΩΣΣΑΣ ΚΑΙ ΦΙΛΟΛΟΓΙΑΣ (ΑΘΗΝΑ),Αθήνα,EL303,1ο,0.0,0.6463414634146342,1.0,0.3537,0.6463414634146342,-0.6463
1008,ΤΕΧΝΟΛΟΓΙΩΝ ΨΗΦΙΑΚΗΣ ΒΙΟΜΗΧΑΝΙΑΣ (ΨΑΧΝΑ ΕΥΒΟΙΑΣ),Ψαχνα Ευβοιας,EL642,4ο,0.0,0.0,1.0,1.0,0.0,0.0
1453,ΠΕΡΙΒΑΛΛΟΝΤΟΣ (ΖΑΚΥΝΘΟΣ),Ζακυνθος,EL621,4ο,0.0,0.0,1.0,1.0,0.0,0.0
776,ΕΚΠΑΙΔΕΥΤΙΚΩΝ ΠΟΛΙΤΙΚΩΝ ΜΗΧΑΝΙΚΩΝ (ΑΘΗΝΑ),Αθήνα,EL303,2ο,0.0,0.6491228070175439,1.0,0.3509,0.6491228070175439,-0.6491
1424,"ΔΑΣΟΛΟΓΙΑΣ, ΕΠΙΣΤΗΜΩΝ ΞΥΛΟΥ ΚΑΙ ΣΧΕΔΙΑΣΜΟΥ (ΚΑΡΔΙΤΣΑ)",Καρδίτσα,EL611,4ο,0.0,0.0,1.0,1.0,0.0,0.0
507,ΕΚΠΑΙΔΕΥΤΙΚΩΝ ΗΛΕΚΤΡΟΛΟΓΩΝ ΜΗΧΑΝΙΚΩΝ ΚΑΙ ΕΚΠΑΙΔΕΥΤΙΚΩΝ ΗΛΕΚΤΡΟΝΙΚΩΝ ΜΗΧΑΝΙΚΩΝ - ΕΚΠΑΙΔΕΥΤΙΚΩΝ ΗΛΕΚΤΡΟΝΙΚΩΝ ΜΗΧΑΝΙΚΩΝ (ΑΘΗΝΑ),Αθήνα,EL303,2ο,0.0,0.8055555555555556,1.0,0.1944,0.8055555555555556,-0.8056
1620,ΜΗΧΑΝΙΚΩΝ ΤΟΠΟΓΡΑΦΙΑΣ ΚΑΙ ΓΕΩΠΛΗΡΟΦΟΡΙΚΗΣ (ΣΕΡΡΕΣ),Σέρρες,EL526,2ο,0.0,0.0,1.0,1.0,0.0,0.0
1519,ΨΗΦΙΑΚΩΝ ΣΥΣΤΗΜΑΤΩΝ (ΣΠΑΡΤΗ),Σπάρτη,EL653,4ο,0.0,0.0,1.0,1.0,0.0,0.0
212,ΔΑΣΟΛΟΓΙΑΣ ΚΑΙ ΔΙΑΧΕΙΡΙΣΗΣ ΠΕΡΙΒΑΛΛΟΝΤΟΣ ΚΑΙ ΦΥΣΙΚΩΝ ΠΟΡΩΝ (ΟΡΕΣΤΙΑΔΑ),Ορεστιάδα,EL511,4ο,0.0,0.0,1.0,1.0,0.0,0.0
1513,ΛΟΓΙΣΤΙΚΗΣ ΚΑΙ ΧΡΗΜΑΤΟΟΙΚΟΝΟΜΙΚΗΣ (ΚΑΛΑΜΑΤΑ),Καλαμάτα,EL653,4ο,0.0,0.0,1.0,1.0,0.0,0.0
1061,ΔΑΣΟΛΟΓΙΑΣ ΚΑΙ ΔΙΑΧΕΙΡΙΣΗΣ ΦΥΣΙΚΟΥ ΠΕΡΙΒΑΛΛΟΝΤΟΣ (ΚΑΡΠΕΝΗΣΙ),Καρπενήσι,EL643,3ο,0.0,0.9629629629629629,1.0,0.037,0.9629629629629629,-0.963
200,ΕΠΙΣΤΗΜΗΣ ΚΑΙ ΜΗΧΑΝΙΚΗΣ ΥΛΙΚΩΝ (ΗΡΑΚΛΕΙΟ),Ηράκλειο,EL431,3ο,0.0,0.0,1.0,1.0,0.0,0.0
1654,ΛΟΓΙΣΤΙΚΗΣ ΚΑΙ ΧΡΗΜΑΤΟΟΙΚΟΝΟΜΙΚΗΣ (ΗΡΑΚΛΕΙΟ),Ηράκλειο,EL431,4ο,0.0,0.3674698795180723,1.0,0.6325,0.3674698795180723,-0.36750000000000005
1276,ΑΛΙΕΙΑΣ ΚΑΙ ΥΔΑΤΟΚΑΛΛΙΕΡΓΕΙΩΝ (ΜΕΣΟΛΟΓΓΙ),Μεσολόγγι,EL631,4ο,0.0,0.0,1.0,1.0,0.0,0.0
344,ΜΗΧΑΝΙΚΩΝ ΠΛΗΡΟΦΟΡΙΑΚΩΝ ΚΑΙ ΕΠΙΚΟΙΝΩΝΙΑΚΩΝ ΣΥΣΤΗΜΑΤΩΝ (ΣΑΜΟΣ),Σάμος,EL412,4ο,0.0,0.0,1.0,1.0,0.0,0.0
1455,ΤΟΥΡΙΣΜΟΥ (ΚΕΡΚΥΡΑ),Κέρκυρα,EL622,4ο,0.0,0.0,1.0,1.0,0.0,0.0
242,ΜΗΧΑΝΙΚΩΝ ΟΡΥΚΤΩΝ ΠΟΡΩΝ (ΧΑΝΙΑ),Χανιά,EL434,2ο,0.0,0.3611111111111111,1.0,0.6389,0.3611111111111111,-0.3611
612,ΟΙΚΟΝΟΜΙΚΗΣ ΚΑΙ ΔΙΟΙΚΗΣΗΣ ΤΟΥΡΙΣΜΟΥ (ΧΙΟΣ),Χίος,EL413,4ο,0.0,0.0,1.0,1.0,0.0,0.0
1542,ΜΗΧΑΝΙΚΩΝ ΣΧΕΔΙΑΣΗΣ ΠΡΟΪΟΝΤΩΝ ΚΑΙ ΣΥΣΤΗΜΑΤΩΝ (ΚΟΖΑΝΗ),Κοζάνη,EL531,4ο,0.0,0.0,1.0,1.0,0.0,0.0
400,ΟΡΓΑΝΩΣΗΣ ΚΑΙ ΔΙΑΧΕΙΡΙΣΗΣ ΑΘΛΗΤΙΣΜΟΥ (ΣΠΑΡΤΗ),Σπάρτη,EL653,4ο,0.0,0.0,1.0,1.0,0.0,0.0
1436,ΣΥΣΤΗΜΑΤΩΝ ΕΝΕΡΓΕΙΑΣ (ΛΑΡΙΣΑ),Λάρισα,EL612,4ο,0.0,0.0,1.0,1.0,0.0,0.0
1518,ΔΙΟΙΚΗΤΙΚΗΣ ΕΠΙΣΤΗΜΗΣ ΚΑΙ ΤΕΧΝΟΛΟΓΙΑΣ (ΤΡΙΠΟΛΗ),Τρίπολη,EL651,4ο,0.0,0.0,1.0,1.0,0.0,0.0
222,ΜΗΧΑΝΙΚΩΝ ΟΙΚΟΝΟΜΙΑΣ ΚΑΙ ΔΙΟΙΚΗΣΗΣ (ΧΙΟΣ),Χίος,EL413,4ο,0.0,0.0,1.0,1.0,0.0,0.0
1604,ΛΟΓΙΣΤΙΚΗΣ ΚΑΙ ΧΡΗΜΑΤΟΟΙΚΟΝΟΜΙΚΗΣ (ΚΑΒΑΛΑ),Καβάλα,EL515,4ο,0.0,0.24770642201834864,1.0,0.7523,0.24770642201834864,-0.24770000000000003
133,ΓΑΛΛΙΚΗΣ ΓΛΩΣΣΑΣ ΚΑΙ ΦΙΛΟΛΟΓΙΑΣ (ΘΕΣΣΑΛΟΝΙΚΗ),Θεσσαλονίκη,EL522,1ο,0.41739130434782606,0.8375,0.5826,0.1625,0.42010869565217396,-0.42010000000000003
1546,ΟΡΓΑΝΩΣΗΣ ΚΑΙ ΔΙΟΙΚΗΣΗΣ ΕΠΙΧΕΙΡΗΣΕΩΝ (ΓΡΕΒΕΝΑ),Γρεβενά,EL531,4ο,0.0,0.8368794326241135,1.0,0.1631,0.8368794326241135,-0.8369
310,ΓΕΩΓΡΑΦΙΑΣ (ΜΥΤΙΛΗΝΗ),Μυτιλήνη,EL411,4ο,0.0,0.4959349593495935,1.0,0.5041,0.4959349593495935,-0.4959
1063,ΔΙΟΙΚΗΣΗΣ ΓΕΩΡΓΙΚΩΝ ΕΠΙΧΕΙΡΗΣΕΩΝ ΚΑΙ ΣΥΣΤΗΜΑΤΩΝ ΕΦΟΔΙΑΣΜΟΥ (ΘΗΒΑ),Θήβα,EL641,4ο,0.0,0.33653846153846156,1.0,0.6635,0.33653846153846156,-0.3365
1514,ΔΙΟΙΚΗΣΗΣ ΕΠΙΧΕΙΡΗΣΕΩΝ ΚΑΙ ΟΡΓΑΝΙΣΜΩΝ (ΚΑΛΑΜΑΤΑ),Καλαμάτα,EL653,4ο,0.0,0.0,1.0,1.0,0.0,0.0
1541,ΜΗΧΑΝΙΚΩΝ ΟΡΥΚΤΩΝ ΠΟΡΩΝ (ΚΟΖΑΝΗ),Κοζάνη,EL531,2ο,0.0,0.8387096774193549,1.0,0.1613,0.8387096774193549,-0.8387
320,ΔΙΟΙΚΗΣΗΣ ΕΠΙΧΕΙΡΗΣΕΩΝ (ΧΙΟΣ),Χίος,EL413,4ο,0.0,0.0,1.0,1.0,0.0,0.0
1627,ΔΗΜΙΟΥΡΓΙΚΟΥ ΣΧΕΔΙΑΣΜΟΥ ΚΑΙ ΕΝΔΥΣΗΣ (ΚΙΛΚΙΣ),Κιλκίς,EL523,4ο,0.0,0.0,1.0,1.0,0.0,0.0
1549,ΔΙΕΘΝΩΝ ΚΑΙ ΕΥΡΩΠΑΪΚΩΝ ΟΙΚΟΝΟΜΙΚΩΝ ΣΠΟΥΔΩΝ (ΚΟΖΑΝΗ),Κοζάνη,EL531,4ο,0.0,0.46402877697841727,1.0,0.536,0.46402877697841727,-0.46399999999999997
1603,ΔΙΟΙΚΗΣΗΣ ΕΦΟΔΙΑΣΤΙΚΗΣ ΑΛΥΣΙΔΑΣ (ΚΑΤΕΡΙΝΗ),Κατερίνη,EL525,4ο,0.0,0.0,1.0,1.0,0.0,0.0
676,ΣΥΝΤΗΡΗΣΗΣ ΑΡΧΑΙΟΤΗΤΩΝ ΚΑΙ ΕΡΓΩΝ ΤΕΧΝΗΣ (ΑΙΓΑΛΕΩ),Αιγάλεω,EL302,2ο,0.4857142857142857,0.0,0.5143,1.0,-0.4857142857142857,0.4857
1664,ΜΟΥΣΙΚΗΣ ΤΕΧΝΟΛΟΓΙΑΣ ΚΑΙ ΑΚΟΥΣΤΙΚΗΣ (ΡΕΘΥΜΝΟ),Ρέθυμνο,EL433,4ο,0.0,0.2682926829268293,1.0,0.7317,0.2682926829268293,-0.2683
218,ΣΤΑΤΙΣΤΙΚΗΣ ΚΑΙ ΑΝΑΛΟΓΙΣΤΙΚΩΝ-ΧΡΗΜΑΤΟΟΙΚΟΝΟΜΙΚΩΝ ΜΑΘΗΜΑΤΙΚΩΝ (ΣΑΜΟΣ),Σάμος,EL412,4ο,0.0,0.0,1.0,1.0,0.0,0.0
1626,ΕΣΩΤΕΡΙΚΗΣ ΑΡΧΙΤΕΚΤΟΝΙΚΗΣ (ΣΕΡΡΕΣ),Σέρρες,EL526,4ο,0.34782608695652173,0.0,0.6522,1.0,-0.34782608695652173,0.3478
1545,ΛΟΓΙΣΤΙΚΗΣ ΚΑΙ ΧΡΗΜΑΤΟΟΙΚΟΝΟΜΙΚΗΣ (ΚΟΖΑΝΗ),Κοζάνη,EL531,4ο,0.0,0.7310606060606061,1.0,0.2689,0.7310606060606061,-0.7311000000000001
1244,ΛΟΓΙΣΤΙΚΗΣ ΚΑΙ ΧΡΗΜΑΤΟΟΙΚΟΝΟΜΙΚΗΣ (ΠΡΕΒΕΖΑ),Πρέβεζα,EL541,4ο,0.0,0.6477272727272727,1.0,0.3523,0.6477272727272727,-0.6476999999999999
1547,ΣΤΑΤΙΣΤΙΚΗΣ (ΓΡΕΒΕΝΑ) (Μετονομασία του Τμήματος ΣΤΑΤΙΣΤΙΚΗΣ ΚΑΙ ΑΣΦΑΛΙΣΤΙΚΗΣ ΕΠΙΣΤΗΜΗΣ),Γρεβενά,EL531,4ο,0.0,0.4095940959409594,1.0,0.5904,0.4095940959409594,-0.40959999999999996
1656,ΔΙΟΙΚΗΤΙΚΗΣ ΕΠΙΣΤΗΜΗΣ ΚΑΙ ΤΕΧΝΟΛΟΓΙΑΣ (ΑΓΙΟΣ ΝΙΚΟΛΑΟΣ),Αγιος Νικολαος,EL432,4ο,0.0,0.0,1.0,1.0,0.0,0.0
1607,ΔΙΟΙΚΗΤΙΚΗΣ ΕΠΙΣΤΗΜΗΣ ΚΑΙ ΤΕΧΝΟΛΟΓΙΑΣ (ΚΑΒΑΛΑ),Καβάλα,EL515,4ο,0.0,0.0,1.0,1.0,0.0,0.0
1544,ΔΙΟΙΚΗΤΙΚΗΣ ΕΠΙΣΤΗΜΗΣ ΚΑΙ ΤΕΧΝΟΛΟΓΙΑΣ (ΚΟΖΑΝΗ),Κοζάνη,EL531,4ο,0.0,0.0,1.0,1.0,0.0,0.0
1064,ΠΕΡΙΦΕΡΕΙΑΚΗΣ ΚΑΙ ΟΙΚΟΝΟΜΙΚΗΣ ΑΝΑΠΤΥΞΗΣ (ΑΜΦΙΣΣΑ),Άμφισσα,EL645,4ο,0.0,0.6666666666666666,1.0,0.3333,0.6666666666666666,-0.6667000000000001
139,ΙΤΑΛΙΚΗΣ ΓΛΩΣΣΑΣ ΚΑΙ ΦΙΛΟΛΟΓΙΑΣ (ΘΕΣΣΑΛΟΝΙΚΗ),Θεσσαλονίκη,EL522,1ο,0.16842105263157894,0.9565217391304348,0.8316,0.0435,0.7881006864988559,-0.7881
