dept_code,name,field,nuts3,region,vac_2025,base_2025,ebe_coefficient,tourism_per_capita,gdp_per_capita,is_metro,base_2019
333,ΠΛΗΡΟΦΟΡΙΚΗΣ (ΑΘΗΝΑ),4ο,EL303,Kentrikos Tomeas Athinon,0.0,17590.0,1.2,7.859,38500,True,16433.0
221,ΗΛΕΚΤΡΟΛΟΓΩΝ ΜΗΧΑΝΙΚΩΝ ΚΑΙ ΤΕΧΝΟΛΟΓΙΑΣ ΥΠΟΛΟΓΙΣΤΩΝ - ΠΑΝ. ΠΑΤΡΩΝ (ΠΑΤΡΑ),2ο,EL632,Achaia,0.0,16575.0,1.2,3.13,15400,False,16411.0
201,ΠΟΛΙΤΙΚΩΝ ΜΗΧΑΝΙΚΩΝ (ΑΘΗΝΑ),2ο,EL303,Kentrikos Tomeas Athinon,0.0,17265.0,1.2,7.859,38500,True,16385.0
347,ΛΟΓΙΣΤΙΚΗΣ ΚΑΙ ΧΡΗΜΑΤΟΟΙΚΟΝΟΜΙΚΗΣ (ΑΘΗΝΑ),4ο,EL303,Kentrikos Tomeas Athinon,0.0,15775.0,1.2,7.859,38500,True,16371.0
269,ΧΗΜΕΙΑΣ (ΙΩΑΝΝΙΝΑ),3ο,EL543,Ioannina,0.0,15570.0,1.0,6.116,13000,False,16353.0
270,ΧΗΜΕΙΑΣ (ΗΡΑΚΛΕΙΟ),3ο,EL431,Irakleio,0.0,15278.0,1.2,47.821,15800,False,16277.0
683,ΦΥΣΙΚΟΘΕΡΑΠΕΙΑΣ (ΑΙΓΑΛΕΩ),3ο,EL302,Dytikos Tomeas Athinon,0.0,15575.0,1.2,0.066,13900,True,16222.0
123,ΠΟΛΙΤΙΚΗΣ ΕΠΙΣΤΗΜΗΣ ΚΑΙ ΔΗΜΟΣΙΑΣ ΔΙΟΙΚΗΣΗΣ (ΑΘΗΝΑ),1ο,EL303,Kentrikos Tomeas Athinon,0.0,14430.0,1.2,7.859,38500,True,16166.0
153,"ΕΠΙΚΟΙΝΩΝΙΑΣ, ΜΕΣΩΝ ΚΑΙ ΠΟΛΙΤΙΣΜΟΥ (ΑΘΗΝΑ)",1ο,EL303,Kentrikos Tomeas Athinon,0.0,15150.0,1.0,7.859,38500,True,16137.0
332,ΜΗΧΑΝΟΛΟΓΩΝ ΜΗΧΑΝΙΚΩΝ (ΒΟΛΟΣ),2ο,EL613,"Magnisia, Sporades",0.0,16580.0,1.2,16.025,15300,False,16120.0
313,ΟΡΓΑΝΩΣΗΣ ΚΑΙ ΔΙΟΙΚΗΣΗΣ ΕΠΙΧΕΙΡΗΣΕΩΝ (ΑΘΗΝΑ),4ο,EL303,Kentrikos Tomeas Athinon,0.0,17425.0,1.2,7.859,38500,True,16087.0
306,ΝΟΣΗΛΕΥΤΙΚΗΣ (ΑΘΗΝΑ),3ο,EL303,Kentrikos Tomeas Athinon,0.5149253731343284,14400.0,1.2,7.859,38500,True,16075.0
671,ΚΟΙΝΩΝΙΚΗΣ ΕΡΓΑΣΙΑΣ (ΑΙΓΑΛΕΩ),1ο,EL302,Dytikos Tomeas Athinon,0.0,15420.0,0.8,0.066,13900,True,16066.0
385,ΞΕΝΩΝ ΓΛΩΣΣΩΝ ΜΕΤΑΦΡΑΣΗΣ ΚΑΙ ΔΙΕΡΜΗΝΕΙΑΣ (ΚΕΡΚΥΡΑ),1ο,EL622,Kerkyra,0.2755102040816326,14300.0,0.8,100.783,16100,False,16019.0
339,ΠΛΗΡΟΦΟΡΙΚΗΣ (ΠΕΙΡΑΙΑΣ),4ο,EL307,"Peiraias, Nisoi",0.0,16935.0,1.2,3.126,22300,True,15998.0
157,ΝΑΥΤΙΛΙΑΚΩΝ ΣΠΟΥΔΩΝ (ΠΕΙΡΑΙΑΣ),4ο,EL307,"Peiraias, Nisoi",0.0,19210.0,1.0,3.126,22300,True,15971.0
1616,ΦΥΣΙΚΟΘΕΡΑΠΕΙΑΣ (ΘΕΣΣΑΛΟΝΙΚΗ),3ο,EL522,Thessaloniki,0.0,15100.0,1.2,3.616,16900,True,15970.0
147,ΔΗΜΟΣΙΟΓΡΑΦΙΑΣ ΚΑΙ ΜΕΣΩΝ ΜΑΖΙΚΗΣ ΕΠΙΚΟΙΝΩΝΙΑΣ (ΘΕΣΣΑΛΟΝΙΚΗ),1ο,EL522,Thessaloniki,0.0,16860.0,0.9,3.616,16900,True,15949.0
239,ΧΗΜΙΚΩΝ ΜΗΧΑΝΙΚΩΝ (ΠΑΤΡΑ),2ο,EL632,Achaia,0.0,16275.0,1.2,3.13,15400,False,15918.0
1629,ΧΗΜΕΙΑΣ (ΚΑΒΑΛΑ),3ο,EL515,"Thasos, Kavala",0.0,14712.0,1.2,21.887,15400,False,15854.0
680,ΕΡΓΟΘΕΡΑΠΕΙΑΣ (ΑΙΓΑΛΕΩ),3ο,EL302,Dytikos Tomeas Athinon,0.06930693069306931,14370.0,1.2,0.066,13900,True,15836.0
405,ΕΠΙΣΤΗΜΗΣ ΦΥΣΙΚΗΣ ΑΓΩΓΗΣ ΚΑΙ ΑΘΛΗΤΙΣΜΟΥ (ΤΡΙΚΑΛΑ),4ο,EL611,"Karditsa, Trikala",0.0,15134.0,1.0,3.385,12700,False,15828.0
174,ΕΚΠΑΙΔΕΥΤΙΚΗΣ ΚΑΙ ΚΟΙΝΩΝΙΚΗΣ ΠΟΛΙΤΙΚΗΣ (ΘΕΣΣΑΛΟΝΙΚΗ),1ο,EL522,Thessaloniki,0.07042253521126761,13550.0,1.2,3.616,16900,True,15816.0
328,ΕΠΙΣΤΗΜΗΣ ΤΡΟΦΙΜΩΝ ΚΑΙ ΔΙΑΤΡΟΦΗΣ ΤΟΥ ΑΝΘΡΩΠΟΥ (ΑΘΗΝΑ),3ο,EL303,Kentrikos Tomeas Athinon,0.25961538461538464,14520.0,1.2,7.859,38500,True,15787.0
1211,ΕΦΑΡΜΟΣΜΕΝΗΣ ΠΛΗΡΟΦΟΡΙΚΗΣ - ΕΠΙΣΤΗΜΗ ΚΑΙ ΤΕΧΝΟΛΟΓΙΑ ΥΠΟΛΟΓΙΣΤΩΝ (ΘΕΣΣΑΛΟΝΙΚΗ),4ο,EL522,Thessaloniki,0.0,16915.0,1.2,3.616,16900,True,15755.0
128,ΠΑΙΔΑΓΩΓΙΚΟ ΔΗΜΟΤΙΚΗΣ ΕΚΠΑΙΔΕΥΣΗΣ (ΑΘΗΝΑ),4ο,EL303,Kentrikos Tomeas Athinon,0.0,16250.0,1.2,7.859,38500,True,15732.0
312,ΟΙΚΟΝΟΜΙΚΗΣ ΕΠΙΣΤΗΜΗΣ (ΑΘΗΝΑ),4ο,EL303,Kentrikos Tomeas Athinon,0.0,15900.0,1.2,7.859,38500,True,15725.0
178,ΠΑΙΔΑΓΩΓΙΚΟ ΕΙΔΙΚΗΣ ΑΓΩΓΗΣ (ΒΟΛΟΣ),4ο,EL613,"Magnisia, Sporades",0.0,13050.0,1.0,16.025,15300,False,15685.0
220,ΗΛΕΚΤΡΟΛΟΓΩΝ ΜΗΧΑΝΙΚΩΝ ΚΑΙ ΜΗΧΑΝΙΚΩΝ ΥΠΟΛΟΓΙΣΤΩΝ (ΒΟΛΟΣ),2ο,EL613,"Magnisia, Sporades",0.0,16000.0,1.0,16.025,15300,False,15664.0
1212,ΕΦΑΡΜΟΣΜΕΝΗΣ ΠΛΗΡΟΦΟΡΙΚΗΣ - ΠΛΗΡΟΦΟΡΙΑΚΑ ΣΥΣΤΗΜΑΤΑ (ΘΕΣΣΑΛΟΝΙΚΗ),4ο,EL522,Thessaloniki,0.0,16705.0,1.2,3.616,16900,True,15606.0
232,ΑΡΧΙΤΕΚΤΟΝΩΝ ΜΗΧΑΝΙΚΩΝ (ΠΑΤΡΑ),2ο,EL632,Achaia,0.5,18690.0,1.2,3.13,15400,False,15602.0
357,ΠΟΛΙΤΙΚΩΝ ΕΠΙΣΤΗΜΩΝ (ΘΕΣΣΑΛΟΝΙΚΗ),1ο,EL522,Thessaloniki,0.0,14410.0,0.8,3.616,16900,True,15581.0
253,ΦΥΣΙΚΗΣ (ΑΘΗΝΑ),2ο,EL303,Kentrikos Tomeas Athinon,0.592814371257485,14513.0,1.2,7.859,38500,True,15417.0
246,ΕΦΑΡΜΟΣΜΕΝΩΝ ΜΑΘΗΜΑΤΙΚΩΝ ΚΑΙ ΦΥΣΙΚΩΝ ΕΠΙΣΤΗΜΩΝ (ΑΘΗΝΑ),2ο,EL303,Kentrikos Tomeas Athinon,0.0,15860.0,1.2,7.859,38500,True,15364.0
110,ΙΣΤΟΡΙΑΣ ΚΑΙ ΑΡΧΑΙΟΛΟΓΙΑΣ (ΑΘΗΝΑ),1ο,EL303,Kentrikos Tomeas Athinon,0.116751269035533,11838.0,1.05,7.859,38500,True,15306.0
140,ΠΑΙΔΑΓΩΓΙΚΟ ΔΗΜΟΤΙΚΗΣ ΕΚΠΑΙΔΕΥΣΗΣ (ΘΕΣΣΑΛΟΝΙΚΗ),4ο,EL522,Thessaloniki,0.0,15950.0,0.8,3.616,16900,True,15262.0
1613,ΕΠΙΣΤΗΜΩΝ ΔΙΑΤΡΟΦΗΣ ΚΑΙ ΔΙΑΙΤΟΛΟΓΙΑΣ (ΘΕΣΣΑΛΟΝΙΚΗ),3ο,EL522,Thessaloniki,0.0,13850.0,1.0,3.616,16900,True,15241.0
126,ΚΟΙΝΩΝΙΟΛΟΓΙΑΣ (ΑΘΗΝΑ) - ΠΑΝΤΕΙΟ,1ο,EL303,Kentrikos Tomeas Athinon,0.0,13860.0,0.9,7.859,38500,True,15163.0
412,ΠΛΗΡΟΦΟΡΙΚΗΣ ΚΑΙ ΤΗΛΕΜΑΤΙΚΗΣ (ΑΘΗΝΑ),4ο,EL303,Kentrikos Tomeas Athinon,0.0,16320.0,1.2,7.859,38500,True,15139.0
154,ΕΚΠΑΙΔΕΥΣΗΣ ΚΑΙ ΑΓΩΓΗΣ ΣΤΗΝ ΠΡΟΣΧΟΛΙΚΗ ΗΛΙΚΙΑ (ΑΘΗΝΑ),4ο,EL303,Kentrikos Tomeas Athinon,0.0,14800.0,0.8,7.859,38500,True,15092.0
402,ΕΠΙΣΤΗΜΗΣ ΦΥΣΙΚΗΣ ΑΓΩΓΗΣ ΚΑΙ ΑΘΛΗΤΙΣΜΟΥ (ΣΕΡΡΕΣ),4ο,EL526,Serres,0.0,13729.0,0.8,2.099,12500,False,15017.0
337,ΛΟΓΙΣΤΙΚΗΣ ΚΑΙ ΧΡΗΜΑΤΟΟΙΚΟΝΟΜΙΚΗΣ (ΘΕΣΣΑΛΟΝΙΚΗ),4ο,EL522,Thessaloniki,0.0,13525.0,1.2,3.616,16900,True,14917.0
331,ΗΛΕΚΤΡΟΛΟΓΩΝ ΜΗΧΑΝΙΚΩΝ ΚΑΙ ΜΗΧΑΝΙΚΩΝ ΥΠΟΛΟΓΙΣΤΩΝ (ΧΑΝΙΑ),2ο,EL434,Chania,0.34,14648.0,1.2,59.685,16800,False,14880.0
1006,ΚΟΙΝΩΝΙΟΛΟΓΙΑΣ (ΑΘΗΝΑ) - ΕΚΠΑ,1ο,EL303,Kentrikos Tomeas Athinon,0.0,13270.0,1.0,7.859,38500,True,14810.0
112,ΙΣΤΟΡΙΑΣ ΚΑΙ ΑΡΧΑΙΟΛΟΓΙΑΣ (ΘΕΣΣΑΛΟΝΙΚΗ),1ο,EL522,Thessaloniki,0.4394904458598726,12425.0,1.1,3.616,16900,True,14747.0
210,ΜΗΧΑΝΟΛΟΓΩΝ ΜΗΧΑΝΙΚΩΝ (ΚΟΖΑΝΗ),2ο,EL531,"Grevena, Kozani",0.3640776699029126,14714.0,1.2,0.98,15900,False,14736.0
223,ΗΛΕΚΤΡΟΛΟΓΩΝ ΜΗΧΑΝΙΚΩΝ ΚΑΙ ΜΗΧΑΝΙΚΩΝ ΥΠΟΛΟΓΙΣΤΩΝ (ΞΑΝΘΗ),2ο,EL512,Xanthi,0.24096385542168675,14310.0,1.2,1.469,11100,False,14724.0
375,ΤΟΥΡΙΣΤΙΚΩΝ ΣΠΟΥΔΩΝ (ΠΕΙΡΑΙΑΣ),4ο,EL307,"Peiraias, Nisoi",0.0,14785.0,1.2,3.126,22300,True,14694.0
125,ΠΟΛΙΤΙΚΗΣ ΕΠΙΣΤΗΜΗΣ ΚΑΙ ΙΣΤΟΡΙΑΣ (ΑΘΗΝΑ),1ο,EL303,Kentrikos Tomeas Athinon,0.0,12760.0,1.0,7.859,38500,True,14682.0
109,ΦΙΛΟΛΟΓΙΑΣ (ΑΘΗΝΑ),1ο,EL303,Kentrikos Tomeas Athinon,0.06060606060606061,11304.0,1.0,7.859,38500,True,14677.0
216,ΕΠΙΣΤΗΜΗΣ ΥΠΟΛΟΓΙΣΤΩΝ (ΗΡΑΚΛΕΙΟ),4ο,EL431,Irakleio,0.0,15646.0,1.2,47.821,15800,False,14668.0
1438,ΦΥΣΙΚΟΘΕΡΑΠΕΙΑΣ (ΛΑΜΙΑ),3ο,EL644,Fthiotida,0.808695652173913,14380.0,1.2,2.285,15000,False,14657.0
273,ΓΕΩΠΟΝΙΑΣ (ΘΕΣΣΑΛΟΝΙΚΗ) - ΑΠΘ,3ο,EL522,Thessaloniki,0.6683937823834197,14380.0,1.2,3.616,16900,True,14644.0
678,ΒΙΟΪΑΤΡΙΚΩΝ ΕΠΙΣΤΗΜΩΝ (ΑΙΓΑΛΕΩ),3ο,EL302,Dytikos Tomeas Athinon,0.0,14130.0,1.0,0.066,13900,True,14622.0
681,ΜΑΙΕΥΤΙΚΗΣ (ΑΙΓΑΛΕΩ),3ο,EL302,Dytikos Tomeas Athinon,0.36893203883495146,13200.0,1.1,0.066,13900,True,14622.0
404,ΕΠΙΣΤΗΜΗΣ ΦΥΣΙΚΗΣ ΑΓΩΓΗΣ ΚΑΙ ΑΘΛΗΤΙΣΜΟΥ (ΚΟΜΟΤΗΝΗ),4ο,EL513,Rodopi,0.0,13219.0,0.8,2.051,12100,False,14617.0
243,ΜΑΘΗΜΑΤΙΚΩΝ (ΑΘΗΝΑ),2ο,EL303,Kentrikos Tomeas Athinon,0.5659340659340659,14500.0,1.2,7.859,38500,True,14617.0
1286,ΕΠΙΣΤΗΜΩΝ ΤΗΣ ΕΚΠΑΙΔΕΥΣΗΣ ΚΑΙ ΚΟΙΝΩΝΙΚΗΣ ΕΡΓΑΣΙΑΣ (ΠΑΤΡΑ),4ο,EL632,Achaia,0.0,14422.0,1.2,3.13,15400,False,14525.0
1301,ΚΟΙΝΩΝΙΚΗΣ ΕΡΓΑΣΙΑΣ (ΚΟΜΟΤΗΝΗ),1ο,EL513,Rodopi,0.0,14640.0,1.1,2.051,12100,False,14506.0
1615,ΒΙΟΪΑΤΡΙΚΩΝ ΕΠΙΣΤΗΜΩΝ (ΘΕΣΣΑΛΟΝΙΚΗ),3ο,EL522,Thessaloniki,0.3958333333333333,14240.0,1.2,3.616,16900,True,14505.0
1558,ΕΡΓΟΘΕΡΑΠΕΙΑΣ (ΠΤΟΛΕΜΑΪΔΑ),3ο,EL531,"Grevena, Kozani",0.0,13000.0,1.0,0.98,15900,False,14505.0
155,ΧΡΗΜΑΤΟΟΙΚΟΝΟΜΙΚΗΣ ΚΑΙ ΤΡΑΠΕΖΙΚΗΣ ΔΙΟΙΚΗΤΙΚΗΣ (ΠΕΙΡΑΙΑΣ),4ο,EL307,"Peiraias, Nisoi",0.0,14850.0,1.2,3.126,22300,True,14494.0
262,ΨΗΦΙΑΚΩΝ ΣΥΣΤΗΜΑΤΩΝ (ΠΕΙΡΑΙΑΣ),4ο,EL307,"Peiraias, Nisoi",0.0,15940.0,1.2,3.126,22300,True,14492.0
203,ΠΟΛΙΤΙΚΩΝ ΜΗΧΑΝΙΚΩΝ (ΘΕΣΣΑΛΟΝΙΚΗ),2ο,EL522,Thessaloniki,0.0,15850.0,1.2,3.616,16900,True,14467.0
314,ΜΑΡΚΕΤΙΝΓΚ ΚΑΙ ΕΠΙΚΟΙΝΩΝΙΑΣ (ΑΘΗΝΑ),4ο,EL303,Kentrikos Tomeas Athinon,0.0,16350.0,1.2,7.859,38500,True,14458.0
111,ΦΙΛΟΛΟΓΙΑΣ (ΘΕΣΣΑΛΟΝΙΚΗ),1ο,EL522,Thessaloniki,0.11475409836065574,11127.0,1.0,3.616,16900,True,14431.0
409,ΜΟΥΣΙΚΗΣ ΕΠΙΣΤΗΜΗΣ ΚΑΙ ΤΕΧΝΗΣ (ΘΕΣΣΑΛΟΝΙΚΗ),1ο,EL522,Thessaloniki,0.3493975903614458,15600.0,1.2,3.616,16900,True,14430.0
1273,ΦΥΣΙΚΟΘΕΡΑΠΕΙΑΣ (ΠΑΤΡΑ),3ο,EL632,Achaia,0.2676056338028169,14381.0,1.2,3.13,15400,False,14410.0
164,ΠΑΙΔΑΓΩΓΙΚΟ ΔΗΜΟΤΙΚΗΣ ΕΚΠΑΙΔΕΥΣΗΣ (ΒΟΛΟΣ),4ο,EL613,"Magnisia, Sporades",0.0,15125.0,0.8,16.025,15300,False,14361.0
255,ΦΥΣΙΚΗΣ (ΘΕΣΣΑΛΟΝΙΚΗ),2ο,EL522,Thessaloniki,0.6875,14518.0,1.2,3.616,16900,True,14339.0
684,ΕΠΙΣΤΗΜΗΣ ΚΑΙ ΤΕΧΝΟΛΟΓΙΑΣ ΤΡΟΦΙΜΩΝ (ΑΙΓΑΛΕΩ),3ο,EL302,Dytikos Tomeas Athinon,0.0,13620.0,1.1,0.066,13900,True,14325.0
241,ΜΕΤΑΛΛΕΙΟΛΟΓΩΝ - ΜΕΤΑΛΛΟΥΡΓΩΝ ΜΗΧΑΝΙΚΩΝ (ΑΘΗΝΑ),2ο,EL303,Kentrikos Tomeas Athinon,0.0,13800.0,0.8,7.859,38500,True,14311.0
124,ΔΗΜΟΣΙΑΣ ΔΙΟΙΚΗΣΗΣ (ΑΘΗΝΑ),4ο,EL303,Kentrikos Tomeas Athinon,0.0,13075.0,1.2,7.859,38500,True,14296.0
1563,ΧΗΜΙΚΩΝ ΜΗΧΑΝΙΚΩΝ (ΚΟΖΑΝΗ),2ο,EL531,"Grevena, Kozani",0.3333333333333333,14605.0,1.2,0.98,15900,False,14283.0
388,ΜΗΧΑΝΙΚΩΝ ΒΙΟΪΑΤΡΙΚΗΣ (ΑΙΓΑΛΕΩ),3ο,EL302,Dytikos Tomeas Athinon,0.0,13885.0,0.8,0.066,13900,True,14193.0
316,ΟΡΓΑΝΩΣΗΣ ΚΑΙ ΔΙΟΙΚΗΣΗΣ ΕΠΙΧΕΙΡΗΣΕΩΝ (ΠΕΙΡΑΙΑΣ),4ο,EL307,"Peiraias, Nisoi",0.0,16620.0,1.2,3.126,22300,True,14186.0
317,ΟΙΚΟΝΟΜΙΚΩΝ ΕΠΙΣΤΗΜΩΝ (ΘΕΣΣΑΛΟΝΙΚΗ) - ΠΑΝ. ΜΑΚΕΔ.,4ο,EL522,Thessaloniki,0.0,14460.0,1.2,3.616,16900,True,14146.0
323,ΕΠΙΣΤΗΜΗΣ ΦΥΤΙΚΗΣ ΠΑΡΑΓΩΓΗΣ (ΑΘΗΝΑ),3ο,EL303,Kentrikos Tomeas Athinon,0.9347826086956522,14720.0,1.2,7.859,38500,True,14119.0
682,ΝΟΣΗΛΕΥΤΙΚΗΣ (ΑΙΓΑΛΕΩ),3ο,EL302,Dytikos Tomeas Athinon,0.581151832460733,13200.0,1.1,0.066,13900,True,14118.0
236,ΑΡΧΙΤΕΚΤΟΝΩΝ ΜΗΧΑΝΙΚΩΝ (ΒΟΛΟΣ),2ο,EL613,"Magnisia, Sporades",0.0,17105.0,1.0,16.025,15300,False,14109.0
215,ΜΗΧΑΝΙΚΩΝ ΗΛΕΚΤΡΟΝΙΚΩΝ ΥΠΟΛΟΓΙΣΤΩΝ ΚΑΙ ΠΛΗΡΟΦΟΡΙΚΗΣ (ΠΑΤΡΑ),2ο,EL632,Achaia,0.6989795918367347,14500.0,1.2,3.13,15400,False,14082.0
134,ΕΠΙΣΤΗΜΩΝ ΠΡΟΣΧΟΛΙΚΗΣ ΑΓΩΓΗΣ ΚΑΙ ΕΚΠΑΙΔΕΥΣΗΣ (ΘΕΣΣΑΛΟΝΙΚΗ),4ο,EL522,Thessaloniki,0.0,13875.0,0.8,3.616,16900,True,14079.0
176,"ΒΑΛΚΑΝΙΚΩΝ, ΣΛΑΒΙΚΩΝ ΚΑΙ ΑΝΑΤΟΛΙΚΩΝ ΣΠΟΥΔΩΝ (ΘΕΣΣΑΛΟΝΙΚΗ)",4ο,EL522,Thessaloniki,0.3423913043478261,12240.0,1.2,3.616,16900,True,14021.0
245,ΜΑΘΗΜΑΤΙΚΩΝ (ΘΕΣΣΑΛΟΝΙΚΗ),2ο,EL522,Thessaloniki,0.4117647058823529,14200.0,1.15,3.616,16900,True,14019.0
1274,ΛΟΓΟΘΕΡΑΠΕΙΑΣ (ΠΑΤΡΑ),3ο,EL632,Achaia,0.0,12844.0,1.0,3.13,15400,False,14016.0
165,ΚΟΙΝΩΝΙΚΗΣ ΑΝΘΡΩΠΟΛΟΓΙΑΣ (ΑΘΗΝΑ),1ο,EL303,Kentrikos Tomeas Athinon,0.0,12300.0,0.8,7.859,38500,True,13937.0
1520,ΦΥΣΙΚΟΘΕΡΑΠΕΙΑΣ (ΣΠΑΡΤΗ),3ο,EL653,"Lakonia, Messinia",0.0,13450.0,0.8,13.534,14700,False,13932.0
1652,ΚΟΙΝΩΝΙΚΗΣ ΕΡΓΑΣΙΑΣ (ΗΡΑΚΛΕΙΟ),1ο,EL431,Irakleio,0.0,13500.0,1.0,47.821,15800,False,13920.0
1614,ΜΑΙΕΥΤΙΚΗΣ (ΘΕΣΣΑΛΟΝΙΚΗ),3ο,EL522,Thessaloniki,0.8556701030927835,13241.0,1.1,3.616,16900,True,13890.0
315,ΟΙΚΟΝΟΜΙΚΗΣ ΕΠΙΣΤΗΜΗΣ (ΠΕΙΡΑΙΑΣ),4ο,EL307,"Peiraias, Nisoi",0.0,15100.0,1.2,3.126,22300,True,13843.0
130,ΠΑΙΔΑΓΩΓΙΚΟ ΔΗΜΟΤΙΚΗΣ ΕΚΠΑΙΔΕΥΣΗΣ (ΙΩΑΝΝΙΝΑ),4ο,EL543,Ioannina,0.0,14575.0,1.0,6.116,13000,False,13812.0
150,ΔΙΕΘΝΩΝ ΚΑΙ ΕΥΡΩΠΑΪΚΩΝ ΟΙΚΟΝΟΜΙΚΩΝ ΣΠΟΥΔΩΝ (ΑΘΗΝΑ),4ο,EL303,Kentrikos Tomeas Athinon,0.0,15150.0,1.2,7.859,38500,True,13804.0
1245,ΛΟΓΟΘΕΡΑΠΕΙΑΣ (ΙΩΑΝΝΙΝΑ),3ο,EL543,Ioannina,0.1694915254237288,12695.0,1.05,6.116,13000,False,13788.0
1564,ΗΛΕΚΤΡΟΛΟΓΩΝ ΜΗΧΑΝΙΚΩΝ ΚΑΙ ΜΗΧΑΝΙΚΩΝ ΥΠΟΛΟΓΙΣΤΩΝ (ΚΟΖΑΝΗ),2ο,EL531,"Grevena, Kozani",0.0,13290.0,1.0,0.98,15900,False,13730.0
192,ΡΩΣΙΚΗΣ ΓΛΩΣΣΑΣ ΚΑΙ ΦΙΛΟΛΟΓΙΑΣ ΚΑΙ ΣΛΑΒΙΚΩΝ ΣΠΟΥΔΩΝ (ΑΘΗΝΑ) - ΡΩΣΙΚΗΣ ΓΛΩΣΣΑΣ ΚΑΙ ΦΙΛΟΛΟΓΙΑΣ,1ο,EL303,Kentrikos Tomeas Athinon,0.0,10225.0,0.8,7.859,38500,True,13691.0
1618,ΝΟΣΗΛΕΥΤΙΚΗΣ (ΘΕΣΣΑΛΟΝΙΚΗ),3ο,EL522,Thessaloniki,0.0,12790.0,1.0,3.616,16900,True,13679.0
390,ΜΗΧΑΝΙΚΩΝ ΠΛΗΡΟΦΟΡΙΚΗΣ ΚΑΙ ΥΠΟΛΟΓΙΣΤΩΝ (ΑΙΓΑΛΕΩ),4ο,EL302,Dytikos Tomeas Athinon,0.0,15336.0,1.2,0.066,13900,True,13678.0
168,ΘΕΑΤΡΟΥ (ΘΕΣΣΑΛΟΝΙΚΗ),4ο,EL522,Thessaloniki,0.0,11425.0,0.8,3.616,16900,True,13635.0
406,ΜΟΥΣΙΚΩΝ ΣΠΟΥΔΩΝ (ΘΕΣΣΑΛΟΝΙΚΗ),1ο,EL522,Thessaloniki,0.0,14590.0,0.8,3.616,16900,True,13578.0
322,ΟΡΓΑΝΩΣΗΣ ΚΑΙ ΔΙΟΙΚΗΣΗΣ ΕΠΙΧΕΙΡΗΣΕΩΝ (ΘΕΣΣΑΛΟΝΙΚΗ),4ο,EL522,Thessaloniki,0.0,15532.0,1.2,3.616,16900,True,13558.0
205,ΠΟΛΙΤΙΚΩΝ ΜΗΧΑΝΙΚΩΝ - ΠΑΝ. ΠΑΤΡΩΝ (ΠΑΤΡΑ),2ο,EL632,Achaia,0.14556962025316456,14545.0,1.2,3.13,15400,False,13460.0
1426,ΔΙΑΙΤΟΛΟΓΙΑΣ ΚΑΙ ΔΙΑΤΡΟΦΟΛΟΓΙΑΣ (ΤΡΙΚΑΛΑ),3ο,EL611,"Karditsa, Trikala",0.16326530612244897,12130.0,1.0,3.385,12700,False,13383.0
673,ΑΓΩΓΗΣ ΚΑΙ ΦΡΟΝΤΙΔΑΣ ΣΤΗΝ ΠΡΩΙΜΗ ΠΑΙΔΙΚΗ ΗΛΙΚΙΑ (ΑΙΓΑΛΕΩ),4ο,EL302,Dytikos Tomeas Athinon,0.0,13120.0,0.8,0.066,13900,True,13372.0
1007,ΠΑΙΔΑΓΩΓΙΚΟ ΔΕΥΤΕΡΟΒΑΘΜΙΑΣ ΕΚΠΑΙΔΕΥΣΗΣ (ΑΘΗΝΑ),1ο,EL303,Kentrikos Tomeas Athinon,0.0,11495.0,0.8,7.859,38500,True,13339.0
329,ΣΤΑΤΙΣΤΙΚΗΣ (ΑΘΗΝΑ),4ο,EL303,Kentrikos Tomeas Athinon,0.0,14440.0,1.2,7.859,38500,True,13337.0
120,ΦΙΛΟΣΟΦΙΑΣ ΚΑΙ ΠΑΙΔΑΓΩΓΙΚΗΣ (ΘΕΣΣΑΛΟΝΙΚΗ),1ο,EL522,Thessaloniki,0.0,11580.0,0.8,3.616,16900,True,13333.0
1005,ΔΙΟΙΚΗΣΗΣ ΕΠΙΧΕΙΡΗΣΕΩΝ ΚΑΙ ΟΡΓΑΝΙΣΜΩΝ (ΑΘΗΝΑ),4ο,EL303,Kentrikos Tomeas Athinon,0.0,16220.0,1.2,7.859,38500,True,13313.0
159,ΚΟΙΝΩΝΙΚΗΣ ΠΟΛΙΤΙΚΗΣ (ΑΘΗΝΑ),4ο,EL303,Kentrikos Tomeas Athinon,0.0,12430.0,0.8,7.859,38500,True,13261.0
1515,ΛΟΓΟΘΕΡΑΠΕΙΑΣ (ΚΑΛΑΜΑΤΑ),3ο,EL653,"Lakonia, Messinia",0.0,12440.0,0.9,13.534,14700,False,13254.0
163,ΚΙΝΗΜΑΤΟΓΡΑΦΟΥ (ΘΕΣΣΑΛΟΝΙΚΗ),4ο,EL522,Thessaloniki,0.0,13125.0,1.2,3.616,16900,True,13243.0
1635,ΕΠΙΣΤΗΜΗΣ ΚΑΙ ΤΕΧΝΟΛΟΓΙΑΣ ΤΡΟΦΙΜΩΝ (ΘΕΣΣΑΛΟΝΙΚΗ),3ο,EL522,Thessaloniki,0.0,12650.0,1.0,3.616,16900,True,13230.0
208,ΠΟΛΙΤΙΚΩΝ ΜΗΧΑΝΙΚΩΝ (ΒΟΛΟΣ),2ο,EL613,"Magnisia, Sporades",0.0,14105.0,1.0,16.025,15300,False,13140.0
407,ΜΟΥΣΙΚΩΝ ΣΠΟΥΔΩΝ (ΚΕΡΚΥΡΑ),1ο,EL622,Kerkyra,0.0,13440.0,0.8,100.783,16100,False,13120.0
309,ΟΙΚΟΝΟΜΙΚΩΝ ΕΠΙΣΤΗΜΩΝ (ΑΘΗΝΑ),4ο,EL303,Kentrikos Tomeas Athinon,0.0,13896.0,1.2,7.859,38500,True,13087.0
225,ΑΓΡΟΝΟΜΩΝ ΚΑΙ ΤΟΠΟΓΡΑΦΩΝ ΜΗΧΑΝΙΚΩΝ - ΜΗΧΑΝΙΚΩΝ ΓΕΩΠΛΗΡΟΦΟΡΙΚΗΣ (ΑΘΗΝΑ),2ο,EL303,Kentrikos Tomeas Athinon,0.25,14715.0,1.2,7.859,38500,True,13047.0
411,ΠΟΛΙΤΙΚΗΣ ΕΠΙΣΤΗΜΗΣ ΚΑΙ ΔΙΕΘΝΩΝ ΣΧΕΣΕΩΝ (ΚΟΡΙΝΘΟΣ),1ο,EL652,Korinthia,0.0,11530.0,0.95,6.897,17300,False,13046.0
132,ΠΑΙΔΑΓΩΓΙΚΟ ΔΗΜΟΤΙΚΗΣ ΕΚΠΑΙΔΕΥΣΗΣ (ΡΕΘΥΜΝΟ),4ο,EL433,Rethymni,0.0,13375.0,1.0,73.039,15900,False,13024.0
408,ΜΟΥΣΙΚΩΝ ΣΠΟΥΔΩΝ (ΑΘΗΝΑ),1ο,EL303,Kentrikos Tomeas Athinon,0.0,15050.0,0.9,7.859,38500,True,13020.0
392,ΜΗΧΑΝΟΛΟΓΩΝ ΜΗΧΑΝΙΚΩΝ (ΑΙΓΑΛΕΩ),2ο,EL302,Dytikos Tomeas Athinon,0.0,15477.0,1.2,0.066,13900,True,12994.0
311,ΟΙΚΟΝΟΜΙΚΩΝ ΕΠΙΣΤΗΜΩΝ (ΘΕΣΣΑΛΟΝΙΚΗ) - ΑΠΘ,4ο,EL522,Thessaloniki,0.0,13240.0,1.2,3.616,16900,True,12987.0
177,"ΙΣΤΟΡΙΑΣ, ΑΡΧΑΙΟΛΟΓΙΑΣ ΚΑΙ ΚΟΙΝΩΝΙΚΗΣ ΑΝΘΡΩΠΟΛΟΓΙΑΣ (ΒΟΛΟΣ)",1ο,EL613,"Magnisia, Sporades",0.0,9775.0,0.8,16.025,15300,False,12956.0
1516,ΕΠΙΣΤΗΜΗΣ ΔΙΑΤΡΟΦΗΣ ΚΑΙ ΔΙΑΙΤΟΛΟΓΙΑΣ (ΚΑΛΑΜΑΤΑ),3ο,EL653,"Lakonia, Messinia",0.0,11460.0,0.9,13.534,14700,False,12929.0
779,ΑΡΧΙΤΕΚΤΟΝΩΝ ΜΗΧΑΝΙΚΩΝ (ΙΩΑΝΝΙΝΑ),2ο,EL543,Ioannina,0.0,16785.0,0.8,6.116,13000,False,12836.0
257,ΦΥΣΙΚΗΣ (ΠΑΤΡΑ),2ο,EL632,Achaia,0.5707070707070707,10920.0,0.9,3.13,15400,False,12836.0
1010,ΦΙΛΟΣΟΦΙΑΣ (ΑΘΗΝΑ),1ο,EL303,Kentrikos Tomeas Athinon,0.45,11365.0,1.0,7.859,38500,True,12831.0
393,ΝΑΥΠΗΓΩΝ ΜΗΧΑΝΙΚΩΝ (ΑΙΓΑΛΕΩ),2ο,EL302,Dytikos Tomeas Athinon,0.0,14850.0,1.0,0.066,13900,True,12818.0
1625,ΜΗΧΑΝΙΚΩΝ ΠΛΗΡΟΦΟΡΙΚΗΣ ΚΑΙ ΗΛΕΚΤΡΟΝΙΚΩΝ ΣΥΣΤΗΜΑΤΩΝ (ΘΕΣΣΑΛΟΝΙΚΗ),4ο,EL522,Thessaloniki,0.0,14740.0,1.2,3.616,16900,True,12806.0
1610,ΑΓΩΓΗΣ ΚΑΙ ΦΡΟΝΤΙΔΑΣ ΣΤΗΝ ΠΡΩΙΜΗ ΠΑΙΔΙΚΗ ΗΛΙΚΙΑ (ΘΕΣΣΑΛΟΝΙΚΗ),4ο,EL522,Thessaloniki,0.0,11250.0,0.8,3.616,16900,True,12792.0
166,ΠΑΙΔΑΓΩΓΙΚΟ ΠΡΟΣΧΟΛΙΚΗΣ ΕΚΠΑΙΔΕΥΣΗΣ (ΒΟΛΟΣ),4ο,EL613,"Magnisia, Sporades",0.0,12425.0,0.8,16.025,15300,False,12773.0
384,ΘΕΩΡΙΑΣ ΚΑΙ ΙΣΤΟΡΙΑΣ ΤΗΣ ΤΕΧΝΗΣ (ΑΘΗΝΑ),1ο,EL303,Kentrikos Tomeas Athinon,0.0,10210.0,0.85,7.859,38500,True,12739.0
336,ΒΙΟΜΗΧΑΝΙΚΗΣ ΔΙΟΙΚΗΣΗΣ ΚΑΙ ΤΕΧΝΟΛΟΓΙΑΣ (ΠΕΙΡΑΙΑΣ),4ο,EL307,"Peiraias, Nisoi",0.0,13465.0,1.2,3.126,22300,True,12695.0
136,ΕΠΙΣΤΗΜΩΝ ΤΗΣ ΕΚΠΑΙΔΕΥΣΗΣ ΚΑΙ ΤΗΣ ΑΓΩΓΗΣ ΣΤΗΝ ΠΡΟΣΧΟΛΙΚΗ ΗΛΙΚΙΑ (ΠΑΤΡΑ),4ο,EL632,Achaia,0.0,13000.0,0.9,3.13,15400,False,12680.0
142,ΠΑΙΔΑΓΩΓΙΚΟ ΔΗΜΟΤΙΚΗΣ ΕΚΠΑΙΔΕΥΣΗΣ (ΑΛΕΞΑΝΔΡΟΥΠΟΛΗ),4ο,EL511,Evros,0.0,13000.0,0.8,4.147,13700,False,12667.0
369,ΠΛΗΡΟΦΟΡΙΚΗΣ ΜΕ ΕΦΑΡΜΟΓΕΣ ΣΤΗ ΒΙΟΪΑΤΡΙΚΗ (ΛΑΜΙΑ),4ο,EL644,Fthiotida,0.0,12515.0,1.0,2.285,15000,False,12650.0
334,ΠΑΙΔΑΓΩΓΙΚΟ ΔΗΜΟΤΙΚΗΣ ΕΚΠΑΙΔΕΥΣΗΣ (ΦΛΩΡΙΝΑ),4ο,EL533,Florina,0.0,12860.0,0.8,1.249,18500,False,12647.0
324,ΕΠΙΣΤΗΜΗΣ ΖΩΙΚΗΣ ΠΑΡΑΓΩΓΗΣ (ΑΘΗΝΑ),3ο,EL303,Kentrikos Tomeas Athinon,0.1044776119402985,11950.0,1.0,7.859,38500,True,12619.0
146,ΘΕΑΤΡΙΚΩΝ ΣΠΟΥΔΩΝ (ΑΘΗΝΑ),1ο,EL303,Kentrikos Tomeas Athinon,0.0,10550.0,0.8,7.859,38500,True,12602.0
149,ΚΟΙΝΩΝΙΟΛΟΓΙΑΣ (ΡΕΘΥΜΝΟ),1ο,EL433,Rethymni,0.0,10250.0,0.8,73.039,15900,False,12602.0
175,ΦΙΛΟΛΟΓΙΑΣ (ΠΑΤΡΑ),1ο,EL632,Achaia,0.0,10060.0,0.8,3.13,15400,False,12599.0
1423,ΓΛΩΣΣΙΚΩΝ ΚΑΙ ΔΙΑΠΟΛΙΤΙΣΜΙΚΩΝ ΣΠΟΥΔΩΝ (ΒΟΛΟΣ),1ο,EL613,"Magnisia, Sporades",0.0,9410.0,0.8,16.025,15300,False,12535.0
1272,ΝΟΣΗΛΕΥΤΙΚΗΣ (ΠΑΤΡΑ),3ο,EL632,Achaia,0.07471264367816093,11400.0,0.95,3.13,15400,False,12461.0
340,ΜΗΧΑΝΙΚΩΝ ΗΛΕΚΤΡΟΝΙΚΩΝ ΥΠΟΛΟΓΙΣΤΩΝ ΚΑΙ ΠΛΗΡΟΦΟΡΙΚΗΣ (ΙΩΑΝΝΙΝΑ),2ο,EL543,Ioannina,0.7014218009478673,13355.0,1.1,6.116,13000,False,12386.0
373,ΠΟΛΙΤΙΚΗΣ ΕΠΙΣΤΗΜΗΣ (ΚΟΜΟΤΗΝΗ),1ο,EL513,Rodopi,0.0,10660.0,0.8,2.051,12100,False,12372.0
1553,ΜΑΙΕΥΤΙΚΗΣ (ΠΤΟΛΕΜΑΪΔΑ),3ο,EL531,"Grevena, Kozani",0.7763157894736842,12065.0,1.0,0.98,15900,False,12101.0
156,ΠΑΙΔΑΓΩΓΙΚΟ ΝΗΠΙΑΓΩΓΩΝ (ΙΩΑΝΝΙΝΑ),4ο,EL543,Ioannina,0.0,11905.0,1.0,6.116,13000,False,12074.0
173,ΙΣΤΟΡΙΑΣ ΚΑΙ ΦΙΛΟΣΟΦΙΑΣ ΤΗΣ ΕΠΙΣΤΗΜΗΣ (ΑΘΗΝΑ),4ο,EL303,Kentrikos Tomeas Athinon,0.0,10810.0,1.0,7.859,38500,True,12036.0
207,ΠΟΛΙΤΙΚΩΝ ΜΗΧΑΝΙΚΩΝ (ΞΑΝΘΗ),2ο,EL512,Xanthi,0.0,13164.0,0.9,1.469,11100,False,11992.0
230,ΜΗΧΑΝΙΚΩΝ ΠΑΡΑΓΩΓΗΣ ΚΑΙ ΔΙΟΙΚΗΣΗΣ (ΧΑΝΙΑ),4ο,EL434,Chania,0.4852941176470588,12290.0,1.2,59.685,16800,False,11986.0
187,ΚΟΙΝΩΝΙΚΗΣ ΚΑΙ ΕΚΠΑΙΔΕΥΤΙΚΗΣ ΠΟΛΙΤΙΚΗΣ (ΚΟΡΙΝΘΟΣ),1ο,EL652,Korinthia,0.0,10540.0,0.85,6.897,17300,False,11975.0
1653,ΕΠΙΣΤΗΜΩΝ ΔΙΑΤΡΟΦΗΣ ΚΑΙ ΔΙΑΙΤΟΛΟΓΙΑΣ (ΣΗΤΕΙΑ),3ο,EL432,Lasithi,0.0,10460.0,0.8,55.403,19800,False,11963.0
274,"ΓΕΩΠΟΝΙΑΣ, ΦΥΤΙΚΗΣ ΠΑΡΑΓΩΓΗΣ ΚΑΙ ΑΓΡΟΤΙΚΟΥ ΠΕΡΙΒΑΛΛΟΝΤΟΣ (ΒΟΛΟΣ)",3ο,EL613,"Magnisia, Sporades",0.549618320610687,11010.0,0.95,16.025,15300,False,11950.0
679,ΔΗΜΟΣΙΑΣ ΚΑΙ ΚΟΙΝΟΤΙΚΗΣ ΥΓΕΙΑΣ (ΑΘΗΝΑ),3ο,EL303,Kentrikos Tomeas Athinon,0.0,11680.0,0.9,7.859,38500,True,11936.0
152,ΟΙΚΟΝΟΜΙΚΗΣ ΚΑΙ ΠΕΡΙΦΕΡΕΙΑΚΗΣ ΑΝΑΠΤΥΞΗΣ (ΑΘΗΝΑ),4ο,EL303,Kentrikos Tomeas Athinon,0.0,12675.0,1.2,7.859,38500,True,11893.0
143,ΠΑΙΔΑΓΩΓΙΚΟ ΔΗΜΟΤΙΚΗΣ ΕΚΠΑΙΔΕΥΣΗΣ (ΡΟΔΟΣ),4ο,EL421,"Kalymnos, Karpathos – Iroiki Nisos Kasos, Kos, Rodos",0.0,11875.0,0.8,121.339,16700,False,11872.0
370,ΑΡΧΙΤΕΚΤΟΝΩΝ ΜΗΧΑΝΙΚΩΝ (ΧΑΝΙΑ),2ο,EL434,Chania,0.3482142857142857,15470.0,1.05,59.685,16800,False,11859.0
1302,ΚΟΙΝΩΝΙΚΗΣ ΠΟΛΙΤΙΚΗΣ (ΚΟΜΟΤΗΝΗ),4ο,EL513,Rodopi,0.0,10820.0,0.8,2.051,12100,False,11854.0
113,ΦΙΛΟΛΟΓΙΑΣ (ΙΩΑΝΝΙΝΑ),1ο,EL543,Ioannina,0.40336134453781514,9451.0,0.85,6.116,13000,False,11817.0
327,ΑΞΙΟΠΟΙΗΣΗΣ ΦΥΣΙΚΩΝ ΠΟΡΩΝ ΚΑΙ ΓΕΩΡΓΙΚΗΣ ΜΗΧΑΝΙΚΗΣ (ΑΘΗΝΑ),3ο,EL303,Kentrikos Tomeas Athinon,0.27631578947368424,11315.0,1.0,7.859,38500,True,11810.0
677,ΦΩΤΟΓΡΑΦΙΑΣ ΚΑΙ ΟΠΤΙΚΟΑΚΟΥΣΤΙΚΩΝ ΤΕΧΝΩΝ (ΑΙΓΑΛΕΩ),4ο,EL302,Dytikos Tomeas Athinon,0.0,11540.0,1.0,0.066,13900,True,11724.0
318,ΣΤΑΤΙΣΤΙΚΗΣ ΚΑΙ ΑΣΦΑΛΙΣΤΙΚΗΣ ΕΠΙΣΤΗΜΗΣ (ΠΕΙΡΑΙΑΣ),4ο,EL307,"Peiraias, Nisoi",0.0,13070.0,1.2,3.126,22300,True,11710.0
114,ΙΣΤΟΡΙΑΣ ΚΑΙ ΑΡΧΑΙΟΛΟΓΙΑΣ (ΙΩΑΝΝΙΝΑ),1ο,EL543,Ioannina,0.5190476190476191,9433.0,0.85,6.116,13000,False,11706.0
350,ΟΙΚΟΝΟΜΙΚΩΝ ΕΠΙΣΤΗΜΩΝ (ΒΟΛΟΣ),4ο,EL613,"Magnisia, Sporades",0.0,11851.0,1.0,16.025,15300,False,11703.0
685,"ΕΠΙΣΤΗΜΩΝ ΟΙΝΟΥ, ΑΜΠΕΛΟΥ ΚΑΙ ΠΟΤΩΝ (ΑΙΓΑΛΕΩ)",3ο,EL302,Dytikos Tomeas Athinon,0.0,11600.0,0.9,0.066,13900,True,11650.0
1249,ΝΟΣΗΛΕΥΤΙΚΗΣ (ΙΩΑΝΝΙΝΑ),3ο,EL543,Ioannina,0.0,10930.0,0.8,6.116,13000,False,11645.0
137,ΓΕΡΜΑΝΙΚΗΣ ΓΛΩΣΣΑΣ ΚΑΙ ΦΙΛΟΛΟΓΙΑΣ (ΘΕΣΣΑΛΟΝΙΚΗ),1ο,EL522,Thessaloniki,0.5779816513761468,11030.0,0.8,3.616,16900,True,11602.0
227,ΑΓΡΟΝΟΜΩΝ ΚΑΙ ΤΟΠΟΓΡΑΦΩΝ ΜΗΧΑΝΙΚΩΝ (ΘΕΣΣΑΛΟΝΙΚΗ),2ο,EL522,Thessaloniki,0.37662337662337664,12655.0,1.05,3.616,16900,True,11591.0
188,ΤΟΥΡΚΙΚΩΝ ΣΠΟΥΔΩΝ ΚΑΙ ΣΥΓΧΡΟΝΩΝ ΑΣΙΑΤΙΚΩΝ ΣΠΟΥΔΩΝ (ΑΘΗΝΑ),1ο,EL303,Kentrikos Tomeas Athinon,0.7209302325581395,11250.0,1.0,7.859,38500,True,11577.0
158,ΠΑΙΔΑΓΩΓΙΚΟ ΠΡΟΣΧΟΛΙΚΗΣ ΕΚΠΑΙΔΕΥΣΗΣ (ΡΕΘΥΜΝΟ),4ο,EL433,Rethymni,0.0,11600.0,1.0,73.039,15900,False,11553.0
1433,ΝΟΣΗΛΕΥΤΙΚΗΣ (ΛΑΡΙΣΑ),3ο,EL612,Larisa,0.3466666666666667,10570.0,0.9,1.244,17100,False,11524.0
672,ΛΟΓΙΣΤΙΚΗΣ ΚΑΙ ΧΡΗΜΑΤΟΟΙΚΟΝΟΜΙΚΗΣ (ΑΙΓΑΛΕΩ),4ο,EL302,Dytikos Tomeas Athinon,0.0,12765.0,1.2,0.066,13900,True,11505.0
190,ΝΟΣΗΛΕΥΤΙΚΗΣ (ΤΡΙΠΟΛΗ),3ο,EL651,"Argolida, Arkadia",0.4,9755.0,0.85,10.215,19700,False,11495.0
1241,ΑΓΩΓΗΣ ΚΑΙ ΦΡΟΝΤΙΔΑΣ ΣΤΗΝ ΠΡΩΙΜΗ ΠΑΙΔΙΚΗ ΗΛΙΚΙΑ (ΙΩΑΝΝΙΝΑ),4ο,EL543,Ioannina,0.0,10914.0,1.0,6.116,13000,False,11438.0
341,ΠΑΙΔΑΓΩΓΙΚΟ ΝΗΠΙΑΓΩΓΩΝ (ΦΛΩΡΙΝΑ),4ο,EL533,Florina,0.0,10975.0,1.0,1.249,18500,False,11408.0
99,ΠΛΗΡΟΦΟΡΙΚΗΣ ΚΑΙ ΤΗΛΕΠΙΚΟΙΝΩΝΙΩΝ (ΛΑΜΙΑ),4ο,EL644,Fthiotida,0.0326530612244898,10500.0,1.0,2.285,15000,False,11405.0
1651,ΝΟΣΗΛΕΥΤΙΚΗΣ (ΗΡΑΚΛΕΙΟ),3ο,EL431,Irakleio,0.0,10050.0,0.8,47.821,15800,False,11398.0
247,ΜΑΘΗΜΑΤΙΚΩΝ (ΠΑΤΡΑ),2ο,EL632,Achaia,0.0,10053.0,0.8,3.13,15400,False,11395.0
259,ΦΥΣΙΚΗΣ (ΙΩΑΝΝΙΝΑ),2ο,EL543,Ioannina,0.5727272727272728,9365.0,0.8,6.116,13000,False,11379.0
261,ΦΥΣΙΚΗΣ (ΗΡΑΚΛΕΙΟ),2ο,EL431,Irakleio,0.7833333333333333,13073.0,1.05,47.821,15800,False,11375.0
326,ΑΓΡΟΤΙΚΗΣ ΟΙΚΟΝΟΜΙΑΣ ΚΑΙ ΑΝΑΠΤΥΞΗΣ (ΑΘΗΝΑ),4ο,EL303,Kentrikos Tomeas Athinon,0.0,12310.0,0.85,7.859,38500,True,11370.0
319,ΟΙΚΟΝΟΜΙΚΩΝ ΕΠΙΣΤΗΜΩΝ (ΠΑΤΡΑ),4ο,EL632,Achaia,0.18382352941176472,12426.0,1.2,3.13,15400,False,11270.0
387,ΗΛΕΚΤΡΟΛΟΓΩΝ ΚΑΙ ΗΛΕΚΤΡΟΝΙΚΩΝ ΜΗΧΑΝΙΚΩΝ (ΑΙΓΑΛΕΩ),2ο,EL302,Dytikos Tomeas Athinon,0.6026490066225165,14520.0,1.2,0.066,13900,True,11247.0
234,ΑΡΧΙΤΕΚΤΟΝΩΝ ΜΗΧΑΝΙΚΩΝ (ΞΑΝΘΗ),2ο,EL512,Xanthi,0.0,15575.0,0.8,1.469,11100,False,11233.0
160,ΕΠΙΣΤΗΜΩΝ ΤΗΣ ΕΚΠΑΙΔΕΥΣΗΣ ΣΤΗΝ ΠΡΟΣΧΟΛΙΚΗ ΗΛΙΚΙΑ (ΑΛΕΞΑΝΔΡΟΥΠΟΛΗ),4ο,EL511,Evros,0.0,10750.0,0.8,4.147,13700,False,11225.0
224,ΜΗΧΑΝΙΚΩΝ ΠΑΡΑΓΩΓΗΣ ΚΑΙ ΔΙΟΙΚΗΣΗΣ (ΞΑΝΘΗ),4ο,EL512,Xanthi,0.0,11590.0,1.1,1.469,11100,False,11217.0
348,ΚΟΙΝΩΝΙΟΛΟΓΙΑΣ (ΜΥΤΙΛΗΝΗ),1ο,EL411,"Lesvos, Limnos",0.3581395348837209,8560.0,0.8,11.093,11800,False,11187.0
1512,ΕΠΙΣΤΗΜΗΣ ΚΑΙ ΤΕΧΝΟΛΟΓΙΑΣ ΤΡΟΦΙΜΩΝ (ΚΑΛΑΜΑΤΑ),3ο,EL653,"Lakonia, Messinia",0.0,10180.0,0.8,13.534,14700,False,11153.0
669,ΔΙΟΙΚΗΣΗΣ ΕΠΙΧΕΙΡΗΣΕΩΝ (ΑΙΓΑΛΕΩ),4ο,EL302,Dytikos Tomeas Athinon,0.0,12920.0,1.2,0.066,13900,True,11136.0
668,"ΑΡΧΕΙΟΝΟΜΙΑΣ, ΒΙΒΛΙΟΘΗΚΟΝΟΜΙΑΣ ΚΑΙ ΣΥΣΤΗΜΑΤΩΝ ΠΛΗΡΟΦΟΡΗΣΗΣ (ΑΙΓΑΛΕΩ)",4ο,EL302,Dytikos Tomeas Athinon,0.0,10730.0,0.9,0.066,13900,True,11100.0
1634,ΓΕΩΠΟΝΙΑΣ (ΘΕΣΣΑΛΟΝΙΚΗ) - ΔΙ.ΠΑ.Ε.,3ο,EL522,Thessaloniki,0.4311377245508982,11040.0,0.95,3.616,16900,True,11063.0
351,ΠΟΛΙΤΙΚΗΣ ΕΠΙΣΤΗΜΗΣ (ΡΕΘΥΜΝΟ),1ο,EL433,Rethymni,0.0,9300.0,0.8,73.039,15900,False,11061.0
1429,ΕΠΙΣΤΗΜΗΣ ΤΡΟΦΙΜΩΝ ΚΑΙ ΔΙΑΤΡΟΦΗΣ (ΚΑΡΔΙΤΣΑ),3ο,EL611,"Karditsa, Trikala",0.0,9775.0,0.8,3.385,12700,False,11059.0
345,ΟΙΚΟΝΟΜΙΚΩΝ ΕΠΙΣΤΗΜΩΝ (ΙΩΑΝΝΙΝΑ),4ο,EL543,Ioannina,0.0,11450.0,1.0,6.116,13000,False,11023.0
249,ΜΑΘΗΜΑΤΙΚΩΝ (ΙΩΑΝΝΙΝΑ),2ο,EL543,Ioannina,0.5306122448979592,9385.0,0.8,6.116,13000,False,10936.0
275,ΔΑΣΟΛΟΓΙΑΣ ΚΑΙ ΦΥΣΙΚΟΥ ΠΕΡΙΒΑΛΛΟΝΤΟΣ (ΘΕΣΣΑΛΟΝΙΚΗ),3ο,EL522,Thessaloniki,0.0,11340.0,0.8,3.616,16900,True,10870.0
162,ΕΠΙΣΤΗΜΩΝ ΤΗΣ ΠΡΟΣΧΟΛΙΚΗΣ ΑΓΩΓΗΣ ΚΑΙ ΕΚΠΑΙΔΕΥΤΙΚΟΥ ΣΧΕΔΙΑΣΜΟΥ (ΡΟΔΟΣ),4ο,EL421,"Kalymnos, Karpathos – Iroiki Nisos Kasos, Kos, Rodos",0.0,10150.0,0.8,121.339,16700,False,10803.0
366,ΠΛΗΡΟΦΟΡΙΚΗΣ (ΚΕΡΚΥΡΑ),4ο,EL622,Kerkyra,0.0,8640.0,0.8,100.783,16100,False,10745.0
116,ΙΣΤΟΡΙΑΣ ΚΑΙ ΑΡΧΑΙΟΛΟΓΙΑΣ (ΡΕΘΥΜΝΟ),1ο,EL433,Rethymni,0.5578231292517006,9050.0,0.8,73.039,15900,False,10737.0
1248,ΜΟΥΣΙΚΩΝ ΣΠΟΥΔΩΝ (ΑΡΤΑ),1ο,EL541,"Arta, Preveza",0.25165562913907286,11660.0,0.9,12.531,12100,False,10660.0
283,ΓΕΩΛΟΓΙΑΣ ΚΑΙ ΓΕΩΠΕΡΙΒΑΛΛΟΝΤΟΣ (ΑΘΗΝΑ),2ο,EL303,Kentrikos Tomeas Athinon,0.0,11100.0,0.8,7.859,38500,True,10623.0
1617,ΝΟΣΗΛΕΥΤΙΚΗΣ (ΑΛΕΞΑΝΔΡΟΥΠΟΛΗ),3ο,EL511,Evros,0.0,9900.0,0.8,4.147,13700,False,10622.0
670,ΔΙΟΙΚΗΣΗΣ ΤΟΥΡΙΣΜΟΥ (ΑΙΓΑΛΕΩ),4ο,EL302,Dytikos Tomeas Athinon,0.9185667752442996,15850.0,1.2,0.066,13900,True,10619.0
115,ΦΙΛΟΛΟΓΙΑΣ (ΡΕΘΥΜΝΟ),1ο,EL433,Rethymni,0.5959595959595959,9134.0,0.8,73.039,15900,False,10572.0
102,ΦΙΛΟΣΟΦΙΑΣ (ΠΑΤΡΑ),1ο,EL632,Achaia,0.2621951219512195,9360.0,0.8,3.13,15400,False,10504.0
1523,ΜΗΧΑΝΟΛΟΓΩΝ ΜΗΧΑΝΙΚΩΝ - ΠΑΝ. ΠΕΛ/ΝΗΣΟΥ (ΠΑΤΡΑ),2ο,EL632,Achaia,0.0,13400.0,1.0,3.13,15400,False,10405.0
135,ΓΕΡΜΑΝΙΚΗΣ ΓΛΩΣΣΑΣ ΚΑΙ ΦΙΛΟΛΟΓΙΑΣ (ΑΘΗΝΑ),1ο,EL303,Kentrikos Tomeas Athinon,0.7795275590551181,11850.0,0.8,7.859,38500,True,10403.0
144,ΟΙΚΟΝΟΜΙΑΣ ΚΑΙ ΒΙΩΣΙΜΗΣ ΑΝΑΠΤΥΞΗΣ (ΑΘΗΝΑ),4ο,EL303,Kentrikos Tomeas Athinon,0.0,12556.0,1.1,7.859,38500,True,10379.0
189,ΦΙΛΟΛΟΓΙΑΣ (ΚΑΛΑΜΑΤΑ),1ο,EL653,"Lakonia, Messinia",0.24475524475524477,8900.0,0.8,13.534,14700,False,10375.0
98,ΠΛΗΡΟΦΟΡΙΚΗΣ ΚΑΙ ΤΗΛΕΠΙΚΟΙΝΩΝΙΩΝ (ΤΡΙΠΟΛΗ),4ο,EL651,"Argolida, Arkadia",0.3476190476190476,11550.0,1.1,10.215,19700,False,10373.0
1278,ΕΠΙΣΤΗΜΗΣ ΚΑΙ ΤΕΧΝΟΛΟΓΙΑΣ ΤΡΟΦΙΜΩΝ (ΑΓΡΙΝΙΟ),3ο,EL631,Aitoloakarnania,0.0,9630.0,0.8,2.237,13500,False,10306.0
1606,ΛΟΓΙΣΤΙΚΗΣ ΚΑΙ ΠΛΗΡΟΦΟΡΙΑΚΩΝ ΣΥΣΤΗΜΑΤΩΝ (ΘΕΣΣΑΛΟΝΙΚΗ),4ο,EL522,Thessaloniki,0.0,12360.0,1.0,3.616,16900,True,10244.0
1011,ΨΗΦΙΑΚΩΝ ΤΕΧΝΩΝ ΚΑΙ ΚΙΝΗΜΑΤΟΓΡΑΦΟΥ (ΨΑΧΝΑ ΕΥΒΟΙΑΣ),4ο,EL642,Evvoia,0.0,10520.0,0.8,8.356,16600,False,10225.0
1425,ΔΗΜΟΣΙΑΣ ΚΑΙ ΕΝΙΑΙΑΣ ΥΓΕΙΑΣ (ΚΑΡΔΙΤΣΑ),3ο,EL611,"Karditsa, Trikala",0.06593406593406594,9600.0,0.8,3.385,12700,False,10197.0
169,ΘΕΑΤΡΙΚΩΝ ΣΠΟΥΔΩΝ (ΠΑΤΡΑ),1ο,EL632,Achaia,0.3253012048192771,9040.0,0.8,3.13,15400,False,10190.0
104,"ΙΣΤΟΡΙΑΣ, ΑΡΧΑΙΟΛΟΓΙΑΣ ΚΑΙ ΔΙΑΧΕΙΡΙΣΗΣ ΠΟΛΙΤΙΣΜΙΚΩΝ ΑΓΑΘΩΝ (ΚΑΛΑΜΑΤΑ)",1ο,EL653,"Lakonia, Messinia",0.5420560747663551,8760.0,0.8,13.534,14700,False,10182.0
1609,"ΒΙΒΛΙΟΘΗΚΟΝΟΜΙΑΣ, ΑΡΧΕΙΟΝΟΜΙΑΣ ΚΑΙ ΣΥΣΤΗΜΑΤΩΝ ΠΛΗΡΟΦΟΡΗΣΗΣ (ΘΕΣΣΑΛΟΝΙΚΗ)",4ο,EL522,Thessaloniki,0.0,9300.0,0.8,3.616,16900,True,10137.0
367,ΤΕΧΝΩΝ ΗΧΟΥ ΚΑΙ ΕΙΚΟΝΑΣ (ΚΕΡΚΥΡΑ),4ο,EL622,Kerkyra,0.0,9410.0,0.8,100.783,16100,False,10137.0
394,ΠΟΛΙΤΙΚΩΝ ΜΗΧΑΝΙΚΩΝ (ΑΙΓΑΛΕΩ),2ο,EL302,Dytikos Tomeas Athinon,0.0,13600.0,1.0,0.066,13900,True,10014.0
1622,"ΜΗΧΑΝΙΚΩΝ ΠΛΗΡΟΦΟΡΙΚΗΣ, ΥΠΟΛΟΓΙΣΤΩΝ ΚΑΙ ΤΗΛΕΠΙΚΟΙΝΩΝΙΩΝ (ΣΕΡΡΕΣ)",4ο,EL526,Serres,0.0,13450.0,1.0,2.099,12500,False,10002.0
1435,ΠΟΛΙΤΙΣΜΟΥ ΚΑΙ ΔΗΜΙΟΥΡΓΙΚΩΝ ΜΕΣΩΝ ΚΑΙ ΒΙΟΜΗΧΑΝΙΩΝ (ΒΟΛΟΣ),4ο,EL613,"Magnisia, Sporades",0.0,9410.0,0.8,16.025,15300,False,9972.0
167,ΚΟΙΝΩΝΙΚΗΣ ΑΝΘΡΩΠΟΛΟΓΙΑΣ ΚΑΙ ΙΣΤΟΡΙΑΣ (ΜΥΤΙΛΗΝΗ),1ο,EL411,"Lesvos, Limnos",0.8607594936708861,9075.0,0.8,11.093,11800,False,9932.0
1624,ΜΗΧΑΝΙΚΩΝ ΠΑΡΑΓΩΓΗΣ ΚΑΙ ΔΙΟΙΚΗΣΗΣ (ΘΕΣΣΑΛΟΝΙΚΗ),4ο,EL522,Thessaloniki,0.0,12585.0,1.0,3.616,16900,True,9905.0
1605,"ΔΙΟΙΚΗΣΗΣ ΟΡΓΑΝΙΣΜΩΝ, ΜΑΡΚΕΤΙΝΓΚ ΚΑΙ ΤΟΥΡΙΣΜΟΥ (ΘΕΣΣΑΛΟΝΙΚΗ)",4ο,EL522,Thessaloniki,0.0,12170.0,0.9,3.616,16900,True,9888.0
1437,ΦΥΣΙΚΗΣ (ΛΑΜΙΑ),2ο,EL644,Fthiotida,0.8314606741573034,9925.0,0.8,2.285,15000,False,9876.0
352,ΔΙΟΙΚΗΣΗΣ ΕΠΙΧΕΙΡΗΣΕΩΝ (ΠΑΤΡΑ),4ο,EL632,Achaia,0.0,11900.0,1.1,3.13,15400,False,9823.0
372,ΕΠΙΣΤΗΜΗΣ ΤΡΟΦΙΜΩΝ ΚΑΙ ΔΙΑΤΡΟΦΗΣ (ΛΗΜΝΟΣ),3ο,EL411,"Lesvos, Limnos",0.84375,9600.0,0.8,11.093,11800,False,9819.0
122,ΦΙΛΟΣΟΦΙΑΣ (ΙΩΑΝΝΙΝΑ),1ο,EL543,Ioannina,0.33480176211453744,9180.0,0.8,6.116,13000,False,9798.0
1452,ΕΠΙΣΤΗΜΗΣ ΚΑΙ ΤΕΧΝΟΛΟΓΙΑΣ ΤΡΟΦΙΜΩΝ (ΑΡΓΟΣΤΟΛΙ),3ο,EL623,"Ithaki, Kefallinia",0.5426356589147286,9461.0,0.8,57.014,17000,False,9795.0
285,ΓΕΩΛΟΓΙΑΣ (ΘΕΣΣΑΛΟΝΙΚΗ),2ο,EL522,Thessaloniki,0.11627906976744186,9825.0,0.8,3.616,16900,True,9785.0
1522,ΗΛΕΚΤΡΟΛΟΓΩΝ ΜΗΧΑΝΙΚΩΝ ΚΑΙ ΜΗΧΑΝΙΚΩΝ ΥΠΟΛΟΓΙΣΤΩΝ - ΠΑΝ. ΠΕΛ/ΝΗΣΟΥ (ΠΑΤΡΑ),2ο,EL632,Achaia,0.0,12611.0,1.0,3.13,15400,False,9762.0
180,ΝΑΥΤΙΛΙΑΣ ΚΑΙ ΕΠΙΧΕΙΡΗΜΑΤΙΚΩΝ ΥΠΗΡΕΣΙΩΝ (ΧΙΟΣ),4ο,EL413,Chios,0.010050251256281407,9890.0,1.0,6.237,12300,False,9753.0
1284,ΙΣΤΟΡΙΑΣ - ΑΡΧΑΙΟΛΟΓΙΑΣ (ΠΑΤΡΑ),1ο,EL632,Achaia,0.0,8760.0,0.8,3.13,15400,False,9747.0
362,ΘΕΑΤΡΙΚΩΝ ΣΠΟΥΔΩΝ (ΝΑΥΠΛΙΟ),1ο,EL651,"Argolida, Arkadia",0.65,9075.0,0.8,10.215,19700,False,9721.0
272,ΜΗΧΑΝΙΚΩΝ ΕΠΙΣΤΗΜΗΣ ΥΛΙΚΩΝ (ΙΩΑΝΝΙΝΑ),2ο,EL543,Ioannina,0.0,11950.0,0.85,6.116,13000,False,9693.0
138,ΦΙΛΟΣΟΦΙΑΣ (ΡΕΘΥΜΝΟ),1ο,EL433,Rethymni,0.8372093023255814,9130.0,0.8,73.039,15900,False,9688.0
389,ΜΗΧΑΝΙΚΩΝ ΒΙΟΜΗΧΑΝΙΚΗΣ ΣΧΕΔΙΑΣΗΣ ΚΑΙ ΠΑΡΑΓΩΓΗΣ (ΑΙΓΑΛΕΩ),4ο,EL302,Dytikos Tomeas Athinon,0.0,12032.0,1.18,0.066,13900,True,9668.0
1422,ΓΕΩΠΟΝΙΑΣ - ΑΓΡΟΤΕΧΝΟΛΟΓΙΑΣ (ΛΑΡΙΣΑ),3ο,EL612,Larisa,0.0,9585.0,0.8,1.244,17100,False,9662.0
1630,ΠΛΗΡΟΦΟΡΙΚΗΣ (ΚΑΒΑΛΑ),4ο,EL515,"Thasos, Kavala",0.0,12880.0,1.1,21.887,15400,False,9597.0
145,ΙΣΤΟΡΙΑΣ ΚΑΙ ΨΗΦΙΑΚΩΝ ΑΝΘΡΩΠΙΣΤΙΚΩΝ ΕΠΙΣΤΗΜΩΝ (ΚΕΡΚΥΡΑ) (Μετονομασία του Τμήματος ΙΣΤΟΡΙΑΣ),1ο,EL622,Kerkyra,0.8899082568807339,8560.0,0.8,100.783,16100,False,9447.0
1432,ΜΑΘΗΜΑΤΙΚΩΝ (ΛΑΜΙΑ),2ο,EL644,Fthiotida,0.6140350877192983,9365.0,0.8,2.285,15000,False,9433.0
1001,"ΑΓΡΟΤΙΚΗΣ ΑΝΑΠTΥΞΗΣ, ΑΓΡΟΔΙΑΤΡΟΦΗΣ ΚΑΙ ΔΙΑΧΕΙΡΙΣΗΣ ΦΥΣΙΚΩΝ ΠΟΡΩΝ (ΨΑΧΝΑ ΕΥΒΟΙΑΣ)",4ο,EL642,Evvoia,0.0,9870.0,0.8,8.356,16600,False,9393.0
1657,ΓΕΩΠΟΝΙΑΣ (ΗΡΑΚΛΕΙΟ),3ο,EL431,Irakleio,0.0,9400.0,0.8,47.821,15800,False,9360.0
97,ΟΙΚΟΝΟΜΙΚΩΝ ΕΠΙΣΤΗΜΩΝ (ΚΟΜΟΤΗΝΗ),4ο,EL513,Rodopi,0.0,9696.0,0.9,2.051,12100,False,9305.0
251,ΜΑΘΗΜΑΤΙΚΩΝ KAI ΕΦΑΡΜΟΣΜΕΝΩΝ ΜΑΘΗΜΑΤΙΚΩΝ (ΗΡΑΚΛΕΙΟ) - ΜΑΘΗΜΑΤΙΚΩΝ,2ο,EL431,Irakleio,0.44,9515.0,0.8,47.821,15800,False,9285.0
342,"ΑΡΧΕΙΟΝΟΜΙΑΣ, ΒΙΒΛΙΟΘΗΚΟΝΟΜΙΑΣ ΚΑΙ ΜΟΥΣΕΙΟΛΟΓΙΑΣ (ΚΕΡΚΥΡΑ)",4ο,EL622,Kerkyra,0.0,8525.0,0.8,100.783,16100,False,9279.0
363,ΜΗΧΑΝΙΚΩΝ ΧΩΡΟΤΑΞΙΑΣ ΚΑΙ ΑΝΑΠΤΥΞΗΣ (ΘΕΣΣΑΛΟΝΙΚΗ),2ο,EL522,Thessaloniki,0.0,11350.0,0.88,3.616,16900,True,9265.0
1555,ΜΑΘΗΜΑΤΙΚΩΝ (ΚΑΣΤΟΡΙΑ),2ο,EL532,Kastoria,0.8571428571428571,9850.0,0.8,2.953,12200,False,9206.0
1517,ΠΑΡΑΣΤΑΤΙΚΩΝ ΚΑΙ ΨΗΦΙΑΚΩΝ ΤΕΧΝΩΝ (ΝΑΥΠΛΙΟ),4ο,EL651,"Argolida, Arkadia",0.0,9200.0,0.8,10.215,19700,False,9132.0
181,"ΜΕΣΟΓΕΙΑΚΩΝ ΣΠΟΥΔΩΝ: ΑΡΧΑΙΟΛΟΓΙΑ, ΓΛΩΣΣΟΛΟΓΙΑ, ΔΙΕΘΝΕΙΣ ΣΧΕΣΕΙΣ (ΡΟΔΟΣ) (Μετονομασία του Τμήματος ΜΕΣΟΓΕΙΑΚΩΝ ΣΠΟΥΔΩΝ)",4ο,EL421,"Kalymnos, Karpathos – Iroiki Nisos Kasos, Kos, Rodos",0.0,8798.0,0.8,121.339,16700,False,9087.0
1659,ΜΗΧΑΝΟΛΟΓΩΝ ΜΗΧΑΝΙΚΩΝ (ΗΡΑΚΛΕΙΟ),2ο,EL431,Irakleio,0.0,12515.0,0.9,47.821,15800,False,9020.0
105,ΚΟΙΝΩΝΙΚΗΣ ΘΕΟΛΟΓΙΑΣ ΚΑΙ ΘΡΗΣΚΕΙΟΛΟΓΙΑΣ (ΑΘΗΝΑ),1ο,EL303,Kentrikos Tomeas Athinon,0.6898395721925134,8860.0,0.8,7.859,38500,True,9019.0
1551,ΕΠΙΚΟΙΝΩΝΙΑΣ ΚΑΙ ΨΗΦΙΑΚΩΝ ΜΕΣΩΝ (ΚΑΣΤΟΡΙΑ),4ο,EL532,Kastoria,0.0,11020.0,0.86,2.953,12200,False,9005.0
1619,ΜΗΧΑΝΟΛΟΓΩΝ ΜΗΧΑΝΙΚΩΝ (ΣΕΡΡΕΣ),2ο,EL526,Serres,0.0,11980.0,0.8,2.099,12500,False,9005.0
391,ΜΗΧΑΝΙΚΩΝ ΤΟΠΟΓΡΑΦΙΑΣ ΚΑΙ ΓΕΩΠΛΗΡΟΦΟΡΙΚΗΣ (ΑΙΓΑΛΕΩ),2ο,EL302,Dytikos Tomeas Athinon,0.0,11950.0,0.8,0.066,13900,True,9003.0
1628,ΦΥΣΙΚΗΣ (ΚΑΒΑΛΑ),2ο,EL515,"Thasos, Kavala",0.8586956521739131,9504.0,0.8,21.887,15400,False,8969.0
103,ΘΕΟΛΟΓΙΑΣ (ΘΕΣΣΑΛΟΝΙΚΗ),1ο,EL522,Thessaloniki,0.7,9050.0,0.8,3.616,16900,True,8915.0
321,ΟΙΚΟΝΟΜΙΚΩΝ ΕΠΙΣΤΗΜΩΝ (ΡΕΘΥΜΝΟ),4ο,EL433,Rethymni,0.5466666666666666,10415.0,1.05,73.039,15900,False,8910.0
354,ΠΟΛΙΤΙΣΜΙΚΗΣ ΤΕΧΝΟΛΟΓΙΑΣ ΚΑΙ ΕΠΙΚΟΙΝΩΝΙΑΣ (ΜΥΤΙΛΗΝΗ),4ο,EL411,"Lesvos, Limnos",0.0,8355.0,0.8,11.093,11800,False,8898.0
131,ΓΑΛΛΙΚΗΣ ΓΛΩΣΣΑΣ ΚΑΙ ΦΙΛΟΛΟΓΙΑΣ (ΑΘΗΝΑ),1ο,EL303,Kentrikos Tomeas Athinon,0.6578947368421053,11680.0,0.8,7.859,38500,True,8844.0
360,"ΓΕΩΠΟΝΙΑΣ, ΙΧΘΥΟΛΟΓΙΑΣ ΚΑΙ ΥΔΑΤΙΝΟΥ ΠΕΡΙΒΑΛΛΟΝΤΟΣ (ΒΟΛΟΣ)",3ο,EL613,"Magnisia, Sporades",0.6923076923076923,9600.0,0.8,16.025,15300,False,8807.0
101,ΘΕΟΛΟΓΙΑΣ (ΑΘΗΝΑ),1ο,EL303,Kentrikos Tomeas Athinon,0.6349206349206349,9130.0,0.8,7.859,38500,True,8793.0
780,ΘΕΟΛΟΓΙΑΣ (ΘΕΣΣΑΛΟΝΙΚΗ) - ΜΟΥΣΟΥΛΜΑΝΙΚΩΝ ΣΠΟΥΔΩΝ,1ο,EL522,Thessaloniki,0.82,9125.0,0.8,3.616,16900,True,8717.0
1511,ΓΕΩΠΟΝΙΑΣ (ΚΑΛΑΜΑΤΑ),3ο,EL653,"Lakonia, Messinia",0.4636363636363636,9496.0,0.8,13.534,14700,False,8700.0
356,ΓΕΩΓΡΑΦΙΑΣ (ΑΘΗΝΑ),4ο,EL303,Kentrikos Tomeas Athinon,0.0,10725.0,0.9,7.859,38500,True,8647.0
1456,ΨΗΦΙΑΚΩΝ ΜΕΣΩΝ ΚΑΙ ΕΠΙΚΟΙΝΩΝΙΑΣ (ΑΡΓΟΣΤΟΛΙ),4ο,EL623,"Ithaki, Kefallinia",0.0,8550.0,0.8,57.014,17000,False,8645.0
1283,ΔΙΟΙΚΗΣΗΣ ΤΟΥΡΙΣΜΟΥ (ΠΑΤΡΑ),4ο,EL632,Achaia,0.0,13275.0,0.8,3.13,15400,False,8633.0
1002,ΑΕΡΟΔΙΑΣΤΗΜΙΚΗΣ ΕΠΙΣΤΗΜΗΣ ΚΑΙ ΤΕΧΝΟΛΟΓΙΑΣ (ΨΑΧΝΑ ΕΥΒΟΙΑΣ),2ο,EL642,Evvoia,0.0,10010.0,0.8,8.356,16600,False,8472.0
107,ΚΟΙΝΩΝΙΚΗΣ ΘΕΟΛΟΓΙΑΣ ΚΑΙ ΧΡΙΣΤΙΑΝΙΚΟΥ ΠΟΛΙΤΙΣΜΟΥ (ΘΕΣΣΑΛΟΝΙΚΗ),1ο,EL522,Thessaloniki,0.8661971830985915,8940.0,0.8,3.616,16900,True,8468.0
1004,ΔΙΑΧΕΙΡΙΣΗΣ ΛΙΜΕΝΩΝ ΚΑΙ ΝΑΥΤΙΛΙΑΣ (ΨΑΧΝΑ ΕΥΒΟΙΑΣ),4ο,EL642,Evvoia,0.7744360902255639,12600.0,1.2,8.356,16600,False,8409.0
1282,ΔΙΟΙΚΗΤΙΚΗΣ ΕΠΙΣΤΗΜΗΣ ΚΑΙ ΤΕΧΝΟΛΟΓΙΑΣ (ΠΑΤΡΑ),4ο,EL632,Achaia,0.0,12150.0,1.1,3.13,15400,False,8303.0
477,ΕΚΠΑΙΔΕΥΤΙΚΩΝ ΜΗΧΑΝΟΛΟΓΩΝ ΜΗΧΑΝΙΚΩΝ (ΑΘΗΝΑ),2ο,EL303,Kentrikos Tomeas Athinon,0.3142857142857143,10255.0,0.85,7.859,38500,True,8263.0
1524,ΠΟΛΙΤΙΚΩΝ ΜΗΧΑΝΙΚΩΝ - ΠΑΝ. ΠΕΛ/ΝΗΣΟΥ (ΠΑΤΡΑ),2ο,EL632,Achaia,0.0,11221.0,0.8,3.13,15400,False,8242.0
1554,ΠΛΗΡΟΦΟΡΙΚΗΣ (ΚΑΣΤΟΡΙΑ),4ο,EL532,Kastoria,0.2028301886792453,10340.0,1.0,2.953,12200,False,8233.0
1391,ΩΚΕΑΝΟΓΡΑΦΙΑΣ ΚΑΙ ΘΑΛΑΣΣΙΩΝ ΒΙΟΕΠΙΣΤΗΜΩΝ (ΜΥΤΙΛΗΝΗ),3ο,EL411,"Lesvos, Limnos",0.504424778761062,9300.0,0.8,11.093,11800,False,8230.0
675,ΕΣΩΤΕΡΙΚΗΣ ΑΡΧΙΤΕΚΤΟΝΙΚΗΣ (ΑΙΓΑΛΕΩ),4ο,EL302,Dytikos Tomeas Athinon,0.5416666666666666,14405.0,1.15,0.066,13900,True,8092.0
214,ΧΗΜΙΚΩΝ ΜΗΧΑΝΙΚΩΝ ΚΑΙ ΜΗΧΑΝΙΚΩΝ ΠΕΡΙΒΑΛΛΟΝΤΟΣ (ΧΑΝΙΑ),2ο,EL434,Chania,0.8264462809917356,14750.0,1.2,59.685,16800,False,8080.0
1602,ΟΙΚΟΝΟΜΙΚΩΝ ΕΠΙΣΤΗΜΩΝ (ΣΕΡΡΕΣ),4ο,EL526,Serres,0.0,9555.0,0.8,2.099,12500,False,8010.0
1552,ΓΕΩΠΟΝΙΑΣ (ΦΛΩΡΙΝΑ),3ο,EL533,Florina,0.6857142857142857,9300.0,0.8,1.249,18500,False,7977.0
1242,ΓΕΩΠΟΝΙΑΣ (ΑΡΤΑ),3ο,EL541,"Arta, Preveza",0.7538461538461538,9455.0,0.8,12.531,12100,False,7971.0
1548,ΟΙΚΟΝΟΜΙΚΩΝ ΕΠΙΣΤΗΜΩΝ (ΚΑΣΤΟΡΙΑ),4ο,EL532,Kastoria,0.0,10330.0,0.8,2.953,12200,False,7870.0
1623,ΜΗΧΑΝΙΚΩΝ ΠΕΡΙΒΑΛΛΟΝΤΟΣ (ΘΕΣΣΑΛΟΝΙΚΗ),2ο,EL522,Thessaloniki,0.0,10510.0,0.8,3.616,16900,True,7854.0
1633,ΑΜΠΕΛΟΥΡΓΙΑΣ ΚΑΙ ΟΙΝΟΛΟΓΙΑΣ (ΔΡΑΜΑ) (Μετονομασία του Τμήματος ΑΓΡΟΤΙΚΗΣ ΒΙΟΤΕΧΝΟΛΟΓΙΑΣ ΚΑΙ ΟΙΝΟΛΟΓΙΑΣ),3ο,EL514,Drama,0.8833333333333333,9430.0,0.8,1.147,12500,False,7794.0
1250,ΠΛΗΡΟΦΟΡΙΚΗΣ ΚΑΙ ΤΗΛΕΠΙΚΟΙΝΩΝΙΩΝ (ΑΡΤΑ),4ο,EL541,"Arta, Preveza",0.0,8911.0,0.8,12.531,12100,False,7739.0
1621,ΠΟΛΙΤΙΚΩΝ ΜΗΧΑΝΙΚΩΝ (ΣΕΡΡΕΣ),2ο,EL526,Serres,0.0,12154.0,0.8,2.099,12500,False,7665.0
1660,ΗΛΕΚΤΡΟΛΟΓΩΝ ΜΗΧΑΝΙΚΩΝ ΚΑΙ ΜΗΧΑΝΙΚΩΝ ΥΠΟΛΟΓΙΣΤΩΝ (ΗΡΑΚΛΕΙΟ),2ο,EL431,Irakleio,0.0,11520.0,0.8,47.821,15800,False,7617.0
674,ΓΡΑΦΙΣΤΙΚΗΣ ΚΑΙ ΟΠΤΙΚΗΣ ΕΠΙΚΟΙΝΩΝΙΑΣ (ΑΙΓΑΛΕΩ),4ο,EL302,Dytikos Tomeas Athinon,0.0,13745.0,0.8,0.066,13900,True,7577.0
1434,ΠΕΡΙΒΑΛΛΟΝΤΟΣ (ΛΑΡΙΣΑ),4ο,EL612,Larisa,0.0,9590.0,0.8,1.244,17100,False,7570.0
361,ΟΙΚΟΝΟΜΙΚΩΝ ΕΠΙΣΤΗΜΩΝ (ΤΡΙΠΟΛΗ),4ο,EL651,"Argolida, Arkadia",0.43956043956043955,10030.0,1.0,10.215,19700,False,7566.0
1439,ΨΗΦΙΑΚΩΝ ΣΥΣΤΗΜΑΤΩΝ (ΛΑΡΙΣΑ),4ο,EL612,Larisa,0.1038961038961039,10445.0,1.0,1.244,17100,False,7508.0
252,ΜΑΘΗΜΑΤΙΚΩΝ (ΣΑΜΟΣ),2ο,EL412,"Ikaria, Samos",0.9664429530201343,11275.0,0.8,33.288,11800,False,7501.0
248,ΜΑΘΗΜΑΤΙΚΩΝ KAI ΕΦΑΡΜΟΣΜΕΝΩΝ ΜΑΘΗΜΑΤΙΚΩΝ (ΗΡΑΚΛΕΙΟ) - ΕΦΑΡΜΟΣΜΕΝΩΝ ΜΑΘΗΜΑΤΙΚΩΝ,2ο,EL431,Irakleio,0.04081632653061224,9675.0,0.8,47.821,15800,False,7478.0
228,"ΜΗΧΑΝΙΚΩΝ ΧΩΡΟΤΑΞΙΑΣ, ΠΟΛΕΟΔΟΜΙΑΣ ΚΑΙ ΠΕΡΙΦΕΡΕΙΑΚΗΣ ΑΝΑΠΤΥΞΗΣ (ΒΟΛΟΣ)",2ο,EL613,"Magnisia, Sporades",0.0,10553.0,0.8,16.025,15300,False,7468.0
1428,ΕΠΙΣΤΗΜΗΣ ΖΩΙΚΗΣ ΠΑΡΑΓΩΓΗΣ (ΛΑΡΙΣΑ),3ο,EL612,Larisa,0.7846153846153846,9600.0,0.8,1.244,17100,False,7369.0
288,ΕΠΙΣΤΗΜΗΣ ΤΩΝ ΥΛΙΚΩΝ (ΠΑΤΡΑ),3ο,EL632,Achaia,0.0,11093.0,0.8,3.13,15400,False,7353.0
276,ΠΕΡΙΒΑΛΛΟΝΤΟΣ (ΜΥΤΙΛΗΝΗ),4ο,EL411,"Lesvos, Limnos",0.0,8550.0,0.8,11.093,11800,False,7353.0
238,ΜΗΧΑΝΙΚΩΝ ΣΧΕΔΙΑΣΗΣ ΠΡΟΪΟΝΤΩΝ ΚΑΙ ΣΥΣΤΗΜΑΤΩΝ (ΣΥΡΟΣ),4ο,EL422,"Andros, Thira, Kea, Milos, Mykonos, Naxos, Paros, Syros, Tinos",0.39669421487603307,10330.0,1.0,110.852,23100,False,7342.0
353,ΑΓΡΟΤΙΚΗΣ ΑΝΑΠΤΥΞΗΣ (ΟΡΕΣΤΙΑΔΑ),4ο,EL511,Evros,0.0,9125.0,0.8,4.147,13700,False,7297.0
497,ΕΚΠΑΙΔΕΥΤΙΚΩΝ ΗΛΕΚΤΡΟΛΟΓΩΝ ΜΗΧΑΝΙΚΩΝ ΚΑΙ ΕΚΠΑΙΔΕΥΤΙΚΩΝ ΗΛΕΚΤΡΟΝΙΚΩΝ ΜΗΧΑΝΙΚΩΝ - ΕΚΠΑΙΔΕΥΤΙΚΩΝ ΗΛΕΚΤΡΟΛΟΓΩΝ ΜΗΧΑΝΙΚΩΝ (ΑΘΗΝΑ),2ο,EL303,Kentrikos Tomeas Athinon,0.45714285714285713,10315.0,0.85,7.859,38500,True,7293.0
476,ΜΗΧΑΝΙΚΩΝ ΠΕΡΙΒΑΛΛΟΝΤΟΣ (ΞΑΝΘΗ),2ο,EL512,Xanthi,0.0,9790.0,0.8,1.469,11100,False,7270.0
1601,ΟΡΓΑΝΩΣΗΣ ΚΑΙ ΔΙΟΙΚΗΣΗΣ ΕΠΙΧΕΙΡΗΣΕΩΝ (ΣΕΡΡΕΣ),4ο,EL526,Serres,0.0,8950.0,0.8,2.099,12500,False,7170.0
1430,ΛΟΓΙΣΤΙΚΗΣ ΚΑΙ ΧΡΗΜΑΤΟΟΙΚΟΝΟΜΙΚΗΣ (ΛΑΡΙΣΑ),4ο,EL612,Larisa,0.0,8867.0,0.8,1.244,17100,False,7142.0
1427,ΔΙΟΙΚΗΣΗΣ ΕΠΙΧΕΙΡΗΣΕΩΝ (ΛΑΡΙΣΑ),4ο,EL612,Larisa,0.0,9825.0,0.9,1.244,17100,False,7120.0
287,ΓΕΩΛΟΓΙΑΣ (ΠΑΤΡΑ),2ο,EL632,Achaia,0.4507042253521127,9280.0,0.8,3.13,15400,False,7108.0
1655,ΔΙΟΙΚΗΣΗΣ ΕΠΙΧΕΙΡΗΣΕΩΝ ΚΑΙ ΤΟΥΡΙΣΜΟΥ (ΗΡΑΚΛΕΙΟ),4ο,EL431,Irakleio,0.3090909090909091,10088.0,1.0,47.821,15800,False,7027.0
182,ΙΤΑΛΙΚΗΣ ΓΛΩΣΣΑΣ ΚΑΙ ΦΙΛΟΛΟΓΙΑΣ (ΑΘΗΝΑ),1ο,EL303,Kentrikos Tomeas Athinon,0.864406779661017,12245.0,0.8,7.859,38500,True,6980.0
1662,ΗΛΕΚΤΡΟΝΙΚΩΝ ΜΗΧΑΝΙΚΩΝ (ΧΑΝΙΑ),4ο,EL434,Chania,0.0,10071.0,0.8,59.685,16800,False,6949.0
1632,ΦΥΣΙΚΟΥ ΠΕΡΙΒΑΛΛΟΝΤΟΣ ΚΑΙ ΚΛΙΜΑΤΙΚΗΣ ΑΝΘΕΚΤΙΚΟΤΗΤΑΣ (ΔΡΑΜΑ) (Μετονομασία του Τμήματος ΔΑΣΟΛΟΓΙΑΣ ΚΑΙ ΦΥΣΙΚΟΥ ΠΕΡΙΒΑΛΛΟΝΤΟΣ),3ο,EL514,Drama,0.9716312056737588,9530.0,0.8,1.147,12500,False,6923.0
183,ΙΣΠΑΝΙΚΗΣ ΓΛΩΣΣΑΣ ΚΑΙ ΦΙΛΟΛΟΓΙΑΣ (ΑΘΗΝΑ),1ο,EL303,Kentrikos Tomeas Athinon,0.6463414634146342,11545.0,0.8,7.859,38500,True,6817.0
1008,ΤΕΧΝΟΛΟΓΙΩΝ ΨΗΦΙΑΚΗΣ ΒΙΟΜΗΧΑΝΙΑΣ (ΨΑΧΝΑ ΕΥΒΟΙΑΣ),4ο,EL642,Evvoia,0.0,9830.0,0.85,8.356,16600,False,6753.0
1453,ΠΕΡΙΒΑΛΛΟΝΤΟΣ (ΖΑΚΥΝΘΟΣ),4ο,EL621,Zakynthos,0.0,8670.0,0.8,145.503,20300,False,6738.0
776,ΕΚΠΑΙΔΕΥΤΙΚΩΝ ΠΟΛΙΤΙΚΩΝ ΜΗΧΑΝΙΚΩΝ (ΑΘΗΝΑ),2ο,EL303,Kentrikos Tomeas Athinon,0.6491228070175439,10315.0,0.85,7.859,38500,True,6678.0
1424,"ΔΑΣΟΛΟΓΙΑΣ, ΕΠΙΣΤΗΜΩΝ ΞΥΛΟΥ ΚΑΙ ΣΧΕΔΙΑΣΜΟΥ (ΚΑΡΔΙΤΣΑ)",4ο,EL611,"Karditsa, Trikala",0.0,8605.0,0.8,3.385,12700,False,6658.0
507,ΕΚΠΑΙΔΕΥΤΙΚΩΝ ΗΛΕΚΤΡΟΛΟΓΩΝ ΜΗΧΑΝΙΚΩΝ ΚΑΙ ΕΚΠΑΙΔΕΥΤΙΚΩΝ ΗΛΕΚΤΡΟΝΙΚΩΝ ΜΗΧΑΝΙΚΩΝ - ΕΚΠΑΙΔΕΥΤΙΚΩΝ ΗΛΕΚΤΡΟΝΙΚΩΝ ΜΗΧΑΝΙΚΩΝ (ΑΘΗΝΑ),2ο,EL303,Kentrikos Tomeas Athinon,0.8055555555555556,10815.0,0.85,7.859,38500,True,6631.0
1620,ΜΗΧΑΝΙΚΩΝ ΤΟΠΟΓΡΑΦΙΑΣ ΚΑΙ ΓΕΩΠΛΗΡΟΦΟΡΙΚΗΣ (ΣΕΡΡΕΣ),2ο,EL526,Serres,0.0,11280.0,0.8,2.099,12500,False,6593.0
1519,ΨΗΦΙΑΚΩΝ ΣΥΣΤΗΜΑΤΩΝ (ΣΠΑΡΤΗ),4ο,EL653,"Lakonia, Messinia",0.0,9040.0,0.8,13.534,14700,False,6572.0
212,ΔΑΣΟΛΟΓΙΑΣ ΚΑΙ ΔΙΑΧΕΙΡΙΣΗΣ ΠΕΡΙΒΑΛΛΟΝΤΟΣ ΚΑΙ ΦΥΣΙΚΩΝ ΠΟΡΩΝ (ΟΡΕΣΤΙΑΔΑ),4ο,EL511,Evros,0.0,8640.0,0.8,4.147,13700,False,6537.0
1513,ΛΟΓΙΣΤΙΚΗΣ ΚΑΙ ΧΡΗΜΑΤΟΟΙΚΟΝΟΜΙΚΗΣ (ΚΑΛΑΜΑΤΑ),4ο,EL653,"Lakonia, Messinia",0.0,9250.0,0.8,13.534,14700,False,6473.0
1061,ΔΑΣΟΛΟΓΙΑΣ ΚΑΙ ΔΙΑΧΕΙΡΙΣΗΣ ΦΥΣΙΚΟΥ ΠΕΡΙΒΑΛΛΟΝΤΟΣ (ΚΑΡΠΕΝΗΣΙ),3ο,EL643,Evrytania,0.9629629629629629,9700.0,0.8,7.241,11900,False,6417.0
200,ΕΠΙΣΤΗΜΗΣ ΚΑΙ ΜΗΧΑΝΙΚΗΣ ΥΛΙΚΩΝ (ΗΡΑΚΛΕΙΟ),3ο,EL431,Irakleio,0.0,10780.0,0.8,47.821,15800,False,6374.0
1654,ΛΟΓΙΣΤΙΚΗΣ ΚΑΙ ΧΡΗΜΑΤΟΟΙΚΟΝΟΜΙΚΗΣ (ΗΡΑΚΛΕΙΟ),4ο,EL431,Irakleio,0.3674698795180723,8780.0,0.9,47.821,15800,False,6257.0
1276,ΑΛΙΕΙΑΣ ΚΑΙ ΥΔΑΤΟΚΑΛΛΙΕΡΓΕΙΩΝ (ΜΕΣΟΛΟΓΓΙ),4ο,EL631,Aitoloakarnania,0.0,8335.0,0.8,2.237,13500,False,6241.0
344,ΜΗΧΑΝΙΚΩΝ ΠΛΗΡΟΦΟΡΙΑΚΩΝ ΚΑΙ ΕΠΙΚΟΙΝΩΝΙΑΚΩΝ ΣΥΣΤΗΜΑΤΩΝ (ΣΑΜΟΣ),4ο,EL412,"Ikaria, Samos",0.0,9660.0,0.8,33.288,11800,False,6160.0
1455,ΤΟΥΡΙΣΜΟΥ (ΚΕΡΚΥΡΑ),4ο,EL622,Kerkyra,0.0,9820.0,0.8,100.783,16100,False,6086.0
242,ΜΗΧΑΝΙΚΩΝ ΟΡΥΚΤΩΝ ΠΟΡΩΝ (ΧΑΝΙΑ),2ο,EL434,Chania,0.3611111111111111,9440.0,0.8,59.685,16800,False,6063.0
612,ΟΙΚΟΝΟΜΙΚΗΣ ΚΑΙ ΔΙΟΙΚΗΣΗΣ ΤΟΥΡΙΣΜΟΥ (ΧΙΟΣ),4ο,EL413,Chios,0.0,11550.0,0.8,6.237,12300,False,5925.0
1542,ΜΗΧΑΝΙΚΩΝ ΣΧΕΔΙΑΣΗΣ ΠΡΟΪΟΝΤΩΝ ΚΑΙ ΣΥΣΤΗΜΑΤΩΝ (ΚΟΖΑΝΗ),4ο,EL531,"Grevena, Kozani",0.0,9225.0,0.85,0.98,15900,False,5921.0
400,ΟΡΓΑΝΩΣΗΣ ΚΑΙ ΔΙΑΧΕΙΡΙΣΗΣ ΑΘΛΗΤΙΣΜΟΥ (ΣΠΑΡΤΗ),4ο,EL653,"Lakonia, Messinia",0.0,8940.0,0.8,13.534,14700,False,5918.0
1436,ΣΥΣΤΗΜΑΤΩΝ ΕΝΕΡΓΕΙΑΣ (ΛΑΡΙΣΑ),4ο,EL612,Larisa,0.0,8990.0,0.8,1.244,17100,False,5861.0
1518,ΔΙΟΙΚΗΤΙΚΗΣ ΕΠΙΣΤΗΜΗΣ ΚΑΙ ΤΕΧΝΟΛΟΓΙΑΣ (ΤΡΙΠΟΛΗ),4ο,EL651,"Argolida, Arkadia",0.0,10075.0,0.9,10.215,19700,False,5826.0
222,ΜΗΧΑΝΙΚΩΝ ΟΙΚΟΝΟΜΙΑΣ ΚΑΙ ΔΙΟΙΚΗΣΗΣ (ΧΙΟΣ),4ο,EL413,Chios,0.0,9050.0,0.8,6.237,12300,False,5738.0
1604,ΛΟΓΙΣΤΙΚΗΣ ΚΑΙ ΧΡΗΜΑΤΟΟΙΚΟΝΟΜΙΚΗΣ (ΚΑΒΑΛΑ),4ο,EL515,"Thasos, Kavala",0.24770642201834864,8300.0,0.8,21.887,15400,False,5725.0
133,ΓΑΛΛΙΚΗΣ ΓΛΩΣΣΑΣ ΚΑΙ ΦΙΛΟΛΟΓΙΑΣ (ΘΕΣΣΑΛΟΝΙΚΗ),1ο,EL522,Thessaloniki,0.8375,11715.0,0.8,3.616,16900,True,5580.0
1546,ΟΡΓΑΝΩΣΗΣ ΚΑΙ ΔΙΟΙΚΗΣΗΣ ΕΠΙΧΕΙΡΗΣΕΩΝ (ΓΡΕΒΕΝΑ),4ο,EL531,"Grevena, Kozani",0.8368794326241135,7840.0,0.8,0.98,15900,False,5534.0
310,ΓΕΩΓΡΑΦΙΑΣ (ΜΥΤΙΛΗΝΗ),4ο,EL411,"Lesvos, Limnos",0.4959349593495935,7740.0,0.8,11.093,11800,False,5450.0
1063,ΔΙΟΙΚΗΣΗΣ ΓΕΩΡΓΙΚΩΝ ΕΠΙΧΕΙΡΗΣΕΩΝ ΚΑΙ ΣΥΣΤΗΜΑΤΩΝ ΕΦΟΔΙΑΣΜΟΥ (ΘΗΒΑ),4ο,EL641,Voiotia,0.33653846153846156,9095.0,0.9,2.356,27400,False,5437.0
1514,ΔΙΟΙΚΗΣΗΣ ΕΠΙΧΕΙΡΗΣΕΩΝ ΚΑΙ ΟΡΓΑΝΙΣΜΩΝ (ΚΑΛΑΜΑΤΑ),4ο,EL653,"Lakonia, Messinia",0.0,9715.0,0.8,13.534,14700,False,5422.0
1541,ΜΗΧΑΝΙΚΩΝ ΟΡΥΚΤΩΝ ΠΟΡΩΝ (ΚΟΖΑΝΗ),2ο,EL531,"Grevena, Kozani",0.8387096774193549,9825.0,0.8,0.98,15900,False,5339.0
320,ΔΙΟΙΚΗΣΗΣ ΕΠΙΧΕΙΡΗΣΕΩΝ (ΧΙΟΣ),4ο,EL413,Chios,0.0,8630.0,0.8,6.237,12300,False,5305.0
1627,ΔΗΜΙΟΥΡΓΙΚΟΥ ΣΧΕΔΙΑΣΜΟΥ ΚΑΙ ΕΝΔΥΣΗΣ (ΚΙΛΚΙΣ),4ο,EL523,Kilkis,0.0,8650.0,0.8,1.537,13900,False,5305.0
1549,ΔΙΕΘΝΩΝ ΚΑΙ ΕΥΡΩΠΑΪΚΩΝ ΟΙΚΟΝΟΜΙΚΩΝ ΣΠΟΥΔΩΝ (ΚΟΖΑΝΗ),4ο,EL531,"Grevena, Kozani",0.46402877697841727,8400.0,0.8,0.98,15900,False,5295.0
1603,ΔΙΟΙΚΗΣΗΣ ΕΦΟΔΙΑΣΤΙΚΗΣ ΑΛΥΣΙΔΑΣ (ΚΑΤΕΡΙΝΗ),4ο,EL525,Pieria,0.0,9660.0,0.8,30.769,13100,False,5217.0
676,ΣΥΝΤΗΡΗΣΗΣ ΑΡΧΑΙΟΤΗΤΩΝ ΚΑΙ ΕΡΓΩΝ ΤΕΧΝΗΣ (ΑΙΓΑΛΕΩ),2ο,EL302,Dytikos Tomeas Athinon,0.0,10500.0,0.8,0.066,13900,True,5196.0
1664,ΜΟΥΣΙΚΗΣ ΤΕΧΝΟΛΟΓΙΑΣ ΚΑΙ ΑΚΟΥΣΤΙΚΗΣ (ΡΕΘΥΜΝΟ),4ο,EL433,Rethymni,0.2682926829268293,8400.0,0.8,73.039,15900,False,5182.0
218,ΣΤΑΤΙΣΤΙΚΗΣ ΚΑΙ ΑΝΑΛΟΓΙΣΤΙΚΩΝ-ΧΡΗΜΑΤΟΟΙΚΟΝΟΜΙΚΩΝ ΜΑΘΗΜΑΤΙΚΩΝ (ΣΑΜΟΣ),4ο,EL412,"Ikaria, Samos",0.0,8550.0,0.8,33.288,11800,False,5148.0
1626,ΕΣΩΤΕΡΙΚΗΣ ΑΡΧΙΤΕΚΤΟΝΙΚΗΣ (ΣΕΡΡΕΣ),4ο,EL526,Serres,0.0,13545.0,0.8,2.099,12500,False,5111.0
1545,ΛΟΓΙΣΤΙΚΗΣ ΚΑΙ ΧΡΗΜΑΤΟΟΙΚΟΝΟΜΙΚΗΣ (ΚΟΖΑΝΗ),4ο,EL531,"Grevena, Kozani",0.7310606060606061,7310.0,0.8,0.98,15900,False,5050.0
1244,ΛΟΓΙΣΤΙΚΗΣ ΚΑΙ ΧΡΗΜΑΤΟΟΙΚΟΝΟΜΙΚΗΣ (ΠΡΕΒΕΖΑ),4ο,EL541,"Arta, Preveza",0.6477272727272727,7890.0,0.8,12.531,12100,False,5004.0
1547,ΣΤΑΤΙΣΤΙΚΗΣ (ΓΡΕΒΕΝΑ) (Μετονομασία του Τμήματος ΣΤΑΤΙΣΤΙΚΗΣ ΚΑΙ ΑΣΦΑΛΙΣΤΙΚΗΣ ΕΠΙΣΤΗΜΗΣ),4ο,EL531,"Grevena, Kozani",0.4095940959409594,7280.0,0.8,0.98,15900,False,4846.0
1656,ΔΙΟΙΚΗΤΙΚΗΣ ΕΠΙΣΤΗΜΗΣ ΚΑΙ ΤΕΧΝΟΛΟΓΙΑΣ (ΑΓΙΟΣ ΝΙΚΟΛΑΟΣ),4ο,EL432,Lasithi,0.0,8875.0,0.8,55.403,19800,False,4737.0
1607,ΔΙΟΙΚΗΤΙΚΗΣ ΕΠΙΣΤΗΜΗΣ ΚΑΙ ΤΕΧΝΟΛΟΓΙΑΣ (ΚΑΒΑΛΑ),4ο,EL515,"Thasos, Kavala",0.0,9530.0,0.8,21.887,15400,False,4643.0
1544,ΔΙΟΙΚΗΤΙΚΗΣ ΕΠΙΣΤΗΜΗΣ ΚΑΙ ΤΕΧΝΟΛΟΓΙΑΣ (ΚΟΖΑΝΗ),4ο,EL531,"Grevena, Kozani",0.0,8920.0,0.8,0.98,15900,False,4490.0
1064,ΠΕΡΙΦΕΡΕΙΑΚΗΣ ΚΑΙ ΟΙΚΟΝΟΜΙΚΗΣ ΑΝΑΠΤΥΞΗΣ (ΑΜΦΙΣΣΑ),4ο,EL645,Fokida,0.6666666666666666,7040.0,0.8,15.07,13400,False,4308.0
139,ΙΤΑΛΙΚΗΣ ΓΛΩΣΣΑΣ ΚΑΙ ΦΙΛΟΛΟΓΙΑΣ (ΘΕΣΣΑΛΟΝΙΚΗ),1ο,EL522,Thessaloniki,0.9565217391304348,12080.0,0.8,3.616,16900,True,4016.0
129,ΑΓΓΛΙΚΗΣ ΓΛΩΣΣΑΣ ΚΑΙ ΦΙΛΟΛΟΓΙΑΣ (ΘΕΣΣΑΛΟΝΙΚΗ),1ο,EL522,Thessaloniki,0.0,18150.0,1.0,3.616,16900,True,19312.0
231,ΑΡΧΙΤΕΚΤΟΝΩΝ ΜΗΧΑΝΙΚΩΝ (ΑΘΗΝΑ),2ο,EL303,Kentrikos Tomeas Athinon,0.0,20380.0,1.0,7.859,38500,True,19050.0
295,ΙΑΤΡΙΚΗΣ (ΑΘΗΝΑ),3ο,EL303,Kentrikos Tomeas Athinon,0.0,18775.0,1.2,7.859,38500,True,18724.0
127,ΑΓΓΛΙΚΗΣ ΓΛΩΣΣΑΣ ΚΑΙ ΦΙΛΟΛΟΓΙΑΣ (ΑΘΗΝΑ),1ο,EL303,Kentrikos Tomeas Athinon,0.0,17355.0,0.9,7.859,38500,True,18633.0
297,ΙΑΤΡΙΚΗΣ (ΘΕΣΣΑΛΟΝΙΚΗ),3ο,EL522,Thessaloniki,0.0,18575.0,1.2,3.616,16900,True,18585.0
299,ΙΑΤΡΙΚΗΣ (ΠΑΤΡΑ),3ο,EL632,Achaia,0.0,18445.0,1.2,3.13,15400,False,18398.0
217,ΗΛΕΚΤΡΟΛΟΓΩΝ ΜΗΧΑΝΙΚΩΝ ΚΑΙ ΜΗΧΑΝΙΚΩΝ ΥΠΟΛΟΓΙΣΤΩΝ (ΑΘΗΝΑ),2ο,EL303,Kentrikos Tomeas Athinon,0.0,18390.0,1.2,7.859,38500,True,18314.0
301,ΙΑΤΡΙΚΗΣ (ΙΩΑΝΝΙΝΑ),3ο,EL543,Ioannina,0.0,18200.0,1.2,6.116,13000,False,18265.0
300,ΙΑΤΡΙΚΗΣ (ΛΑΡΙΣΑ),3ο,EL612,Larisa,0.0,18100.0,1.2,1.244,17100,False,18249.0
304,ΙΑΤΡΙΚΗΣ (ΗΡΑΚΛΕΙΟ),3ο,EL431,Irakleio,0.0,18050.0,1.2,47.821,15800,False,18194.0
355,ΔΙΕΘΝΩΝ ΚΑΙ ΕΥΡΩΠΑΪΚΩΝ ΣΠΟΥΔΩΝ (ΠΕΙΡΑΙΑΣ),4ο,EL307,"Peiraias, Nisoi",0.0,18990.0,1.2,3.126,22300,True,18163.0
302,ΙΑΤΡΙΚΗΣ (ΑΛΕΞΑΝΔΡΟΥΠΟΛΗ),3ο,EL511,Evros,0.0,17975.0,1.2,4.147,13700,False,18123.0
303,ΟΔΟΝΤΙΑΤΡΙΚΗΣ (ΑΘΗΝΑ),3ο,EL303,Kentrikos Tomeas Athinon,0.0,17900.0,1.2,7.859,38500,True,18026.0
209,ΜΗΧΑΝΟΛΟΓΩΝ ΜΗΧΑΝΙΚΩΝ (ΑΘΗΝΑ),2ο,EL303,Kentrikos Tomeas Athinon,0.0,18128.0,1.2,7.859,38500,True,18014.0
117,ΝΟΜΙΚΗΣ (ΑΘΗΝΑ),1ο,EL303,Kentrikos Tomeas Athinon,0.0,17875.0,1.2,7.859,38500,True,18013.0
305,ΟΔΟΝΤΙΑΤΡΙΚΗΣ (ΘΕΣΣΑΛΟΝΙΚΗ),3ο,EL522,Thessaloniki,0.0,17995.0,1.0,3.616,16900,True,18002.0
240,ΔΙΟΙΚΗΤΙΚΗΣ ΕΠΙΣΤΗΜΗΣ ΚΑΙ ΤΕΧΝΟΛΟΓΙΑΣ (ΑΘΗΝΑ),4ο,EL303,Kentrikos Tomeas Athinon,0.0,18400.0,1.2,7.859,38500,True,17959.0
289,ΦΑΡΜΑΚΕΥΤΙΚΗΣ (ΑΘΗΝΑ),3ο,EL303,Kentrikos Tomeas Athinon,0.0,17880.0,1.2,7.859,38500,True,17848.0
119,ΝΟΜΙΚΗΣ (ΘΕΣΣΑΛΟΝΙΚΗ),1ο,EL522,Thessaloniki,0.0,17280.0,1.2,3.616,16900,True,17824.0
291,ΦΑΡΜΑΚΕΥΤΙΚΗΣ (ΘΕΣΣΑΛΟΝΙΚΗ),3ο,EL522,Thessaloniki,0.0,17625.0,1.2,3.616,16900,True,17793.0
307,ΚΤΗΝΙΑΤΡΙΚΗΣ (ΘΕΣΣΑΛΟΝΙΚΗ),3ο,EL522,Thessaloniki,0.0,17657.0,1.2,3.616,16900,True,17764.0
277,ΒΙΟΛΟΓΙΑΣ (ΑΘΗΝΑ),3ο,EL303,Kentrikos Tomeas Athinon,0.0,17428.0,1.2,7.859,38500,True,17688.0
229,ΝΑΥΠΗΓΩΝ ΜΗΧΑΝΟΛΟΓΩΝ ΜΗΧΑΝΙΚΩΝ (ΑΘΗΝΑ),2ο,EL303,Kentrikos Tomeas Athinon,0.0,17840.0,1.2,7.859,38500,True,17643.0
171,ΨΥΧΟΛΟΓΙΑΣ (ΑΘΗΝΑ) - ΕΚΠΑ,1ο,EL303,Kentrikos Tomeas Athinon,0.0,17475.0,1.0,7.859,38500,True,17608.0
179,"ΔΙΕΘΝΩΝ ΚΑΙ ΕΥΡΩΠΑΪΚΩΝ ΣΠΟΥΔΩΝ (ΑΘΗΝΑ) (Μετονομασία του Τμήματος ΔΙΕΘΝΩΝ, ΕΥΡΩΠΑΪΚΩΝ ΚΑΙ ΠΕΡΙΦΕΡΕΙΑΚΩΝ ΣΠΟΥΔΩΝ)",4ο,EL303,Kentrikos Tomeas Athinon,0.0,17040.0,1.0,7.859,38500,True,17602.0
293,ΦΑΡΜΑΚΕΥΤΙΚΗΣ (ΠΑΤΡΑ),3ο,EL632,Achaia,0.0,17620.0,1.2,3.13,15400,False,17593.0
219,ΗΛΕΚΤΡΟΛΟΓΩΝ ΜΗΧΑΝΙΚΩΝ ΚΑΙ ΜΗΧΑΝΙΚΩΝ ΥΠΟΛΟΓΙΣΤΩΝ (ΘΕΣΣΑΛΟΝΙΚΗ),2ο,EL522,Thessaloniki,0.0,17960.0,1.2,3.616,16900,True,17575.0
172,ΨΥΧΟΛΟΓΙΑΣ (ΘΕΣΣΑΛΟΝΙΚΗ),1ο,EL522,Thessaloniki,0.0,17150.0,1.2,3.616,16900,True,17529.0
401,ΕΠΙΣΤΗΜΗΣ ΦΥΣΙΚΗΣ ΑΓΩΓΗΣ ΚΑΙ ΑΘΛΗΤΙΣΜΟΥ (ΑΘΗΝΑ),4ο,EL303,Kentrikos Tomeas Athinon,0.0,17399.0,0.8,7.859,38500,True,17501.0
235,ΧΗΜΙΚΩΝ ΜΗΧΑΝΙΚΩΝ (ΑΘΗΝΑ),2ο,EL303,Kentrikos Tomeas Athinon,0.0,17775.0,1.2,7.859,38500,True,17479.0
279,ΒΙΟΛΟΓΙΑΣ (ΘΕΣΣΑΛΟΝΙΚΗ),3ο,EL522,Thessaloniki,0.0,17190.0,1.2,3.616,16900,True,17446.0
308,ΚΤΗΝΙΑΤΡΙΚΗΣ (ΚΑΡΔΙΤΣΑ),3ο,EL611,"Karditsa, Trikala",0.0,17125.0,1.2,3.385,12700,False,17407.0
263,ΧΗΜΕΙΑΣ (ΑΘΗΝΑ),3ο,EL303,Kentrikos Tomeas Athinon,0.0,17275.0,1.2,7.859,38500,True,17332.0
170,ΨΥΧΟΛΟΓΙΑΣ (ΑΘΗΝΑ) - ΠΑΝΤΕΙΟ,1ο,EL303,Kentrikos Tomeas Athinon,0.0,17100.0,1.0,7.859,38500,True,17285.0
121,ΝΟΜΙΚΗΣ (ΚΟΜΟΤΗΝΗ),1ο,EL513,Rodopi,0.0,16725.0,1.2,2.051,12100,False,17225.0
281,ΒΙΟΛΟΓΙΑΣ (ΠΑΤΡΑ),3ο,EL632,Achaia,0.0,16746.0,1.0,3.13,15400,False,17174.0
211,ΜΗΧΑΝΟΛΟΓΩΝ ΜΗΧΑΝΙΚΩΝ (ΘΕΣΣΑΛΟΝΙΚΗ),2ο,EL522,Thessaloniki,0.0,17525.0,1.2,3.616,16900,True,17169.0
1251,ΨΥΧΟΛΟΓΙΑΣ (ΙΩΑΝΝΙΝΑ),1ο,EL543,Ioannina,0.0,16575.0,1.0,6.116,13000,False,17120.0
282,ΒΙΟΛΟΓΙΑΣ (ΗΡΑΚΛΕΙΟ),3ο,EL431,Irakleio,0.0,16430.0,1.0,47.821,15800,False,17105.0
403,ΕΠΙΣΤΗΜΗΣ ΦΥΣΙΚΗΣ ΑΓΩΓΗΣ ΚΑΙ ΑΘΛΗΤΙΣΜΟΥ (ΘΕΣΣΑΛΟΝΙΚΗ),4ο,EL522,Thessaloniki,0.0,17161.0,0.8,3.616,16900,True,17045.0
330,ΠΛΗΡΟΦΟΡΙΚΗΣ ΚΑΙ ΤΗΛΕΠΙΚΟΙΝΩΝΙΩΝ (ΑΘΗΝΑ),4ο,EL303,Kentrikos Tomeas Athinon,0.0,16955.0,1.2,7.859,38500,True,17015.0
290,ΜΟΡΙΑΚΗΣ ΒΙΟΛΟΓΙΑΣ ΚΑΙ ΓΕΝΕΤΙΚΗΣ (ΑΛΕΞΑΝΔΡΟΥΠΟΛΗ),3ο,EL511,Evros,0.0,16595.0,1.2,4.147,13700,False,17009.0
294,ΕΠΙΣΤΗΜΗΣ ΔΙΑΙΤΟΛΟΓΙΑΣ ΚΑΙ ΔΙΑΤΡΟΦΗΣ (ΑΘΗΝΑ),3ο,EL303,Kentrikos Tomeas Athinon,0.0,16344.0,1.2,7.859,38500,True,16980.0
233,ΑΡΧΙΤΕΚΤΟΝΩΝ ΜΗΧΑΝΙΚΩΝ (ΘΕΣΣΑΛΟΝΙΚΗ),2ο,EL522,Thessaloniki,0.0,18135.0,1.0,3.616,16900,True,16952.0
161,ΔΙΕΘΝΩΝ ΚΑΙ ΕΥΡΩΠΑΪΚΩΝ ΣΠΟΥΔΩΝ (ΘΕΣΣΑΛΟΝΙΚΗ),4ο,EL522,Thessaloniki,0.0,19295.0,1.2,3.616,16900,True,16937.0
265,ΧΗΜΕΙΑΣ (ΘΕΣΣΑΛΟΝΙΚΗ),3ο,EL522,Thessaloniki,0.0,16590.0,0.8,3.616,16900,True,16871.0
151,ΨΥΧΟΛΟΓΙΑΣ (ΡΕΘΥΜΝΟ),1ο,EL433,Rethymni,0.0,16165.0,1.2,73.039,15900,False,16846.0
148,ΕΠΙΚΟΙΝΩΝΙΑΣ ΚΑΙ ΜΕΣΩΝ ΜΑΖΙΚΗΣ ΕΝΗΜΕΡΩΣΗΣ (ΑΘΗΝΑ),1ο,EL303,Kentrikos Tomeas Athinon,0.0,16110.0,1.0,7.859,38500,True,16845.0
213,ΜΗΧΑΝΟΛΟΓΩΝ ΚΑΙ ΑΕΡΟΝΑΥΠΗΓΩΝ ΜΗΧΑΝΙΚΩΝ - ΠΑΝ. ΠΑΤΡΩΝ (ΠΑΤΡΑ),2ο,EL632,Achaia,0.0,17130.0,1.2,3.13,15400,False,16811.0
284,ΒΙΟΧΗΜΕΙΑΣ ΚΑΙ ΒΙΟΤΕΧΝΟΛΟΓΙΑΣ (ΛΑΡΙΣΑ),3ο,EL612,Larisa,0.0,16030.0,1.2,1.244,17100,False,16697.0
338,ΠΛΗΡΟΦΟΡΙΚΗΣ (ΘΕΣΣΑΛΟΝΙΚΗ),4ο,EL522,Thessaloniki,0.0,17720.0,1.2,3.616,16900,True,16653.0
1550,ΨΥΧΟΛΟΓΙΑΣ (ΦΛΩΡΙΝΑ),1ο,EL533,Florina,0.0,15905.0,1.0,1.249,18500,False,16641.0
280,ΒΙΟΛΟΓΙΚΩΝ ΕΦΑΡΜΟΓΩΝ ΚΑΙ ΤΕΧΝΟΛΟΓΙΩΝ (ΙΩΑΝΝΙΝΑ),3ο,EL543,Ioannina,0.0,16260.0,1.2,6.116,13000,False,16620.0
267,ΧΗΜΕΙΑΣ (ΠΑΤΡΑ),3ο,EL632,Achaia,0.0,16240.0,1.2,3.13,15400,False,16616.0
325,ΒΙΟΤΕΧΝΟΛΟΓΙΑΣ (ΑΘΗΝΑ),3ο,EL303,Kentrikos Tomeas Athinon,0.0,15870.0,1.2,7.859,38500,True,16588.0
237,ΧΗΜΙΚΩΝ ΜΗΧΑΝΙΚΩΝ (ΘΕΣΣΑΛΟΝΙΚΗ),2ο,EL522,Thessaloniki,0.0,17000.0,1.2,3.616,16900,True,16474.0
1668,ΨΥΧΟΛΟΓΙΑΣ (ΔΙΔΥΜΟΤΕΙΧΟ),1ο,EL511,Evros,0.0,15450.0,1.2,4.147,13700,False,
1670,ΕΡΓΟΘΕΡΑΠΕΙΑΣ (ΚΟΜΟΤΗΝΗ),3ο,EL513,Rodopi,0.0,13132.0,0.8,2.051,12100,False,
1288,ΑΕΙΦΟΡΙΚΗΣ ΓΕΩΡΓΙΑΣ (ΑΓΡΙΝΙΟ),3ο,EL631,Aitoloakarnania,0.9906542056074766,9885.0,0.8,2.237,13500,False,
1289,ΓΕΩΠΟΝΙΑΣ (ΜΕΣΟΛΟΓΓΙ),3ο,EL631,Aitoloakarnania,0.8712121212121212,9445.0,0.8,2.237,13500,False,
1669,ΑΝΘΡΩΠΙΣΤΙΚΩΝ ΣΠΟΥΔΩΝ (ΚΟΜΟΤΗΝΗ),4ο,EL513,Rodopi,0.0,8650.0,0.8,2.051,12100,False,
