family,above,below,n
ΔΙΟΙΚΗΣΗΣ ΕΠΙΧΕΙΡΗΣΕΩΝ,ΠΑΝ. ΔΥΤ. ΑΤΤΙΚΗΣ,Ο.Π.Α.,285
ΔΙΟΙΚΗΣΗΣ ΕΠΙΧΕΙΡΗΣΕΩΝ,ΠΑΝ. ΔΥΤ. ΑΤΤΙΚΗΣ,ΠΑΝ. ΠΕΙΡΑΙΑ,309
ΔΙΟΙΚΗΣΗΣ ΕΠΙΧΕΙΡΗΣΕΩΝ,Ο.Π.Α.,ΠΑΝ. ΠΕΙΡΑΙΑ,2470
ΔΙΟΙΚΗΣΗΣ ΤΟΥΡΙΣΜΟΥ,ΠΑΝ. ΔΥΤ. ΑΤΤΙΚΗΣ,ΠΑΝ. ΠΑΤΡΩΝ,494
ΠΛΗΡΟΦΟΡΙΚΗΣ,ΠΑΝ. ΠΕΙΡΑΙΑ,Ο.Π.Α.,787
ΗΛΕΚΤΡΟΛΟΓΩΝ ΜΗΧΑΝΙΚΩΝ ΚΑΙ ΜΗΧΑΝΙΚΩΝ ΥΠΟΛΟΓΙΣΤΩΝ,Ε.Μ.Π.,Α.Π.Θ.,921
ΗΛΕΚΤΡΟΛΟΓΩΝ ΜΗΧΑΝΙΚΩΝ ΚΑΙ ΜΗΧΑΝΙΚΩΝ ΥΠΟΛΟΓΙΣΤΩΝ,Ε.Μ.Π.,ΠΑΝ. ΘΕΣΣΑΛΙΑΣ,998
ΗΛΕΚΤΡΟΛΟΓΩΝ ΜΗΧΑΝΙΚΩΝ ΚΑΙ ΜΗΧΑΝΙΚΩΝ ΥΠΟΛΟΓΙΣΤΩΝ,Ε.Μ.Π.,ΠΟΛ/ΧΝΕΙΟ ΚΡΗΤΗΣ,906
ΗΛΕΚΤΡΟΛΟΓΩΝ ΜΗΧΑΝΙΚΩΝ ΚΑΙ ΜΗΧΑΝΙΚΩΝ ΥΠΟΛΟΓΙΣΤΩΝ,Ε.Μ.Π.,Δ.Π.Θ.,754
ΗΛΕΚΤΡΟΛΟΓΩΝ ΜΗΧΑΝΙΚΩΝ ΚΑΙ ΜΗΧΑΝΙΚΩΝ ΥΠΟΛΟΓΙΣΤΩΝ,Α.Π.Θ.,ΠΑΝ. ΘΕΣΣΑΛΙΑΣ,1158
ΗΛΕΚΤΡΟΛΟΓΩΝ ΜΗΧΑΝΙΚΩΝ ΚΑΙ ΜΗΧΑΝΙΚΩΝ ΥΠΟΛΟΓΙΣΤΩΝ,Α.Π.Θ.,ΠΟΛ/ΧΝΕΙΟ ΚΡΗΤΗΣ,917
ΗΛΕΚΤΡΟΛΟΓΩΝ ΜΗΧΑΝΙΚΩΝ ΚΑΙ ΜΗΧΑΝΙΚΩΝ ΥΠΟΛΟΓΙΣΤΩΝ,Α.Π.Θ.,Δ.Π.Θ.,1156
ΗΛΕΚΤΡΟΛΟΓΩΝ ΜΗΧΑΝΙΚΩΝ ΚΑΙ ΜΗΧΑΝΙΚΩΝ ΥΠΟΛΟΓΙΣΤΩΝ,ΠΑΝ. ΘΕΣΣΑΛΙΑΣ,ΠΟΛ/ΧΝΕΙΟ ΚΡΗΤΗΣ,887
ΗΛΕΚΤΡΟΛΟΓΩΝ ΜΗΧΑΝΙΚΩΝ ΚΑΙ ΜΗΧΑΝΙΚΩΝ ΥΠΟΛΟΓΙΣΤΩΝ,ΠΑΝ. ΘΕΣΣΑΛΙΑΣ,Δ.Π.Θ.,1037
ΗΛΕΚΤΡΟΛΟΓΩΝ ΜΗΧΑΝΙΚΩΝ ΚΑΙ ΜΗΧΑΝΙΚΩΝ ΥΠΟΛΟΓΙΣΤΩΝ,ΠΟΛ/ΧΝΕΙΟ ΚΡΗΤΗΣ,Δ.Π.Θ.,445
ΜΗΧΑΝΟΛΟΓΩΝ ΜΗΧΑΝΙΚΩΝ,Ε.Μ.Π.,ΠΑΝ. ΘΕΣΣΑΛΙΑΣ,899
ΠΑΙΔΑΓΩΓΙΚΟ ΔΗΜΟΤΙΚΗΣ ΕΚΠΑΙΔΕΥΣΗΣ,Ε.Κ.Π.Α.,Α.Π.Θ.,1518
ΧΗΜΙΚΩΝ ΜΗΧΑΝΙΚΩΝ,Ε.Μ.Π.,Α.Π.Θ.,456
ΧΗΜΙΚΩΝ ΜΗΧΑΝΙΚΩΝ,Ε.Μ.Π.,ΠΑΝ. ΠΑΤΡΩΝ,674
ΧΗΜΙΚΩΝ ΜΗΧΑΝΙΚΩΝ,Α.Π.Θ.,ΠΑΝ. ΠΑΤΡΩΝ,515
ΑΓΩΓΗΣ ΚΑΙ ΦΡΟΝΤΙΔΑΣ ΣΤΗΝ ΠΡΩΙΜΗ ΠΑΙΔΙΚΗ ΗΛΙΚΙΑ,ΠΑΝ. ΔΥΤ. ΑΤΤΙΚΗΣ,ΔΙ.ΠΑ.Ε.,3709
ΚΟΙΝΩΝΙΚΗΣ ΠΟΛΙΤΙΚΗΣ,ΠΑΝΤΕΙΟ,Δ.Π.Θ.,2144
ΠΑΙΔΑΓΩΓΙΚΟ ΔΗΜΟΤΙΚΗΣ ΕΚΠΑΙΔΕΥΣΗΣ,ΠΑΝ. ΑΙΓΑΙΟΥ,Α.Π.Θ.,671
ΠΑΙΔΑΓΩΓΙΚΟ ΔΗΜΟΤΙΚΗΣ ΕΚΠΑΙΔΕΥΣΗΣ,ΠΑΝ. ΑΙΓΑΙΟΥ,ΠΑΝ. ΔΥΤ. ΜΑΚ.,2799
ΠΑΙΔΑΓΩΓΙΚΟ ΔΗΜΟΤΙΚΗΣ ΕΚΠΑΙΔΕΥΣΗΣ,ΠΑΝ. ΑΙΓΑΙΟΥ,ΠΑΝ. ΘΕΣΣΑΛΙΑΣ,952
ΠΑΙΔΑΓΩΓΙΚΟ ΔΗΜΟΤΙΚΗΣ ΕΚΠΑΙΔΕΥΣΗΣ,ΠΑΝ. ΑΙΓΑΙΟΥ,Δ.Π.Θ.,1856
ΠΑΙΔΑΓΩΓΙΚΟ ΔΗΜΟΤΙΚΗΣ ΕΚΠΑΙΔΕΥΣΗΣ,Α.Π.Θ.,ΠΑΝ. ΔΥΤ. ΜΑΚ.,6608
ΠΑΙΔΑΓΩΓΙΚΟ ΔΗΜΟΤΙΚΗΣ ΕΚΠΑΙΔΕΥΣΗΣ,Α.Π.Θ.,ΠΑΝ. ΘΕΣΣΑΛΙΑΣ,6518
ΠΑΙΔΑΓΩΓΙΚΟ ΔΗΜΟΤΙΚΗΣ ΕΚΠΑΙΔΕΥΣΗΣ,Α.Π.Θ.,Δ.Π.Θ.,6353
ΠΑΙΔΑΓΩΓΙΚΟ ΔΗΜΟΤΙΚΗΣ ΕΚΠΑΙΔΕΥΣΗΣ,ΠΑΝ. ΔΥΤ. ΜΑΚ.,ΠΑΝ. ΘΕΣΣΑΛΙΑΣ,1226
ΠΑΙΔΑΓΩΓΙΚΟ ΔΗΜΟΤΙΚΗΣ ΕΚΠΑΙΔΕΥΣΗΣ,ΠΑΝ. ΔΥΤ. ΜΑΚ.,Δ.Π.Θ.,3188
ΠΑΙΔΑΓΩΓΙΚΟ ΔΗΜΟΤΙΚΗΣ ΕΚΠΑΙΔΕΥΣΗΣ,ΠΑΝ. ΘΕΣΣΑΛΙΑΣ,Δ.Π.Θ.,5605
ΠΑΙΔΑΓΩΓΙΚΩΝ ΠΡΟΣΧΟΛΙΚΗΣ ΕΚΠΑΙΔΕΥΣΗΣ,Ε.Κ.Π.Α.,ΠΑΝ. ΘΕΣΣΑΛΙΑΣ,3869
ΠΑΙΔΑΓΩΓΙΚΩΝ ΠΡΟΣΧΟΛΙΚΗΣ ΕΚΠΑΙΔΕΥΣΗΣ,Ε.Κ.Π.Α.,ΠΑΝ. ΑΙΓΑΙΟΥ,3916
ΠΑΙΔΑΓΩΓΙΚΩΝ ΠΡΟΣΧΟΛΙΚΗΣ ΕΚΠΑΙΔΕΥΣΗΣ,Ε.Κ.Π.Α.,Α.Π.Θ.,3697
ΠΑΙΔΑΓΩΓΙΚΩΝ ΠΡΟΣΧΟΛΙΚΗΣ ΕΚΠΑΙΔΕΥΣΗΣ,Ε.Κ.Π.Α.,Δ.Π.Θ.,3661
ΠΑΙΔΑΓΩΓΙΚΩΝ ΠΡΟΣΧΟΛΙΚΗΣ ΕΚΠΑΙΔΕΥΣΗΣ,ΠΑΝ. ΘΕΣΣΑΛΙΑΣ,ΠΑΝ. ΑΙΓΑΙΟΥ,4466
ΠΑΙΔΑΓΩΓΙΚΩΝ ΠΡΟΣΧΟΛΙΚΗΣ ΕΚΠΑΙΔΕΥΣΗΣ,ΠΑΝ. ΘΕΣΣΑΛΙΑΣ,Α.Π.Θ.,2560
ΠΑΙΔΑΓΩΓΙΚΩΝ ΠΡΟΣΧΟΛΙΚΗΣ ΕΚΠΑΙΔΕΥΣΗΣ,ΠΑΝ. ΘΕΣΣΑΛΙΑΣ,Δ.Π.Θ.,4762
ΠΑΙΔΑΓΩΓΙΚΩΝ ΠΡΟΣΧΟΛΙΚΗΣ ΕΚΠΑΙΔΕΥΣΗΣ,ΠΑΝ. ΑΙΓΑΙΟΥ,Α.Π.Θ.,768
ΠΑΙΔΑΓΩΓΙΚΩΝ ΠΡΟΣΧΟΛΙΚΗΣ ΕΚΠΑΙΔΕΥΣΗΣ,ΠΑΝ. ΑΙΓΑΙΟΥ,Δ.Π.Θ.,1582
ΠΑΙΔΑΓΩΓΙΚΩΝ ΠΡΟΣΧΟΛΙΚΗΣ ΕΚΠΑΙΔΕΥΣΗΣ,Α.Π.Θ.,Δ.Π.Θ.,6190
ΑΓΩΓΗΣ ΚΑΙ ΦΡΟΝΤΙΔΑΣ ΣΤΗΝ ΠΡΩΙΜΗ ΠΑΙΔΙΚΗ ΗΛΙΚΙΑ,ΔΙ.ΠΑ.Ε.,ΠΑΝ. ΙΩΑΝΝΙΝΩΝ,2897
ΓΕΩΠΟΝΙΑΣ,ΔΙ.ΠΑ.Ε.,ΠΑΝ. ΘΕΣΣΑΛΙΑΣ,699
ΓΕΩΠΟΝΙΑΣ,ΔΙ.ΠΑ.Ε.,ΠΑΝ. ΔΥΤ. ΜΑΚ.,831
ΓΕΩΠΟΝΙΑΣ,ΠΑΝ. ΘΕΣΣΑΛΙΑΣ,ΠΑΝ. ΔΥΤ. ΜΑΚ.,968
ΕΠΙΣΤΗΜΗΣ ΚΑΙ ΤΕΧΝΟΛΟΓΙΑΣ ΤΡΟΦΙΜΩΝ,ΔΙ.ΠΑ.Ε.,ΙΟΝΙΟ ΠΑΝ/ΜΙΟ,605
ΕΠΙΣΤΗΜΗΣ ΚΑΙ ΤΕΧΝΟΛΟΓΙΑΣ ΤΡΟΦΙΜΩΝ,ΔΙ.ΠΑ.Ε.,ΠΑΝ. ΠΕΛ/ΝΗΣΟΥ,1044
ΕΠΙΣΤΗΜΗΣ ΚΑΙ ΤΕΧΝΟΛΟΓΙΑΣ ΤΡΟΦΙΜΩΝ,ΔΙ.ΠΑ.Ε.,ΠΑΝ. ΠΑΤΡΩΝ,774
ΕΠΙΣΤΗΜΗΣ ΚΑΙ ΤΕΧΝΟΛΟΓΙΑΣ ΤΡΟΦΙΜΩΝ,ΙΟΝΙΟ ΠΑΝ/ΜΙΟ,ΠΑΝ. ΠΕΛ/ΝΗΣΟΥ,367
ΕΠΙΣΤΗΜΗΣ ΚΑΙ ΤΕΧΝΟΛΟΓΙΑΣ ΤΡΟΦΙΜΩΝ,ΙΟΝΙΟ ΠΑΝ/ΜΙΟ,ΠΑΝ. ΠΑΤΡΩΝ,348
ΕΠΙΣΤΗΜΗΣ ΚΑΙ ΤΕΧΝΟΛΟΓΙΑΣ ΤΡΟΦΙΜΩΝ,ΠΑΝ. ΠΕΛ/ΝΗΣΟΥ,ΠΑΝ. ΠΑΤΡΩΝ,1105
ΝΟΣΗΛΕΥΤΙΚΗΣ,ΠΑΝ. ΘΕΣΣΑΛΙΑΣ,ΠΑΝ. ΙΩΑΝΝΙΝΩΝ,996
ΠΑΙΔΑΓΩΓΙΚΟ ΝΗΠΙΑΓΩΓΩΝ,ΠΑΝ. ΙΩΑΝΝΙΝΩΝ,ΠΑΝ. ΔΥΤ. ΜΑΚ.,4057
ΠΑΙΔΑΓΩΓΙΚΩΝ ΠΡΟΣΧΟΛΙΚΗΣ ΕΚΠΑΙΔΕΥΣΗΣ,Α.Π.Θ.,ΠΑΝ. ΘΕΣΣΑΛΙΑΣ,5209
ΠΑΙΔΑΓΩΓΙΚΩΝ ΠΡΟΣΧΟΛΙΚΗΣ ΕΚΠΑΙΔΕΥΣΗΣ,Α.Π.Θ.,ΠΑΝ. ΠΑΤΡΩΝ,3573
ΠΑΙΔΑΓΩΓΙΚΩΝ ΠΡΟΣΧΟΛΙΚΗΣ ΕΚΠΑΙΔΕΥΣΗΣ,Α.Π.Θ.,ΠΑΝ. ΑΙΓΑΙΟΥ,5163
ΠΑΙΔΑΓΩΓΙΚΩΝ ΠΡΟΣΧΟΛΙΚΗΣ ΕΚΠΑΙΔΕΥΣΗΣ,ΠΑΝ. ΘΕΣΣΑΛΙΑΣ,ΠΑΝ. ΠΑΤΡΩΝ,2469
ΠΑΙΔΑΓΩΓΙΚΩΝ ΠΡΟΣΧΟΛΙΚΗΣ ΕΚΠΑΙΔΕΥΣΗΣ,Δ.Π.Θ.,ΠΑΝ. ΠΑΤΡΩΝ,1380
ΠΑΙΔΑΓΩΓΙΚΩΝ ΠΡΟΣΧΟΛΙΚΗΣ ΕΚΠΑΙΔΕΥΣΗΣ,Δ.Π.Θ.,ΠΑΝ. ΑΙΓΑΙΟΥ,4749
ΠΑΙΔΑΓΩΓΙΚΩΝ ΠΡΟΣΧΟΛΙΚΗΣ ΕΚΠΑΙΔΕΥΣΗΣ,ΠΑΝ. ΠΑΤΡΩΝ,ΠΑΝ. ΑΙΓΑΙΟΥ,3610
ΠΕΡΙΒΑΛΛΟΝΤΟΣ,ΠΑΝ. ΘΕΣΣΑΛΙΑΣ,ΙΟΝΙΟ ΠΑΝ/ΜΙΟ,2533
ΠΛΗΡΟΦΟΡΙΚΗΣ ΚΑΙ ΤΗΛΕΠΙΚΟΙΝΩΝΙΩΝ,ΠΑΝ. ΘΕΣΣΑΛΙΑΣ,ΠΑΝ. ΙΩΑΝΝΙΝΩΝ,2134
ΓΕΩΠΟΝΙΑΣ,ΠΑΝ. ΔΥΤ. ΜΑΚ.,ΠΑΝ. ΙΩΑΝΝΙΝΩΝ,623
ΓΕΩΠΟΝΙΑΣ,ΠΑΝ. ΔΥΤ. ΜΑΚ.,ΠΑΝ. ΠΑΤΡΩΝ,569
ΓΕΩΠΟΝΙΑΣ,ΠΑΝ. ΔΥΤ. ΜΑΚ.,ΠΑΝ. ΠΕΛ/ΝΗΣΟΥ,510
ΓΕΩΠΟΝΙΑΣ,ΠΑΝ. ΙΩΑΝΝΙΝΩΝ,ΠΑΝ. ΠΑΤΡΩΝ,841
ΓΕΩΠΟΝΙΑΣ,ΠΑΝ. ΙΩΑΝΝΙΝΩΝ,ΠΑΝ. ΠΕΛ/ΝΗΣΟΥ,699
ΓΕΩΠΟΝΙΑΣ,ΠΑΝ. ΠΑΤΡΩΝ,ΠΑΝ. ΠΕΛ/ΝΗΣΟΥ,355
ΔΙΟΙΚΗΣΗΣ ΕΠΙΧΕΙΡΗΣΕΩΝ,ΠΑΝ. ΘΕΣΣΑΛΙΑΣ,ΠΑΝ. ΑΙΓΑΙΟΥ,1402
ΔΙΟΙΚΗΣΗΣ ΕΠΙΧΕΙΡΗΣΕΩΝ,ΠΑΝ. ΘΕΣΣΑΛΙΑΣ,ΔΙ.ΠΑ.Ε.,1385
ΔΙΟΙΚΗΣΗΣ ΕΠΙΧΕΙΡΗΣΕΩΝ,ΠΑΝ. ΘΕΣΣΑΛΙΑΣ,ΠΑΝ. ΔΥΤ. ΜΑΚ.,1142
ΔΙΟΙΚΗΣΗΣ ΕΠΙΧΕΙΡΗΣΕΩΝ,ΠΑΝ. ΑΙΓΑΙΟΥ,ΔΙ.ΠΑ.Ε.,814
ΔΙΟΙΚΗΣΗΣ ΕΠΙΧΕΙΡΗΣΕΩΝ,ΠΑΝ. ΑΙΓΑΙΟΥ,ΠΑΝ. ΔΥΤ. ΜΑΚ.,882
ΔΙΟΙΚΗΣΗΣ ΕΠΙΧΕΙΡΗΣΕΩΝ,ΔΙ.ΠΑ.Ε.,ΠΑΝ. ΔΥΤ. ΜΑΚ.,1483
ΔΙΟΙΚΗΤΙΚΗΣ ΕΠΙΣΤΗΜΗΣ ΚΑΙ ΤΕΧΝΟΛΟΓΙΑΣ,ΠΑΝ. ΠΕΛ/ΝΗΣΟΥ,ΠΑΝ. ΔΥΤ. ΜΑΚ.,872
ΔΙΟΙΚΗΤΙΚΗΣ ΕΠΙΣΤΗΜΗΣ ΚΑΙ ΤΕΧΝΟΛΟΓΙΑΣ,ΠΑΝ. ΠΕΛ/ΝΗΣΟΥ,ΕΛ.ΜΕ.ΠΑ.,866
ΔΙΟΙΚΗΤΙΚΗΣ ΕΠΙΣΤΗΜΗΣ ΚΑΙ ΤΕΧΝΟΛΟΓΙΑΣ,ΠΑΝ. ΔΥΤ. ΜΑΚ.,ΕΛ.ΜΕ.ΠΑ.,1198
ΛΟΓΙΣΤΙΚΗΣ ΚΑΙ ΧΡΗΜΑΤΟΟΙΚΟΝΟΜΙΚΗΣ,ΠΑΝ. ΘΕΣΣΑΛΙΑΣ,ΠΑΝ. ΔΥΤ. ΜΑΚ.,2064
ΛΟΓΙΣΤΙΚΗΣ ΚΑΙ ΧΡΗΜΑΤΟΟΙΚΟΝΟΜΙΚΗΣ,ΠΑΝ. ΘΕΣΣΑΛΙΑΣ,ΠΑΝ. ΙΩΑΝΝΙΝΩΝ,2079
ΛΟΓΙΣΤΙΚΗΣ ΚΑΙ ΧΡΗΜΑΤΟΟΙΚΟΝΟΜΙΚΗΣ,ΠΑΝ. ΘΕΣΣΑΛΙΑΣ,ΠΑΝ. ΠΕΛ/ΝΗΣΟΥ,1406
ΛΟΓΙΣΤΙΚΗΣ ΚΑΙ ΧΡΗΜΑΤΟΟΙΚΟΝΟΜΙΚΗΣ,ΠΑΝ. ΔΥΤ. ΜΑΚ.,ΠΑΝ. ΙΩΑΝΝΙΝΩΝ,1573
ΛΟΓΙΣΤΙΚΗΣ ΚΑΙ ΧΡΗΜΑΤΟΟΙΚΟΝΟΜΙΚΗΣ,ΠΑΝ. ΔΥΤ. ΜΑΚ.,ΠΑΝ. ΠΕΛ/ΝΗΣΟΥ,834
ΛΟΓΙΣΤΙΚΗΣ ΚΑΙ ΧΡΗΜΑΤΟΟΙΚΟΝΟΜΙΚΗΣ,ΠΑΝ. ΙΩΑΝΝΙΝΩΝ,ΠΑΝ. ΠΕΛ/ΝΗΣΟΥ,614
ΜΗΧΑΝΙΚΩΝ ΣΧΕΔΙΑΣΗΣ ΠΡΟΪΟΝΤΩΝ ΚΑΙ ΣΥΣΤΗΜΑΤΩΝ,ΠΑΝ. ΑΙΓΑΙΟΥ,ΠΑΝ. ΔΥΤ. ΜΑΚ.,554
ΟΙΚΟΝΟΜΙΚΩΝ ΕΠΙΣΤΗΜΩΝ,ΠΑΝ. ΘΕΣΣΑΛΙΑΣ,ΠΑΝ. ΙΩΑΝΝΙΝΩΝ,1989
ΟΙΚΟΝΟΜΙΚΩΝ ΕΠΙΣΤΗΜΩΝ,ΠΑΝ. ΘΕΣΣΑΛΙΑΣ,Δ.Π.Θ.,1808
ΟΙΚΟΝΟΜΙΚΩΝ ΕΠΙΣΤΗΜΩΝ,ΠΑΝ. ΘΕΣΣΑΛΙΑΣ,ΔΙ.ΠΑ.Ε.,1544
ΟΙΚΟΝΟΜΙΚΩΝ ΕΠΙΣΤΗΜΩΝ,ΠΑΝ. ΘΕΣΣΑΛΙΑΣ,ΠΑΝ. ΠΕΛ/ΝΗΣΟΥ,1270
ΟΙΚΟΝΟΜΙΚΩΝ ΕΠΙΣΤΗΜΩΝ,ΠΑΝ. ΘΕΣΣΑΛΙΑΣ,ΠΑΝ. ΔΥΤ. ΜΑΚ.,1474
ΟΙΚΟΝΟΜΙΚΩΝ ΕΠΙΣΤΗΜΩΝ,ΠΑΝ. ΙΩΑΝΝΙΝΩΝ,Δ.Π.Θ.,1991
ΟΙΚΟΝΟΜΙΚΩΝ ΕΠΙΣΤΗΜΩΝ,ΠΑΝ. ΙΩΑΝΝΙΝΩΝ,ΔΙ.ΠΑ.Ε.,1689
ΟΙΚΟΝΟΜΙΚΩΝ ΕΠΙΣΤΗΜΩΝ,ΠΑΝ. ΙΩΑΝΝΙΝΩΝ,ΠΑΝ. ΠΕΛ/ΝΗΣΟΥ,1444
ΟΙΚΟΝΟΜΙΚΩΝ ΕΠΙΣΤΗΜΩΝ,ΠΑΝ. ΙΩΑΝΝΙΝΩΝ,ΠΑΝ. ΔΥΤ. ΜΑΚ.,1654
ΟΙΚΟΝΟΜΙΚΩΝ ΕΠΙΣΤΗΜΩΝ,Δ.Π.Θ.,ΔΙ.ΠΑ.Ε.,1406
ΟΙΚΟΝΟΜΙΚΩΝ ΕΠΙΣΤΗΜΩΝ,Δ.Π.Θ.,ΠΑΝ. ΠΕΛ/ΝΗΣΟΥ,924
ΟΙΚΟΝΟΜΙΚΩΝ ΕΠΙΣΤΗΜΩΝ,Δ.Π.Θ.,ΠΑΝ. ΔΥΤ. ΜΑΚ.,1072
ΟΙΚΟΝΟΜΙΚΩΝ ΕΠΙΣΤΗΜΩΝ,ΔΙ.ΠΑ.Ε.,ΠΑΝ. ΠΕΛ/ΝΗΣΟΥ,749
ΟΙΚΟΝΟΜΙΚΩΝ ΕΠΙΣΤΗΜΩΝ,ΔΙ.ΠΑ.Ε.,ΠΑΝ. ΔΥΤ. ΜΑΚ.,2015
ΟΙΚΟΝΟΜΙΚΩΝ ΕΠΙΣΤΗΜΩΝ,ΠΑΝ. ΠΕΛ/ΝΗΣΟΥ,ΠΑΝ. ΔΥΤ. ΜΑΚ.,696
ΠΛΗΡΟΦΟΡΙΚΗΣ,ΙΟΝΙΟ ΠΑΝ/ΜΙΟ,ΠΑΝ. ΔΥΤ. ΜΑΚ.,1095
ΨΗΦΙΑΚΩΝ ΣΥΣΤΗΜΑΤΩΝ,ΠΑΝ. ΘΕΣΣΑΛΙΑΣ,ΠΑΝ. ΠΕΛ/ΝΗΣΟΥ,2613
ΓΕΩΠΟΝΙΑΣ,ΠΑΝ. ΠΑΤΡΩΝ,ΠΑΝ. ΘΕΣΣΑΛΙΑΣ,381
ΑΓΩΓΗΣ ΚΑΙ ΦΡΟΝΤΙΔΑΣ ΣΤΗΝ ΠΡΩΙΜΗ ΠΑΙΔΙΚΗ ΗΛΙΚΙΑ,ΠΑΝ. ΔΥΤ. ΑΤΤΙΚΗΣ,ΠΑΝ. ΙΩΑΝΝΙΝΩΝ,2006
ΕΡΓΟΘΕΡΑΠΕΙΑΣ,ΠΑΝ. ΔΥΤ. ΑΤΤΙΚΗΣ,ΠΑΝ. ΔΥΤ. ΜΑΚ.,878
ΝΟΣΗΛΕΥΤΙΚΗΣ,ΠΑΝ. ΘΕΣΣΑΛΙΑΣ,ΠΑΝ. ΔΥΤ. ΑΤΤΙΚΗΣ,467
ΟΙΚΟΝΟΜΙΚΩΝ ΕΠΙΣΤΗΜΩΝ,Α.Π.Θ.,ΔΙ.ΠΑ.Ε.,1149
ΘΕΑΤΡΙΚΩΝ ΣΠΟΥΔΩΝ,Ε.Κ.Π.Α.,ΠΑΝ. ΠΑΤΡΩΝ,2225
ΘΕΑΤΡΙΚΩΝ ΣΠΟΥΔΩΝ,Ε.Κ.Π.Α.,ΠΑΝ. ΠΕΛ/ΝΗΣΟΥ,2326
ΘΕΑΤΡΙΚΩΝ ΣΠΟΥΔΩΝ,ΠΑΝ. ΠΑΤΡΩΝ,ΠΑΝ. ΠΕΛ/ΝΗΣΟΥ,1452
ΟΙΚΟΝΟΜΙΚΗΣ ΕΠΙΣΤΗΜΗΣ,Ο.Π.Α.,ΠΑΝ. ΠΕΙΡΑΙΑ,2899
ΟΙΚΟΝΟΜΙΚΩΝ ΕΠΙΣΤΗΜΩΝ,ΠΑ. ΜΑΚ.,Α.Π.Θ.,2341
ΟΙΚΟΝΟΜΙΚΩΝ ΕΠΙΣΤΗΜΩΝ,ΠΑ. ΜΑΚ.,Ε.Κ.Π.Α.,702
ΟΙΚΟΝΟΜΙΚΩΝ ΕΠΙΣΤΗΜΩΝ,Α.Π.Θ.,Ε.Κ.Π.Α.,688
ΠΛΗΡΟΦΟΡΙΚΗΣ,Α.Π.Θ.,Ο.Π.Α.,912
ΠΛΗΡΟΦΟΡΙΚΗΣ,Α.Π.Θ.,ΠΑΝ. ΠΕΙΡΑΙΑ,1084
ΠΛΗΡΟΦΟΡΙΚΗΣ,Ο.Π.Α.,ΠΑΝ. ΠΕΙΡΑΙΑ,2763
ΠΛΗΡΟΦΟΡΙΚΗΣ ΚΑΙ ΤΗΛΕΠΙΚΟΙΝΩΝΙΩΝ,Ε.Κ.Π.Α.,ΠΑΝ. ΘΕΣΣΑΛΙΑΣ,1303
ΒΙΟΛΟΓΙΑΣ,Ε.Κ.Π.Α.,ΠΑΝ. ΠΑΤΡΩΝ,1802
ΒΙΟΛΟΓΙΑΣ,Ε.Κ.Π.Α.,Α.Π.Θ.,1268
ΒΙΟΛΟΓΙΑΣ,Ε.Κ.Π.Α.,ΠΑΝ. ΚΡΗΤΗΣ,1590
ΒΙΟΛΟΓΙΑΣ,ΠΑΝ. ΠΑΤΡΩΝ,Α.Π.Θ.,548
ΒΙΟΛΟΓΙΑΣ,ΠΑΝ. ΠΑΤΡΩΝ,ΠΑΝ. ΚΡΗΤΗΣ,2236
ΒΙΟΛΟΓΙΑΣ,Α.Π.Θ.,ΠΑΝ. ΚΡΗΤΗΣ,1675
ΙΑΤΡΙΚΗΣ,Ε.Κ.Π.Α.,ΠΑΝ. ΠΑΤΡΩΝ,2116
ΙΑΤΡΙΚΗΣ,Ε.Κ.Π.Α.,Α.Π.Θ.,1709
ΙΑΤΡΙΚΗΣ,Ε.Κ.Π.Α.,ΠΑΝ. ΘΕΣΣΑΛΙΑΣ,1978
ΙΑΤΡΙΚΗΣ,Ε.Κ.Π.Α.,ΠΑΝ. ΙΩΑΝΝΙΝΩΝ,1979
ΙΑΤΡΙΚΗΣ,Ε.Κ.Π.Α.,ΠΑΝ. ΚΡΗΤΗΣ,2136
ΙΑΤΡΙΚΗΣ,Ε.Κ.Π.Α.,Δ.Π.Θ.,2024
ΙΑΤΡΙΚΗΣ,ΠΑΝ. ΠΑΤΡΩΝ,Α.Π.Θ.,622
ΙΑΤΡΙΚΗΣ,ΠΑΝ. ΠΑΤΡΩΝ,ΠΑΝ. ΘΕΣΣΑΛΙΑΣ,1901
ΙΑΤΡΙΚΗΣ,ΠΑΝ. ΠΑΤΡΩΝ,ΠΑΝ. ΙΩΑΝΝΙΝΩΝ,1771
ΙΑΤΡΙΚΗΣ,ΠΑΝ. ΠΑΤΡΩΝ,ΠΑΝ. ΚΡΗΤΗΣ,2262
ΙΑΤΡΙΚΗΣ,ΠΑΝ. ΠΑΤΡΩΝ,Δ.Π.Θ.,2141
ΙΑΤΡΙΚΗΣ,Α.Π.Θ.,ΠΑΝ. ΘΕΣΣΑΛΙΑΣ,2551
ΙΑΤΡΙΚΗΣ,Α.Π.Θ.,ΠΑΝ. ΙΩΑΝΝΙΝΩΝ,2571
ΙΑΤΡΙΚΗΣ,Α.Π.Θ.,ΠΑΝ. ΚΡΗΤΗΣ,2443
ΙΑΤΡΙΚΗΣ,Α.Π.Θ.,Δ.Π.Θ.,2626
ΙΑΤΡΙΚΗΣ,ΠΑΝ. ΘΕΣΣΑΛΙΑΣ,ΠΑΝ. ΙΩΑΝΝΙΝΩΝ,946
ΙΑΤΡΙΚΗΣ,ΠΑΝ. ΘΕΣΣΑΛΙΑΣ,ΠΑΝ. ΚΡΗΤΗΣ,1975
ΙΑΤΡΙΚΗΣ,ΠΑΝ. ΘΕΣΣΑΛΙΑΣ,Δ.Π.Θ.,2271
ΙΑΤΡΙΚΗΣ,ΠΑΝ. ΙΩΑΝΝΙΝΩΝ,ΠΑΝ. ΚΡΗΤΗΣ,2231
ΙΑΤΡΙΚΗΣ,ΠΑΝ. ΙΩΑΝΝΙΝΩΝ,Δ.Π.Θ.,2459
ΙΑΤΡΙΚΗΣ,ΠΑΝ. ΚΡΗΤΗΣ,Δ.Π.Θ.,1779
ΚΤΗΝΙΑΤΡΙΚΗΣ,Α.Π.Θ.,ΠΑΝ. ΘΕΣΣΑΛΙΑΣ,1387
ΟΔΟΝΤΙΑΤΡΙΚΗΣ,Ε.Κ.Π.Α.,Α.Π.Θ.,1327
ΦΑΡΜΑΚΕΥΤΙΚΗΣ,Ε.Κ.Π.Α.,ΠΑΝ. ΠΑΤΡΩΝ,2252
ΦΑΡΜΑΚΕΥΤΙΚΗΣ,Ε.Κ.Π.Α.,Α.Π.Θ.,1598
ΦΑΡΜΑΚΕΥΤΙΚΗΣ,ΠΑΝ. ΠΑΤΡΩΝ,Α.Π.Θ.,716
ΧΗΜΕΙΑΣ,Ε.Κ.Π.Α.,Α.Π.Θ.,1193
ΕΠΙΣΤΗΜΗΣ ΦΥΣΙΚΗΣ ΑΓΩΓΗΣ ΚΑΙ ΑΘΛΗΤΙΣΜΟΥ,Ε.Κ.Π.Α.,Α.Π.Θ.,1582
ΕΠΙΣΤΗΜΗΣ ΦΥΣΙΚΗΣ ΑΓΩΓΗΣ ΚΑΙ ΑΘΛΗΤΙΣΜΟΥ,Ε.Κ.Π.Α.,ΠΑΝ. ΘΕΣΣΑΛΙΑΣ,695
ΕΠΙΣΤΗΜΗΣ ΦΥΣΙΚΗΣ ΑΓΩΓΗΣ ΚΑΙ ΑΘΛΗΤΙΣΜΟΥ,Ε.Κ.Π.Α.,Δ.Π.Θ.,892
ΕΠΙΣΤΗΜΗΣ ΦΥΣΙΚΗΣ ΑΓΩΓΗΣ ΚΑΙ ΑΘΛΗΤΙΣΜΟΥ,Α.Π.Θ.,ΠΑΝ. ΘΕΣΣΑΛΙΑΣ,1198
ΕΠΙΣΤΗΜΗΣ ΦΥΣΙΚΗΣ ΑΓΩΓΗΣ ΚΑΙ ΑΘΛΗΤΙΣΜΟΥ,Α.Π.Θ.,Δ.Π.Θ.,1977
ΕΠΙΣΤΗΜΗΣ ΦΥΣΙΚΗΣ ΑΓΩΓΗΣ ΚΑΙ ΑΘΛΗΤΙΣΜΟΥ,ΠΑΝ. ΘΕΣΣΑΛΙΑΣ,Δ.Π.Θ.,655
ΕΠΙΣΤΗΜΗΣ ΦΥΣΙΚΗΣ ΑΓΩΓΗΣ ΚΑΙ ΑΘΛΗΤΙΣΜΟΥ,ΠΑΝ. ΘΕΣΣΑΛΙΑΣ,Α.Π.Θ.,948
ΕΠΙΣΤΗΜΗΣ ΦΥΣΙΚΗΣ ΑΓΩΓΗΣ ΚΑΙ ΑΘΛΗΤΙΣΜΟΥ,Δ.Π.Θ.,Α.Π.Θ.,1393
ΠΛΗΡΟΦΟΡΙΚΗΣ,Ο.Π.Α.,ΙΟΝΙΟ ΠΑΝ/ΜΙΟ,1080
ΠΛΗΡΟΦΟΡΙΚΗΣ,Ο.Π.Α.,ΠΑΝ. ΔΥΤ. ΜΑΚ.,937
ΠΛΗΡΟΦΟΡΙΚΗΣ,ΠΑΝ. ΠΕΙΡΑΙΑ,ΙΟΝΙΟ ΠΑΝ/ΜΙΟ,1021
ΠΛΗΡΟΦΟΡΙΚΗΣ,ΠΑΝ. ΠΕΙΡΑΙΑ,ΠΑΝ. ΔΥΤ. ΜΑΚ.,861
ΠΛΗΡΟΦΟΡΙΚΗΣ ΚΑΙ ΤΗΛΕΠΙΚΟΙΝΩΝΙΩΝ,Ε.Κ.Π.Α.,ΠΑΝ. ΠΕΛ/ΝΗΣΟΥ,1255
ΠΛΗΡΟΦΟΡΙΚΗΣ ΚΑΙ ΤΗΛΕΠΙΚΟΙΝΩΝΙΩΝ,Ε.Κ.Π.Α.,ΠΑΝ. ΙΩΑΝΝΙΝΩΝ,909
ΠΛΗΡΟΦΟΡΙΚΗΣ ΚΑΙ ΤΗΛΕΠΙΚΟΙΝΩΝΙΩΝ,ΠΑΝ. ΘΕΣΣΑΛΙΑΣ,ΠΑΝ. ΠΕΛ/ΝΗΣΟΥ,1475
ΠΛΗΡΟΦΟΡΙΚΗΣ ΚΑΙ ΤΗΛΕΠΙΚΟΙΝΩΝΙΩΝ,ΠΑΝ. ΠΕΛ/ΝΗΣΟΥ,ΠΑΝ. ΙΩΑΝΝΙΝΩΝ,934
ΨΗΦΙΑΚΩΝ ΣΥΣΤΗΜΑΤΩΝ,ΠΑΝ. ΠΕΙΡΑΙΑ,ΠΑΝ. ΠΕΛ/ΝΗΣΟΥ,772
ΨΗΦΙΑΚΩΝ ΣΥΣΤΗΜΑΤΩΝ,ΠΑΝ. ΠΕΙΡΑΙΑ,ΠΑΝ. ΘΕΣΣΑΛΙΑΣ,732
ΨΗΦΙΑΚΩΝ ΣΥΣΤΗΜΑΤΩΝ,ΠΑΝ. ΠΕΛ/ΝΗΣΟΥ,ΠΑΝ. ΘΕΣΣΑΛΙΑΣ,863
ΛΟΓΟΘΕΡΑΠΕΙΑΣ,ΠΑΝ. ΠΑΤΡΩΝ,ΠΑΝ. ΠΕΛ/ΝΗΣΟΥ,1614
ΛΟΓΟΘΕΡΑΠΕΙΑΣ,ΠΑΝ. ΠΑΤΡΩΝ,ΠΑΝ. ΙΩΑΝΝΙΝΩΝ,1137
ΛΟΓΟΘΕΡΑΠΕΙΑΣ,ΠΑΝ. ΠΕΛ/ΝΗΣΟΥ,ΠΑΝ. ΙΩΑΝΝΙΝΩΝ,510
ΜΑΙΕΥΤΙΚΗΣ,ΠΑΝ. ΔΥΤ. ΜΑΚ.,ΔΙ.ΠΑ.Ε.,149
ΜΑΙΕΥΤΙΚΗΣ,ΠΑΝ. ΔΥΤ. ΜΑΚ.,ΠΑΝ. ΔΥΤ. ΑΤΤΙΚΗΣ,273
ΜΑΙΕΥΤΙΚΗΣ,ΔΙ.ΠΑ.Ε.,ΠΑΝ. ΔΥΤ. ΑΤΤΙΚΗΣ,546
ΝΟΣΗΛΕΥΤΙΚΗΣ,ΠΑΝ. ΠΑΤΡΩΝ,ΠΑΝ. ΘΕΣΣΑΛΙΑΣ,1240
ΝΟΣΗΛΕΥΤΙΚΗΣ,ΠΑΝ. ΠΑΤΡΩΝ,ΠΑΝ. ΙΩΑΝΝΙΝΩΝ,1215
ΝΟΣΗΛΕΥΤΙΚΗΣ,ΠΑΝ. ΠΑΤΡΩΝ,ΕΛ.ΜΕ.ΠΑ.,1296
ΝΟΣΗΛΕΥΤΙΚΗΣ,ΠΑΝ. ΠΑΤΡΩΝ,ΔΙ.ΠΑ.Ε.,621
ΝΟΣΗΛΕΥΤΙΚΗΣ,ΠΑΝ. ΠΑΤΡΩΝ,ΠΑΝ. ΔΥΤ. ΑΤΤΙΚΗΣ,449
ΝΟΣΗΛΕΥΤΙΚΗΣ,ΠΑΝ. ΠΑΤΡΩΝ,ΠΑΝ. ΠΕΛ/ΝΗΣΟΥ,1500
ΝΟΣΗΛΕΥΤΙΚΗΣ,ΠΑΝ. ΘΕΣΣΑΛΙΑΣ,ΕΛ.ΜΕ.ΠΑ.,1316
ΝΟΣΗΛΕΥΤΙΚΗΣ,ΠΑΝ. ΘΕΣΣΑΛΙΑΣ,ΔΙ.ΠΑ.Ε.,454
ΝΟΣΗΛΕΥΤΙΚΗΣ,ΠΑΝ. ΘΕΣΣΑΛΙΑΣ,ΠΑΝ. ΠΕΛ/ΝΗΣΟΥ,1166
ΝΟΣΗΛΕΥΤΙΚΗΣ,ΠΑΝ. ΙΩΑΝΝΙΝΩΝ,ΕΛ.ΜΕ.ΠΑ.,2018
ΝΟΣΗΛΕΥΤΙΚΗΣ,ΠΑΝ. ΙΩΑΝΝΙΝΩΝ,ΔΙ.ΠΑ.Ε.,496
ΝΟΣΗΛΕΥΤΙΚΗΣ,ΠΑΝ. ΙΩΑΝΝΙΝΩΝ,ΠΑΝ. ΔΥΤ. ΑΤΤΙΚΗΣ,520
ΝΟΣΗΛΕΥΤΙΚΗΣ,ΠΑΝ. ΙΩΑΝΝΙΝΩΝ,ΠΑΝ. ΠΕΛ/ΝΗΣΟΥ,1249
ΝΟΣΗΛΕΥΤΙΚΗΣ,ΕΛ.ΜΕ.ΠΑ.,ΔΙ.ΠΑ.Ε.,372
ΝΟΣΗΛΕΥΤΙΚΗΣ,ΕΛ.ΜΕ.ΠΑ.,ΠΑΝ. ΔΥΤ. ΑΤΤΙΚΗΣ,295
ΝΟΣΗΛΕΥΤΙΚΗΣ,ΕΛ.ΜΕ.ΠΑ.,ΠΑΝ. ΠΕΛ/ΝΗΣΟΥ,708
ΝΟΣΗΛΕΥΤΙΚΗΣ,ΔΙ.ΠΑ.Ε.,ΠΑΝ. ΔΥΤ. ΑΤΤΙΚΗΣ,634
ΝΟΣΗΛΕΥΤΙΚΗΣ,ΔΙ.ΠΑ.Ε.,ΠΑΝ. ΠΕΛ/ΝΗΣΟΥ,1206
ΝΟΣΗΛΕΥΤΙΚΗΣ,ΠΑΝ. ΔΥΤ. ΑΤΤΙΚΗΣ,ΠΑΝ. ΠΕΛ/ΝΗΣΟΥ,951
ΠΑΙΔΑΓΩΓΙΚΟ ΔΗΜΟΤΙΚΗΣ ΕΚΠΑΙΔΕΥΣΗΣ,ΠΑΝ. ΑΙΓΑΙΟΥ,Ε.Κ.Π.Α.,180
ΠΑΙΔΑΓΩΓΙΚΟ ΔΗΜΟΤΙΚΗΣ ΕΚΠΑΙΔΕΥΣΗΣ,ΠΑΝ. ΑΙΓΑΙΟΥ,ΠΑΝ. ΚΡΗΤΗΣ,758
ΠΑΙΔΑΓΩΓΙΚΟ ΔΗΜΟΤΙΚΗΣ ΕΚΠΑΙΔΕΥΣΗΣ,ΠΑΝ. ΑΙΓΑΙΟΥ,ΠΑΝ. ΙΩΑΝΝΙΝΩΝ,411
ΠΑΙΔΑΓΩΓΙΚΟ ΔΗΜΟΤΙΚΗΣ ΕΚΠΑΙΔΕΥΣΗΣ,Ε.Κ.Π.Α.,ΠΑΝ. ΚΡΗΤΗΣ,1546
ΠΑΙΔΑΓΩΓΙΚΟ ΔΗΜΟΤΙΚΗΣ ΕΚΠΑΙΔΕΥΣΗΣ,Ε.Κ.Π.Α.,ΠΑΝ. ΙΩΑΝΝΙΝΩΝ,1692
ΠΑΙΔΑΓΩΓΙΚΟ ΔΗΜΟΤΙΚΗΣ ΕΚΠΑΙΔΕΥΣΗΣ,Ε.Κ.Π.Α.,Δ.Π.Θ.,1162
ΠΑΙΔΑΓΩΓΙΚΟ ΔΗΜΟΤΙΚΗΣ ΕΚΠΑΙΔΕΥΣΗΣ,Ε.Κ.Π.Α.,ΠΑΝ. ΘΕΣΣΑΛΙΑΣ,1667
ΠΑΙΔΑΓΩΓΙΚΟ ΔΗΜΟΤΙΚΗΣ ΕΚΠΑΙΔΕΥΣΗΣ,ΠΑΝ. ΚΡΗΤΗΣ,ΠΑΝ. ΙΩΑΝΝΙΝΩΝ,685
ΠΑΙΔΑΓΩΓΙΚΟ ΔΗΜΟΤΙΚΗΣ ΕΚΠΑΙΔΕΥΣΗΣ,ΠΑΝ. ΚΡΗΤΗΣ,Α.Π.Θ.,484
ΠΑΙΔΑΓΩΓΙΚΟ ΔΗΜΟΤΙΚΗΣ ΕΚΠΑΙΔΕΥΣΗΣ,ΠΑΝ. ΚΡΗΤΗΣ,Δ.Π.Θ.,1442
ΠΑΙΔΑΓΩΓΙΚΟ ΔΗΜΟΤΙΚΗΣ ΕΚΠΑΙΔΕΥΣΗΣ,ΠΑΝ. ΚΡΗΤΗΣ,ΠΑΝ. ΘΕΣΣΑΛΙΑΣ,752
ΠΑΙΔΑΓΩΓΙΚΟ ΔΗΜΟΤΙΚΗΣ ΕΚΠΑΙΔΕΥΣΗΣ,ΠΑΝ. ΙΩΑΝΝΙΝΩΝ,Α.Π.Θ.,1035
ΠΑΙΔΑΓΩΓΙΚΟ ΔΗΜΟΤΙΚΗΣ ΕΚΠΑΙΔΕΥΣΗΣ,ΠΑΝ. ΙΩΑΝΝΙΝΩΝ,Δ.Π.Θ.,3356
ΠΑΙΔΑΓΩΓΙΚΟ ΔΗΜΟΤΙΚΗΣ ΕΚΠΑΙΔΕΥΣΗΣ,ΠΑΝ. ΙΩΑΝΝΙΝΩΝ,ΠΑΝ. ΘΕΣΣΑΛΙΑΣ,2399
ΠΑΙΔΑΓΩΓΙΚΟ ΔΗΜΟΤΙΚΗΣ ΕΚΠΑΙΔΕΥΣΗΣ,Δ.Π.Θ.,ΠΑΝ. ΘΕΣΣΑΛΙΑΣ,2016
ΠΑΙΔΑΓΩΓΙΚΩΝ ΠΡΟΣΧΟΛΙΚΗΣ ΕΚΠΑΙΔΕΥΣΗΣ,ΠΑΝ. ΠΑΤΡΩΝ,Δ.Π.Θ.,3312
ΠΑΙΔΑΓΩΓΙΚΩΝ ΠΡΟΣΧΟΛΙΚΗΣ ΕΚΠΑΙΔΕΥΣΗΣ,ΠΑΝ. ΠΑΤΡΩΝ,ΠΑΝ. ΚΡΗΤΗΣ,2359
ΠΑΙΔΑΓΩΓΙΚΩΝ ΠΡΟΣΧΟΛΙΚΗΣ ΕΚΠΑΙΔΕΥΣΗΣ,ΠΑΝ. ΠΑΤΡΩΝ,ΠΑΝ. ΘΕΣΣΑΛΙΑΣ,2829
ΠΑΙΔΑΓΩΓΙΚΩΝ ΠΡΟΣΧΟΛΙΚΗΣ ΕΚΠΑΙΔΕΥΣΗΣ,ΠΑΝ. ΑΙΓΑΙΟΥ,ΠΑΝ. ΚΡΗΤΗΣ,1038
ΠΑΙΔΑΓΩΓΙΚΩΝ ΠΡΟΣΧΟΛΙΚΗΣ ΕΚΠΑΙΔΕΥΣΗΣ,ΠΑΝ. ΑΙΓΑΙΟΥ,ΠΑΝ. ΘΕΣΣΑΛΙΑΣ,1663
ΠΑΙΔΑΓΩΓΙΚΩΝ ΠΡΟΣΧΟΛΙΚΗΣ ΕΚΠΑΙΔΕΥΣΗΣ,Δ.Π.Θ.,ΠΑΝ. ΚΡΗΤΗΣ,1758
ΠΑΙΔΑΓΩΓΙΚΩΝ ΠΡΟΣΧΟΛΙΚΗΣ ΕΚΠΑΙΔΕΥΣΗΣ,Δ.Π.Θ.,ΠΑΝ. ΘΕΣΣΑΛΙΑΣ,2340
ΠΑΙΔΑΓΩΓΙΚΩΝ ΠΡΟΣΧΟΛΙΚΗΣ ΕΚΠΑΙΔΕΥΣΗΣ,ΠΑΝ. ΚΡΗΤΗΣ,ΠΑΝ. ΘΕΣΣΑΛΙΑΣ,822
ΧΗΜΕΙΑΣ,ΠΑΝ. ΙΩΑΝΝΙΝΩΝ,ΠΑΝ. ΠΑΤΡΩΝ,1346
ΜΑΘΗΜΑΤΙΚΩΝ,ΠΑΝ. ΠΑΤΡΩΝ,ΠΑΝ. ΘΕΣΣΑΛΙΑΣ,892
ΧΗΜΕΙΑΣ,Α.Π.Θ.,ΠΑΝ. ΠΑΤΡΩΝ,3674
ΗΛΕΚΤΡΟΛΟΓΩΝ ΜΗΧΑΝΙΚΩΝ ΚΑΙ ΜΗΧΑΝΙΚΩΝ ΥΠΟΛΟΓΙΣΤΩΝ,ΕΛ.ΜΕ.ΠΑ.,ΠΑΝ. ΠΕΛ/ΝΗΣΟΥ,440
ΗΛΕΚΤΡΟΛΟΓΩΝ ΜΗΧΑΝΙΚΩΝ ΚΑΙ ΜΗΧΑΝΙΚΩΝ ΥΠΟΛΟΓΙΣΤΩΝ,ΕΛ.ΜΕ.ΠΑ.,ΠΑΝ. ΘΕΣΣΑΛΙΑΣ,194
ΗΛΕΚΤΡΟΛΟΓΩΝ ΜΗΧΑΝΙΚΩΝ ΚΑΙ ΜΗΧΑΝΙΚΩΝ ΥΠΟΛΟΓΙΣΤΩΝ,ΕΛ.ΜΕ.ΠΑ.,ΠΑΝ. ΔΥΤ. ΜΑΚ.,377
ΗΛΕΚΤΡΟΛΟΓΩΝ ΜΗΧΑΝΙΚΩΝ ΚΑΙ ΜΗΧΑΝΙΚΩΝ ΥΠΟΛΟΓΙΣΤΩΝ,ΠΑΝ. ΠΕΛ/ΝΗΣΟΥ,ΠΑΝ. ΘΕΣΣΑΛΙΑΣ,449
ΗΛΕΚΤΡΟΛΟΓΩΝ ΜΗΧΑΝΙΚΩΝ ΚΑΙ ΜΗΧΑΝΙΚΩΝ ΥΠΟΛΟΓΙΣΤΩΝ,ΠΑΝ. ΠΕΛ/ΝΗΣΟΥ,ΠΑΝ. ΔΥΤ. ΜΑΚ.,504
ΗΛΕΚΤΡΟΛΟΓΩΝ ΜΗΧΑΝΙΚΩΝ ΚΑΙ ΜΗΧΑΝΙΚΩΝ ΥΠΟΛΟΓΙΣΤΩΝ,ΠΑΝ. ΘΕΣΣΑΛΙΑΣ,ΠΑΝ. ΔΥΤ. ΜΑΚ.,1482
ΜΗΧΑΝΙΚΩΝ ΠΑΡΑΓΩΓΗΣ ΚΑΙ ΔΙΟΙΚΗΣΗΣ,Δ.Π.Θ.,ΔΙ.ΠΑ.Ε.,588
ΠΛΗΡΟΦΟΡΙΚΗΣ,ΠΑΝ. ΔΥΤ. ΜΑΚ.,ΙΟΝΙΟ ΠΑΝ/ΜΙΟ,1394
ΝΟΜΙΚΗΣ,Ε.Κ.Π.Α.,Α.Π.Θ.,1278
ΝΟΜΙΚΗΣ,Ε.Κ.Π.Α.,Δ.Π.Θ.,1412
ΝΟΜΙΚΗΣ,Α.Π.Θ.,Δ.Π.Θ.,1971
ΨΥΧΟΛΟΓΙΑΣ,Ε.Κ.Π.Α.,ΠΑΝΤΕΙΟ,2389
ΒΙΟΪΑΤΡΙΚΩΝ ΕΠΙΣΤΗΜΩΝ,ΠΑΝ. ΔΥΤ. ΑΤΤΙΚΗΣ,ΔΙ.ΠΑ.Ε.,882
ΕΠΙΣΤΗΜΩΝ ΔΙΑΤΡΟΦΗΣ ΚΑΙ ΔΙΑΙΤΟΛΟΓΙΑΣ,ΕΛ.ΜΕ.ΠΑ.,ΔΙ.ΠΑ.Ε.,115
ΕΠΙΣΤΗΜΩΝ ΔΙΑΤΡΟΦΗΣ ΚΑΙ ΔΙΑΙΤΟΛΟΓΙΑΣ,ΕΛ.ΜΕ.ΠΑ.,ΠΑΝ. ΠΕΛ/ΝΗΣΟΥ,432
ΕΠΙΣΤΗΜΩΝ ΔΙΑΤΡΟΦΗΣ ΚΑΙ ΔΙΑΙΤΟΛΟΓΙΑΣ,ΔΙ.ΠΑ.Ε.,ΠΑΝ. ΠΕΛ/ΝΗΣΟΥ,759
ΦΑΡΜΑΚΕΥΤΙΚΗΣ,Α.Π.Θ.,ΠΑΝ. ΠΑΤΡΩΝ,2217
ΦΥΣΙΚΟΘΕΡΑΠΕΙΑΣ,ΠΑΝ. ΔΥΤ. ΑΤΤΙΚΗΣ,ΠΑΝ. ΘΕΣΣΑΛΙΑΣ,1049
ΦΥΣΙΚΟΘΕΡΑΠΕΙΑΣ,ΠΑΝ. ΔΥΤ. ΑΤΤΙΚΗΣ,ΠΑΝ. ΠΑΤΡΩΝ,1354
ΦΥΣΙΚΟΘΕΡΑΠΕΙΑΣ,ΠΑΝ. ΔΥΤ. ΑΤΤΙΚΗΣ,ΠΑΝ. ΠΕΛ/ΝΗΣΟΥ,1152
ΦΥΣΙΚΟΘΕΡΑΠΕΙΑΣ,ΠΑΝ. ΔΥΤ. ΑΤΤΙΚΗΣ,ΔΙ.ΠΑ.Ε.,884
ΦΥΣΙΚΟΘΕΡΑΠΕΙΑΣ,ΠΑΝ. ΘΕΣΣΑΛΙΑΣ,ΠΑΝ. ΠΑΤΡΩΝ,586
ΦΥΣΙΚΟΘΕΡΑΠΕΙΑΣ,ΠΑΝ. ΘΕΣΣΑΛΙΑΣ,ΠΑΝ. ΠΕΛ/ΝΗΣΟΥ,1058
ΦΥΣΙΚΟΘΕΡΑΠΕΙΑΣ,ΠΑΝ. ΘΕΣΣΑΛΙΑΣ,ΔΙ.ΠΑ.Ε.,274
ΦΥΣΙΚΟΘΕΡΑΠΕΙΑΣ,ΠΑΝ. ΠΑΤΡΩΝ,ΠΑΝ. ΠΕΛ/ΝΗΣΟΥ,1616
ΦΥΣΙΚΟΘΕΡΑΠΕΙΑΣ,ΠΑΝ. ΠΑΤΡΩΝ,ΔΙ.ΠΑ.Ε.,483
ΦΥΣΙΚΟΘΕΡΑΠΕΙΑΣ,ΠΑΝ. ΠΕΛ/ΝΗΣΟΥ,ΔΙ.ΠΑ.Ε.,196
ΟΙΚΟΝΟΜΙΚΩΝ ΕΠΙΣΤΗΜΩΝ,Α.Π.Θ.,ΠΑ. ΜΑΚ.,1126
ΟΙΚΟΝΟΜΙΚΩΝ ΕΠΙΣΤΗΜΩΝ,Α.Π.Θ.,ΠΑΝ. ΘΕΣΣΑΛΙΑΣ,1572
ΟΙΚΟΝΟΜΙΚΩΝ ΕΠΙΣΤΗΜΩΝ,Α.Π.Θ.,Δ.Π.Θ.,1321
ΟΙΚΟΝΟΜΙΚΩΝ ΕΠΙΣΤΗΜΩΝ,Α.Π.Θ.,ΠΑΝ. ΙΩΑΝΝΙΝΩΝ,1724
ΟΙΚΟΝΟΜΙΚΩΝ ΕΠΙΣΤΗΜΩΝ,ΠΑ. ΜΑΚ.,ΠΑΝ. ΘΕΣΣΑΛΙΑΣ,1479
ΟΙΚΟΝΟΜΙΚΩΝ ΕΠΙΣΤΗΜΩΝ,ΠΑ. ΜΑΚ.,Δ.Π.Θ.,1275
ΟΙΚΟΝΟΜΙΚΩΝ ΕΠΙΣΤΗΜΩΝ,ΠΑ. ΜΑΚ.,ΠΑΝ. ΙΩΑΝΝΙΝΩΝ,1601
ΟΙΚΟΝΟΜΙΚΩΝ ΕΠΙΣΤΗΜΩΝ,Δ.Π.Θ.,ΠΑΝ. ΙΩΑΝΝΙΝΩΝ,591
ΠΛΗΡΟΦΟΡΙΚΗΣ,Α.Π.Θ.,ΙΟΝΙΟ ΠΑΝ/ΜΙΟ,1377
ΠΛΗΡΟΦΟΡΙΚΗΣ,Α.Π.Θ.,ΠΑΝ. ΔΥΤ. ΜΑΚ.,1369
ΔΙΟΙΚΗΣΗΣ ΕΠΙΧΕΙΡΗΣΕΩΝ,ΠΑ. ΜΑΚ.,ΔΙ.ΠΑ.Ε.,786
ΔΙΟΙΚΗΣΗΣ ΕΠΙΧΕΙΡΗΣΕΩΝ,ΠΑ. ΜΑΚ.,ΠΑΝ. ΘΕΣΣΑΛΙΑΣ,646
ΔΙΟΙΚΗΣΗΣ ΕΠΙΧΕΙΡΗΣΕΩΝ,ΔΙ.ΠΑ.Ε.,ΠΑΝ. ΘΕΣΣΑΛΙΑΣ,692
ΟΙΚΟΝΟΜΙΚΩΝ ΕΠΙΣΤΗΜΩΝ,ΠΑ. ΜΑΚ.,ΔΙ.ΠΑ.Ε.,1090
ΔΙΟΙΚΗΤΙΚΗΣ ΕΠΙΣΤΗΜΗΣ ΚΑΙ ΤΕΧΝΟΛΟΓΙΑΣ,ΠΑΝ. ΔΥΤ. ΜΑΚ.,ΠΑΝ. ΠΕΛ/ΝΗΣΟΥ,834
ΗΛΕΚΤΡΟΛΟΓΩΝ ΜΗΧΑΝΙΚΩΝ ΚΑΙ ΜΗΧΑΝΙΚΩΝ ΥΠΟΛΟΓΙΣΤΩΝ,ΠΑΝ. ΘΕΣΣΑΛΙΑΣ,ΠΑΝ. ΠΕΛ/ΝΗΣΟΥ,892
ΗΛΕΚΤΡΟΛΟΓΩΝ ΜΗΧΑΝΙΚΩΝ ΚΑΙ ΜΗΧΑΝΙΚΩΝ ΥΠΟΛΟΓΙΣΤΩΝ,ΠΑΝ. ΘΕΣΣΑΛΙΑΣ,ΕΛ.ΜΕ.ΠΑ.,990
ΗΛΕΚΤΡΟΛΟΓΩΝ ΜΗΧΑΝΙΚΩΝ ΚΑΙ ΜΗΧΑΝΙΚΩΝ ΥΠΟΛΟΓΙΣΤΩΝ,ΠΑΝ. ΔΥΤ. ΜΑΚ.,ΠΑΝ. ΠΕΛ/ΝΗΣΟΥ,673
ΗΛΕΚΤΡΟΛΟΓΩΝ ΜΗΧΑΝΙΚΩΝ ΚΑΙ ΜΗΧΑΝΙΚΩΝ ΥΠΟΛΟΓΙΣΤΩΝ,ΠΑΝ. ΔΥΤ. ΜΑΚ.,ΕΛ.ΜΕ.ΠΑ.,746
ΗΛΕΚΤΡΟΛΟΓΩΝ ΜΗΧΑΝΙΚΩΝ ΚΑΙ ΜΗΧΑΝΙΚΩΝ ΥΠΟΛΟΓΙΣΤΩΝ,ΠΑΝ. ΠΕΛ/ΝΗΣΟΥ,ΕΛ.ΜΕ.ΠΑ.,1490
ΜΗΧΑΝΙΚΩΝ ΠΑΡΑΓΩΓΗΣ ΚΑΙ ΔΙΟΙΚΗΣΗΣ,ΔΙ.ΠΑ.Ε.,Δ.Π.Θ.,1217
ΘΕΑΤΡΙΚΩΝ ΣΠΟΥΔΩΝ,ΠΑΝ. ΠΕΛ/ΝΗΣΟΥ,ΠΑΝ. ΠΑΤΡΩΝ,1466
ΚΟΙΝΩΝΙΟΛΟΓΙΑΣ,ΠΑΝ. ΚΡΗΤΗΣ,ΠΑΝ. ΑΙΓΑΙΟΥ,1136
ΠΑΙΔΑΓΩΓΙΚΟ ΔΗΜΟΤΙΚΗΣ ΕΚΠΑΙΔΕΥΣΗΣ,Α.Π.Θ.,ΠΑΝ. ΑΙΓΑΙΟΥ,5942
ΠΑΙΔΑΓΩΓΙΚΟ ΔΗΜΟΤΙΚΗΣ ΕΚΠΑΙΔΕΥΣΗΣ,ΠΑΝ. ΘΕΣΣΑΛΙΑΣ,ΠΑΝ. ΑΙΓΑΙΟΥ,5825
ΠΟΛΙΤΙΚΗΣ ΕΠΙΣΤΗΜΗΣ,ΠΑΝ. ΚΡΗΤΗΣ,Δ.Π.Θ.,627
ΦΙΛΟΛΟΓΙΑΣ,ΠΑΝ. ΠΕΛ/ΝΗΣΟΥ,ΠΑΝ. ΠΑΤΡΩΝ,514
ΦΙΛΟΛΟΓΙΑΣ,ΠΑΝ. ΠΕΛ/ΝΗΣΟΥ,ΠΑΝ. ΚΡΗΤΗΣ,1005
ΦΙΛΟΛΟΓΙΑΣ,ΠΑΝ. ΠΑΤΡΩΝ,ΠΑΝ. ΚΡΗΤΗΣ,1421
ΦΙΛΟΣΟΦΙΑΣ,ΠΑΝ. ΠΑΤΡΩΝ,ΠΑΝ. ΙΩΑΝΝΙΝΩΝ,835
ΚΟΙΝΩΝΙΟΛΟΓΙΑΣ,Ε.Κ.Π.Α.,ΠΑΝΤΕΙΟ,1473
ΨΥΧΟΛΟΓΙΑΣ,Α.Π.Θ.,Ε.Κ.Π.Α.,579
ΨΥΧΟΛΟΓΙΑΣ,Α.Π.Θ.,ΠΑΝΤΕΙΟ,724
ΨΥΧΟΛΟΓΙΑΣ,Α.Π.Θ.,ΠΑΝ. ΙΩΑΝΝΙΝΩΝ,1879
ΨΥΧΟΛΟΓΙΑΣ,Α.Π.Θ.,ΠΑΝ. ΚΡΗΤΗΣ,1577
ΨΥΧΟΛΟΓΙΑΣ,Α.Π.Θ.,ΠΑΝ. ΔΥΤ. ΜΑΚ.,1236
ΨΥΧΟΛΟΓΙΑΣ,Α.Π.Θ.,Δ.Π.Θ.,786
ΨΥΧΟΛΟΓΙΑΣ,Ε.Κ.Π.Α.,ΠΑΝ. ΙΩΑΝΝΙΝΩΝ,1744
ΨΥΧΟΛΟΓΙΑΣ,Ε.Κ.Π.Α.,ΠΑΝ. ΚΡΗΤΗΣ,1285
ΨΥΧΟΛΟΓΙΑΣ,Ε.Κ.Π.Α.,ΠΑΝ. ΔΥΤ. ΜΑΚ.,1231
ΨΥΧΟΛΟΓΙΑΣ,Ε.Κ.Π.Α.,Δ.Π.Θ.,601
ΨΥΧΟΛΟΓΙΑΣ,ΠΑΝΤΕΙΟ,ΠΑΝ. ΙΩΑΝΝΙΝΩΝ,1777
ΨΥΧΟΛΟΓΙΑΣ,ΠΑΝΤΕΙΟ,ΠΑΝ. ΚΡΗΤΗΣ,1311
ΨΥΧΟΛΟΓΙΑΣ,ΠΑΝΤΕΙΟ,ΠΑΝ. ΔΥΤ. ΜΑΚ.,1280
ΨΥΧΟΛΟΓΙΑΣ,ΠΑΝΤΕΙΟ,Δ.Π.Θ.,620
ΨΥΧΟΛΟΓΙΑΣ,ΠΑΝ. ΙΩΑΝΝΙΝΩΝ,ΠΑΝ. ΚΡΗΤΗΣ,1357
ΨΥΧΟΛΟΓΙΑΣ,ΠΑΝ. ΙΩΑΝΝΙΝΩΝ,ΠΑΝ. ΔΥΤ. ΜΑΚ.,1835
ΨΥΧΟΛΟΓΙΑΣ,ΠΑΝ. ΙΩΑΝΝΙΝΩΝ,Δ.Π.Θ.,772
ΨΥΧΟΛΟΓΙΑΣ,ΠΑΝ. ΚΡΗΤΗΣ,ΠΑΝ. ΔΥΤ. ΜΑΚ.,966
ΨΥΧΟΛΟΓΙΑΣ,ΠΑΝ. ΚΡΗΤΗΣ,Δ.Π.Θ.,662
ΨΥΧΟΛΟΓΙΑΣ,ΠΑΝ. ΔΥΤ. ΜΑΚ.,Δ.Π.Θ.,710
ΒΙΟΛΟΓΙΑΣ,ΠΑΝ. ΚΡΗΤΗΣ,Α.Π.Θ.,405
ΒΙΟΛΟΓΙΑΣ,ΠΑΝ. ΚΡΗΤΗΣ,ΠΑΝ. ΠΑΤΡΩΝ,913
ΒΙΟΛΟΓΙΑΣ,Α.Π.Θ.,ΠΑΝ. ΠΑΤΡΩΝ,1722
ΕΠΙΣΤΗΜΩΝ ΔΙΑΤΡΟΦΗΣ ΚΑΙ ΔΙΑΙΤΟΛΟΓΙΑΣ,ΠΑΝ. ΠΕΛ/ΝΗΣΟΥ,ΔΙ.ΠΑ.Ε.,307
ΕΠΙΣΤΗΜΩΝ ΔΙΑΤΡΟΦΗΣ ΚΑΙ ΔΙΑΙΤΟΛΟΓΙΑΣ,ΠΑΝ. ΠΕΛ/ΝΗΣΟΥ,ΕΛ.ΜΕ.ΠΑ.,1445
ΕΠΙΣΤΗΜΩΝ ΔΙΑΤΡΟΦΗΣ ΚΑΙ ΔΙΑΙΤΟΛΟΓΙΑΣ,ΔΙ.ΠΑ.Ε.,ΕΛ.ΜΕ.ΠΑ.,813
ΙΑΤΡΙΚΗΣ,Δ.Π.Θ.,ΠΑΝ. ΚΡΗΤΗΣ,1192
ΙΑΤΡΙΚΗΣ,Δ.Π.Θ.,Α.Π.Θ.,338
ΙΑΤΡΙΚΗΣ,Δ.Π.Θ.,ΠΑΝ. ΙΩΑΝΝΙΝΩΝ,607
ΙΑΤΡΙΚΗΣ,Δ.Π.Θ.,ΠΑΝ. ΘΕΣΣΑΛΙΑΣ,746
ΙΑΤΡΙΚΗΣ,Δ.Π.Θ.,ΠΑΝ. ΠΑΤΡΩΝ,818
ΙΑΤΡΙΚΗΣ,ΠΑΝ. ΚΡΗΤΗΣ,Α.Π.Θ.,326
ΙΑΤΡΙΚΗΣ,ΠΑΝ. ΚΡΗΤΗΣ,ΠΑΝ. ΙΩΑΝΝΙΝΩΝ,654
ΙΑΤΡΙΚΗΣ,ΠΑΝ. ΚΡΗΤΗΣ,ΠΑΝ. ΘΕΣΣΑΛΙΑΣ,861
ΙΑΤΡΙΚΗΣ,ΠΑΝ. ΚΡΗΤΗΣ,ΠΑΝ. ΠΑΤΡΩΝ,591
ΙΑΤΡΙΚΗΣ,Α.Π.Θ.,ΠΑΝ. ΠΑΤΡΩΝ,2192
ΙΑΤΡΙΚΗΣ,ΠΑΝ. ΙΩΑΝΝΙΝΩΝ,ΠΑΝ. ΘΕΣΣΑΛΙΑΣ,2055
ΙΑΤΡΙΚΗΣ,ΠΑΝ. ΙΩΑΝΝΙΝΩΝ,ΠΑΝ. ΠΑΤΡΩΝ,1172
ΙΑΤΡΙΚΗΣ,ΠΑΝ. ΘΕΣΣΑΛΙΑΣ,ΠΑΝ. ΠΑΤΡΩΝ,987
ΚΟΙΝΩΝΙΚΗΣ ΕΡΓΑΣΙΑΣ,ΠΑΝ. ΔΥΤ. ΑΤΤΙΚΗΣ,ΕΛ.ΜΕ.ΠΑ.,1472
ΛΟΓΟΘΕΡΑΠΕΙΑΣ,ΠΑΝ. ΙΩΑΝΝΙΝΩΝ,ΠΑΝ. ΠΕΛ/ΝΗΣΟΥ,1427
ΛΟΓΟΘΕΡΑΠΕΙΑΣ,ΠΑΝ. ΙΩΑΝΝΙΝΩΝ,ΠΑΝ. ΠΑΤΡΩΝ,1156
ΛΟΓΟΘΕΡΑΠΕΙΑΣ,ΠΑΝ. ΠΕΛ/ΝΗΣΟΥ,ΠΑΝ. ΠΑΤΡΩΝ,460
ΜΑΙΕΥΤΙΚΗΣ,ΠΑΝ. ΔΥΤ. ΑΤΤΙΚΗΣ,ΔΙ.ΠΑ.Ε.,661
ΜΑΙΕΥΤΙΚΗΣ,ΠΑΝ. ΔΥΤ. ΑΤΤΙΚΗΣ,ΠΑΝ. ΔΥΤ. ΜΑΚ.,668
ΜΑΙΕΥΤΙΚΗΣ,ΔΙ.ΠΑ.Ε.,ΠΑΝ. ΔΥΤ. ΜΑΚ.,1212
ΝΟΣΗΛΕΥΤΙΚΗΣ,Ε.Κ.Π.Α.,ΠΑΝ. ΔΥΤ. ΑΤΤΙΚΗΣ,1159
ΝΟΣΗΛΕΥΤΙΚΗΣ,Ε.Κ.Π.Α.,ΕΛ.ΜΕ.ΠΑ.,742
ΝΟΣΗΛΕΥΤΙΚΗΣ,Ε.Κ.Π.Α.,ΔΙ.ΠΑ.Ε.,646
ΝΟΣΗΛΕΥΤΙΚΗΣ,Ε.Κ.Π.Α.,ΠΑΝ. ΙΩΑΝΝΙΝΩΝ,699
ΝΟΣΗΛΕΥΤΙΚΗΣ,Ε.Κ.Π.Α.,ΠΑΝ. ΘΕΣΣΑΛΙΑΣ,709
ΝΟΣΗΛΕΥΤΙΚΗΣ,Ε.Κ.Π.Α.,ΠΑΝ. ΠΑΤΡΩΝ,853
ΝΟΣΗΛΕΥΤΙΚΗΣ,Ε.Κ.Π.Α.,ΠΑΝ. ΠΕΛ/ΝΗΣΟΥ,764
ΝΟΣΗΛΕΥΤΙΚΗΣ,ΠΑΝ. ΔΥΤ. ΑΤΤΙΚΗΣ,ΕΛ.ΜΕ.ΠΑ.,898
ΝΟΣΗΛΕΥΤΙΚΗΣ,ΠΑΝ. ΔΥΤ. ΑΤΤΙΚΗΣ,ΔΙ.ΠΑ.Ε.,736
ΝΟΣΗΛΕΥΤΙΚΗΣ,ΠΑΝ. ΔΥΤ. ΑΤΤΙΚΗΣ,ΠΑΝ. ΙΩΑΝΝΙΝΩΝ,842
ΝΟΣΗΛΕΥΤΙΚΗΣ,ΠΑΝ. ΔΥΤ. ΑΤΤΙΚΗΣ,ΠΑΝ. ΘΕΣΣΑΛΙΑΣ,834
ΝΟΣΗΛΕΥΤΙΚΗΣ,ΠΑΝ. ΔΥΤ. ΑΤΤΙΚΗΣ,ΠΑΝ. ΠΑΤΡΩΝ,1005
ΝΟΣΗΛΕΥΤΙΚΗΣ,ΕΛ.ΜΕ.ΠΑ.,ΠΑΝ. ΙΩΑΝΝΙΝΩΝ,868
ΝΟΣΗΛΕΥΤΙΚΗΣ,ΕΛ.ΜΕ.ΠΑ.,ΠΑΝ. ΘΕΣΣΑΛΙΑΣ,730
ΝΟΣΗΛΕΥΤΙΚΗΣ,ΕΛ.ΜΕ.ΠΑ.,ΠΑΝ. ΠΑΤΡΩΝ,568
ΝΟΣΗΛΕΥΤΙΚΗΣ,ΔΙ.ΠΑ.Ε.,ΠΑΝ. ΙΩΑΝΝΙΝΩΝ,1593
ΝΟΣΗΛΕΥΤΙΚΗΣ,ΔΙ.ΠΑ.Ε.,ΠΑΝ. ΘΕΣΣΑΛΙΑΣ,1512
ΝΟΣΗΛΕΥΤΙΚΗΣ,ΔΙ.ΠΑ.Ε.,ΠΑΝ. ΠΑΤΡΩΝ,1351
ΝΟΣΗΛΕΥΤΙΚΗΣ,ΠΑΝ. ΙΩΑΝΝΙΝΩΝ,ΠΑΝ. ΘΕΣΣΑΛΙΑΣ,1693
ΝΟΣΗΛΕΥΤΙΚΗΣ,ΠΑΝ. ΙΩΑΝΝΙΝΩΝ,ΠΑΝ. ΠΑΤΡΩΝ,1139
ΝΟΣΗΛΕΥΤΙΚΗΣ,ΠΑΝ. ΘΕΣΣΑΛΙΑΣ,ΠΑΝ. ΠΑΤΡΩΝ,940
ΠΑΙΔΑΓΩΓΙΚΩΝ ΠΡΟΣΧΟΛΙΚΗΣ ΕΚΠΑΙΔΕΥΣΗΣ,Ε.Κ.Π.Α.,ΠΑΝ. ΠΑΤΡΩΝ,3143
ΠΑΙΔΑΓΩΓΙΚΩΝ ΠΡΟΣΧΟΛΙΚΗΣ ΕΚΠΑΙΔΕΥΣΗΣ,Ε.Κ.Π.Α.,ΠΑΝ. ΚΡΗΤΗΣ,1810
ΠΑΙΔΑΓΩΓΙΚΩΝ ΠΡΟΣΧΟΛΙΚΗΣ ΕΚΠΑΙΔΕΥΣΗΣ,Α.Π.Θ.,ΠΑΝ. ΚΡΗΤΗΣ,2429
ΠΑΙΔΑΓΩΓΙΚΩΝ ΠΡΟΣΧΟΛΙΚΗΣ ΕΚΠΑΙΔΕΥΣΗΣ,ΠΑΝ. ΘΕΣΣΑΛΙΑΣ,ΠΑΝ. ΚΡΗΤΗΣ,3171
ΦΥΣΙΚΟΘΕΡΑΠΕΙΑΣ,ΠΑΝ. ΠΑΤΡΩΝ,ΠΑΝ. ΘΕΣΣΑΛΙΑΣ,986
ΦΥΣΙΚΟΘΕΡΑΠΕΙΑΣ,ΔΙ.ΠΑ.Ε.,ΠΑΝ. ΘΕΣΣΑΛΙΑΣ,1289
ΦΥΣΙΚΟΘΕΡΑΠΕΙΑΣ,ΔΙ.ΠΑ.Ε.,ΠΑΝ. ΠΕΛ/ΝΗΣΟΥ,1166
ΧΗΜΕΙΑΣ,ΠΑΝ. ΠΑΤΡΩΝ,ΠΑΝ. ΙΩΑΝΝΙΝΩΝ,2206
ΑΓΓΛΙΚΗΣ ΓΛΩΣΣΑΣ ΚΑΙ ΦΙΛΟΛΟΓΙΑΣ,Ε.Κ.Π.Α.,Α.Π.Θ.,351
ΦΥΣΙΚΟΘΕΡΑΠΕΙΑΣ,ΔΙ.ΠΑ.Ε.,ΠΑΝ. ΠΑΤΡΩΝ,1416
ΠΑΙΔΑΓΩΓΙΚΩΝ ΠΡΟΣΧΟΛΙΚΗΣ ΕΚΠΑΙΔΕΥΣΗΣ,ΠΑΝ. ΠΑΤΡΩΝ,Α.Π.Θ.,1567
ΜΟΥΣΙΚΩΝ ΣΠΟΥΔΩΝ,Α.Π.Θ.,Ε.Κ.Π.Α.,168
ΔΙΟΙΚΗΣΗΣ ΕΠΙΧΕΙΡΗΣΕΩΝ,Ο.Π.Α.,ΠΑΝ. ΔΥΤ. ΑΤΤΙΚΗΣ,1620
ΔΙΟΙΚΗΣΗΣ ΕΠΙΧΕΙΡΗΣΕΩΝ,ΠΑΝ. ΠΕΙΡΑΙΑ,ΠΑΝ. ΔΥΤ. ΑΤΤΙΚΗΣ,1946
ΛΟΓΙΣΤΙΚΗΣ ΚΑΙ ΧΡΗΜΑΤΟΟΙΚΟΝΟΜΙΚΗΣ,Ο.Π.Α.,ΠΑΝ. ΔΥΤ. ΑΤΤΙΚΗΣ,1410
ΟΙΚΟΝΟΜΙΚΗΣ ΕΠΙΣΤΗΜΗΣ,ΠΑΝ. ΠΕΙΡΑΙΑ,Ο.Π.Α.,592
ΙΣΤΟΡΙΑΣ ΚΑΙ ΑΡΧΑΙΟΛΟΓΙΑΣ,Ε.Κ.Π.Α.,ΠΑΝ. ΙΩΑΝΝΙΝΩΝ,648
ΚΟΙΝΩΝΙΟΛΟΓΙΑΣ,ΠΑΝΤΕΙΟ,Ε.Κ.Π.Α.,1397
ΨΥΧΟΛΟΓΙΑΣ,Ε.Κ.Π.Α.,Α.Π.Θ.,1052
ΠΑΙΔΑΓΩΓΙΚΩΝ ΠΡΟΣΧΟΛΙΚΗΣ ΕΚΠΑΙΔΕΥΣΗΣ,Α.Π.Θ.,Ε.Κ.Π.Α.,2483
ΧΗΜΕΙΑΣ,Α.Π.Θ.,ΠΑΝ. ΙΩΑΝΝΙΝΩΝ,3107
ΓΕΩΠΟΝΙΑΣ,Α.Π.Θ.,ΔΙ.ΠΑ.Ε.,481
ΟΔΟΝΤΙΑΤΡΙΚΗΣ,Α.Π.Θ.,Ε.Κ.Π.Α.,1025
ΓΕΩΛΟΓΙΑΣ,ΠΑΝ. ΠΑΤΡΩΝ,Α.Π.Θ.,186
ΓΕΩΠΟΝΙΑΣ,ΕΛ.ΜΕ.ΠΑ.,ΠΑΝ. ΠΕΛ/ΝΗΣΟΥ,731
ΓΕΩΠΟΝΙΑΣ,ΕΛ.ΜΕ.ΠΑ.,ΠΑΝ. ΙΩΑΝΝΙΝΩΝ,619
ΓΕΩΠΟΝΙΑΣ,ΕΛ.ΜΕ.ΠΑ.,ΠΑΝ. ΠΑΤΡΩΝ,761
ΓΕΩΠΟΝΙΑΣ,ΕΛ.ΜΕ.ΠΑ.,ΠΑΝ. ΔΥΤ. ΜΑΚ.,790
ΓΕΩΠΟΝΙΑΣ,ΠΑΝ. ΠΕΛ/ΝΗΣΟΥ,ΠΑΝ. ΙΩΑΝΝΙΝΩΝ,800
ΓΕΩΠΟΝΙΑΣ,ΠΑΝ. ΠΕΛ/ΝΗΣΟΥ,ΠΑΝ. ΠΑΤΡΩΝ,1097
ΓΕΩΠΟΝΙΑΣ,ΠΑΝ. ΠΕΛ/ΝΗΣΟΥ,ΠΑΝ. ΔΥΤ. ΜΑΚ.,892
ΓΕΩΠΟΝΙΑΣ,ΠΑΝ. ΙΩΑΝΝΙΝΩΝ,ΠΑΝ. ΔΥΤ. ΜΑΚ.,772
ΓΕΩΠΟΝΙΑΣ,ΠΑΝ. ΠΑΤΡΩΝ,ΠΑΝ. ΔΥΤ. ΜΑΚ.,707
ΟΙΚΟΝΟΜΙΚΩΝ ΕΠΙΣΤΗΜΩΝ,ΠΑΝ. ΘΕΣΣΑΛΙΑΣ,ΠΑΝ. ΠΑΤΡΩΝ,725
ΟΙΚΟΝΟΜΙΚΩΝ ΕΠΙΣΤΗΜΩΝ,ΠΑΝ. ΠΑΤΡΩΝ,ΠΑΝ. ΙΩΑΝΝΙΝΩΝ,837
ΙΣΤΟΡΙΑΣ ΚΑΙ ΑΡΧΑΙΟΛΟΓΙΑΣ,ΠΑΝ. ΚΡΗΤΗΣ,ΠΑΝ. ΙΩΑΝΝΙΝΩΝ,260
ΚΟΙΝΩΝΙΟΛΟΓΙΑΣ,ΠΑΝΤΕΙΟ,ΠΑΝ. ΑΙΓΑΙΟΥ,891
ΚΟΙΝΩΝΙΟΛΟΓΙΑΣ,ΠΑΝΤΕΙΟ,ΠΑΝ. ΚΡΗΤΗΣ,1221
ΚΟΙΝΩΝΙΟΛΟΓΙΑΣ,ΠΑΝ. ΑΙΓΑΙΟΥ,ΠΑΝ. ΚΡΗΤΗΣ,537
ΠΑΙΔΑΓΩΓΙΚΟ ΔΗΜΟΤΙΚΗΣ ΕΚΠΑΙΔΕΥΣΗΣ,ΠΑΝ. ΚΡΗΤΗΣ,ΠΑΝ. ΑΙΓΑΙΟΥ,3065
ΠΑΙΔΑΓΩΓΙΚΟ ΔΗΜΟΤΙΚΗΣ ΕΚΠΑΙΔΕΥΣΗΣ,ΠΑΝ. ΚΡΗΤΗΣ,ΠΑΝ. ΔΥΤ. ΜΑΚ.,1840
ΠΑΙΔΑΓΩΓΙΚΟ ΔΗΜΟΤΙΚΗΣ ΕΚΠΑΙΔΕΥΣΗΣ,Δ.Π.Θ.,Α.Π.Θ.,1226
ΠΑΙΔΑΓΩΓΙΚΟ ΔΗΜΟΤΙΚΗΣ ΕΚΠΑΙΔΕΥΣΗΣ,Δ.Π.Θ.,ΠΑΝ. ΙΩΑΝΝΙΝΩΝ,1150
ΠΑΙΔΑΓΩΓΙΚΟ ΔΗΜΟΤΙΚΗΣ ΕΚΠΑΙΔΕΥΣΗΣ,Δ.Π.Θ.,ΠΑΝ. ΑΙΓΑΙΟΥ,4630
ΠΑΙΔΑΓΩΓΙΚΟ ΔΗΜΟΤΙΚΗΣ ΕΚΠΑΙΔΕΥΣΗΣ,Δ.Π.Θ.,ΠΑΝ. ΔΥΤ. ΜΑΚ.,3992
ΠΑΙΔΑΓΩΓΙΚΟ ΔΗΜΟΤΙΚΗΣ ΕΚΠΑΙΔΕΥΣΗΣ,Α.Π.Θ.,ΠΑΝ. ΙΩΑΝΝΙΝΩΝ,4776
ΠΑΙΔΑΓΩΓΙΚΟ ΔΗΜΟΤΙΚΗΣ ΕΚΠΑΙΔΕΥΣΗΣ,ΠΑΝ. ΙΩΑΝΝΙΝΩΝ,ΠΑΝ. ΑΙΓΑΙΟΥ,3450
ΠΑΙΔΑΓΩΓΙΚΟ ΔΗΜΟΤΙΚΗΣ ΕΚΠΑΙΔΕΥΣΗΣ,ΠΑΝ. ΙΩΑΝΝΙΝΩΝ,ΠΑΝ. ΔΥΤ. ΜΑΚ.,3874
ΠΑΙΔΑΓΩΓΙΚΟ ΔΗΜΟΤΙΚΗΣ ΕΚΠΑΙΔΕΥΣΗΣ,ΠΑΝ. ΘΕΣΣΑΛΙΑΣ,ΠΑΝ. ΔΥΤ. ΜΑΚ.,6194
ΦΙΛΟΛΟΓΙΑΣ,ΠΑΝ. ΚΡΗΤΗΣ,ΠΑΝ. ΠΑΤΡΩΝ,409
ΦΙΛΟΛΟΓΙΑΣ,ΠΑΝ. ΚΡΗΤΗΣ,ΠΑΝ. ΙΩΑΝΝΙΝΩΝ,233
ΦΙΛΟΛΟΓΙΑΣ,ΠΑΝ. ΚΡΗΤΗΣ,ΠΑΝ. ΠΕΛ/ΝΗΣΟΥ,624
ΦΙΛΟΛΟΓΙΑΣ,ΠΑΝ. ΠΑΤΡΩΝ,ΠΑΝ. ΙΩΑΝΝΙΝΩΝ,787
ΦΙΛΟΛΟΓΙΑΣ,ΠΑΝ. ΠΑΤΡΩΝ,ΠΑΝ. ΠΕΛ/ΝΗΣΟΥ,1613
ΦΙΛΟΛΟΓΙΑΣ,ΠΑΝ. ΙΩΑΝΝΙΝΩΝ,ΠΑΝ. ΠΕΛ/ΝΗΣΟΥ,965
ΟΙΚΟΝΟΜΙΚΩΝ ΕΠΙΣΤΗΜΩΝ,ΠΑΝ. ΠΕΛ/ΝΗΣΟΥ,Δ.Π.Θ.,558
ΟΙΚΟΝΟΜΙΚΩΝ ΕΠΙΣΤΗΜΩΝ,ΠΑΝ. ΠΕΛ/ΝΗΣΟΥ,ΔΙ.ΠΑ.Ε.,665
ΔΙΟΙΚΗΣΗΣ ΕΠΙΧΕΙΡΗΣΕΩΝ,ΔΙ.ΠΑ.Ε.,ΠΑΝ. ΑΙΓΑΙΟΥ,1061
ΛΟΓΙΣΤΙΚΗΣ ΚΑΙ ΧΡΗΜΑΤΟΟΙΚΟΝΟΜΙΚΗΣ,ΠΑΝ. ΠΕΛ/ΝΗΣΟΥ,ΠΑΝ. ΔΥΤ. ΜΑΚ.,1499
ΛΟΓΙΣΤΙΚΗΣ ΚΑΙ ΧΡΗΜΑΤΟΟΙΚΟΝΟΜΙΚΗΣ,ΠΑΝ. ΠΕΛ/ΝΗΣΟΥ,ΠΑΝ. ΙΩΑΝΝΙΝΩΝ,1650
ΟΙΚΟΝΟΜΙΚΩΝ ΕΠΙΣΤΗΜΩΝ,ΠΑΝ. ΔΥΤ. ΜΑΚ.,ΔΙ.ΠΑ.Ε.,1382
ΠΑΙΔΑΓΩΓΙΚΟ ΔΗΜΟΤΙΚΗΣ ΕΚΠΑΙΔΕΥΣΗΣ,ΠΑΝ. ΘΕΣΣΑΛΙΑΣ,Α.Π.Θ.,2621
ΔΙΟΙΚΗΣΗΣ ΕΠΙΧΕΙΡΗΣΕΩΝ,ΠΑΝ. ΔΥΤ. ΜΑΚ.,ΔΙ.ΠΑ.Ε.,746
ΜΗΧΑΝΙΚΩΝ ΣΧΕΔΙΑΣΗΣ ΠΡΟΪΟΝΤΩΝ ΚΑΙ ΣΥΣΤΗΜΑΤΩΝ,ΠΑΝ. ΔΥΤ. ΜΑΚ.,ΠΑΝ. ΑΙΓΑΙΟΥ,850
ΠΑΙΔΑΓΩΓΙΚΟ ΔΗΜΟΤΙΚΗΣ ΕΚΠΑΙΔΕΥΣΗΣ,ΠΑΝ. ΔΥΤ. ΜΑΚ.,ΠΑΝ. ΑΙΓΑΙΟΥ,3677
ΠΑΙΔΑΓΩΓΙΚΟ ΔΗΜΟΤΙΚΗΣ ΕΚΠΑΙΔΕΥΣΗΣ,Α.Π.Θ.,ΠΑΝ. ΚΡΗΤΗΣ,3439
ΦΙΛΟΛΟΓΙΑΣ,ΠΑΝ. ΙΩΑΝΝΙΝΩΝ,ΠΑΝ. ΚΡΗΤΗΣ,985
ΜΗΧΑΝΟΛΟΓΩΝ ΜΗΧΑΝΙΚΩΝ,ΕΛ.ΜΕ.ΠΑ.,ΠΑΝ. ΠΕΛ/ΝΗΣΟΥ,558
ΦΥΣΙΚΗΣ,ΠΑΝ. ΙΩΑΝΝΙΝΩΝ,ΠΑΝ. ΘΕΣΣΑΛΙΑΣ,616
ΑΡΧΙΤΕΚΤΟΝΩΝ ΜΗΧΑΝΙΚΩΝ,ΠΑΝ. ΘΕΣΣΑΛΙΑΣ,Δ.Π.Θ.,840
ΗΛΕΚΤΡΟΛΟΓΩΝ ΜΗΧΑΝΙΚΩΝ ΚΑΙ ΜΗΧΑΝΙΚΩΝ ΥΠΟΛΟΓΙΣΤΩΝ,ΕΛ.ΜΕ.ΠΑ.,ΠΟΛ/ΧΝΕΙΟ ΚΡΗΤΗΣ,333
ΓΕΩΠΟΝΙΑΣ,ΔΙ.ΠΑ.Ε.,ΕΛ.ΜΕ.ΠΑ.,681
ΓΕΩΠΟΝΙΑΣ,ΔΙ.ΠΑ.Ε.,ΠΑΝ. ΠΕΛ/ΝΗΣΟΥ,817
ΓΕΩΠΟΝΙΑΣ,ΔΙ.ΠΑ.Ε.,ΠΑΝ. ΠΑΤΡΩΝ,694
ΓΕΩΠΟΝΙΑΣ,ΔΙ.ΠΑ.Ε.,ΠΑΝ. ΙΩΑΝΝΙΝΩΝ,705
ΓΕΩΠΟΝΙΑΣ,ΕΛ.ΜΕ.ΠΑ.,ΠΑΝ. ΘΕΣΣΑΛΙΑΣ,486
ΓΕΩΠΟΝΙΑΣ,ΠΑΝ. ΠΕΛ/ΝΗΣΟΥ,ΠΑΝ. ΘΕΣΣΑΛΙΑΣ,608
ΓΕΩΠΟΝΙΑΣ,ΠΑΝ. ΠΑΤΡΩΝ,ΠΑΝ. ΙΩΑΝΝΙΝΩΝ,502
ΓΕΩΠΟΝΙΑΣ,ΠΑΝ. ΙΩΑΝΝΙΝΩΝ,ΠΑΝ. ΘΕΣΣΑΛΙΑΣ,464
ΝΟΣΗΛΕΥΤΙΚΗΣ,ΔΙ.ΠΑ.Ε.,ΕΛ.ΜΕ.ΠΑ.,1245
ΝΟΣΗΛΕΥΤΙΚΗΣ,ΠΑΝ. ΠΕΛ/ΝΗΣΟΥ,ΕΛ.ΜΕ.ΠΑ.,731
ΠΑΙΔΑΓΩΓΙΚΟ ΔΗΜΟΤΙΚΗΣ ΕΚΠΑΙΔΕΥΣΗΣ,Ε.Κ.Π.Α.,ΠΑΝ. ΑΙΓΑΙΟΥ,1306
ΠΑΙΔΑΓΩΓΙΚΟ ΔΗΜΟΤΙΚΗΣ ΕΚΠΑΙΔΕΥΣΗΣ,Ε.Κ.Π.Α.,ΠΑΝ. ΔΥΤ. ΜΑΚ.,1155
ΠΑΙΔΑΓΩΓΙΚΟ ΔΗΜΟΤΙΚΗΣ ΕΚΠΑΙΔΕΥΣΗΣ,ΠΑΝ. ΘΕΣΣΑΛΙΑΣ,ΠΑΝ. ΙΩΑΝΝΙΝΩΝ,3323
ΠΑΙΔΑΓΩΓΙΚΟ ΔΗΜΟΤΙΚΗΣ ΕΚΠΑΙΔΕΥΣΗΣ,ΠΑΝ. ΘΕΣΣΑΛΙΑΣ,ΠΑΝ. ΚΡΗΤΗΣ,3158
ΠΑΙΔΑΓΩΓΙΚΟ ΔΗΜΟΤΙΚΗΣ ΕΚΠΑΙΔΕΥΣΗΣ,ΠΑΝ. ΙΩΑΝΝΙΝΩΝ,ΠΑΝ. ΚΡΗΤΗΣ,3506
ΠΑΙΔΑΓΩΓΙΚΟ ΔΗΜΟΤΙΚΗΣ ΕΚΠΑΙΔΕΥΣΗΣ,Δ.Π.Θ.,ΠΑΝ. ΚΡΗΤΗΣ,2008
ΧΗΜΕΙΑΣ,ΠΑΝ. ΠΑΤΡΩΝ,Α.Π.Θ.,1404
ΔΙΟΙΚΗΣΗΣ ΕΠΙΧΕΙΡΗΣΕΩΝ,ΠΑΝ. ΠΑΤΡΩΝ,ΠΑΝ. ΑΙΓΑΙΟΥ,791
ΔΙΟΙΚΗΣΗΣ ΕΠΙΧΕΙΡΗΣΕΩΝ,ΠΑΝ. ΠΑΤΡΩΝ,ΠΑΝ. ΘΕΣΣΑΛΙΑΣ,990
ΔΙΟΙΚΗΣΗΣ ΕΠΙΧΕΙΡΗΣΕΩΝ,ΠΑΝ. ΠΑΤΡΩΝ,ΔΙ.ΠΑ.Ε.,558
ΔΙΟΙΚΗΣΗΣ ΕΠΙΧΕΙΡΗΣΕΩΝ,ΠΑΝ. ΠΑΤΡΩΝ,ΠΑΝ. ΔΥΤ. ΜΑΚ.,416
ΔΙΟΙΚΗΣΗΣ ΕΠΙΧΕΙΡΗΣΕΩΝ,ΠΑΝ. ΑΙΓΑΙΟΥ,ΠΑΝ. ΘΕΣΣΑΛΙΑΣ,340
ΔΙΟΙΚΗΤΙΚΗΣ ΕΠΙΣΤΗΜΗΣ ΚΑΙ ΤΕΧΝΟΛΟΓΙΑΣ,ΕΛ.ΜΕ.ΠΑ.,ΠΑΝ. ΠΑΤΡΩΝ,207
ΔΙΟΙΚΗΤΙΚΗΣ ΕΠΙΣΤΗΜΗΣ ΚΑΙ ΤΕΧΝΟΛΟΓΙΑΣ,ΕΛ.ΜΕ.ΠΑ.,ΠΑΝ. ΔΥΤ. ΜΑΚ.,729
ΔΙΟΙΚΗΤΙΚΗΣ ΕΠΙΣΤΗΜΗΣ ΚΑΙ ΤΕΧΝΟΛΟΓΙΑΣ,ΕΛ.ΜΕ.ΠΑ.,ΠΑΝ. ΠΕΛ/ΝΗΣΟΥ,498
ΔΙΟΙΚΗΤΙΚΗΣ ΕΠΙΣΤΗΜΗΣ ΚΑΙ ΤΕΧΝΟΛΟΓΙΑΣ,ΠΑΝ. ΠΑΤΡΩΝ,ΠΑΝ. ΔΥΤ. ΜΑΚ.,615
ΔΙΟΙΚΗΤΙΚΗΣ ΕΠΙΣΤΗΜΗΣ ΚΑΙ ΤΕΧΝΟΛΟΓΙΑΣ,ΠΑΝ. ΠΑΤΡΩΝ,ΠΑΝ. ΠΕΛ/ΝΗΣΟΥ,1033
ΛΟΓΙΣΤΙΚΗΣ ΚΑΙ ΧΡΗΜΑΤΟΟΙΚΟΝΟΜΙΚΗΣ,ΕΛ.ΜΕ.ΠΑ.,ΠΑΝ. ΘΕΣΣΑΛΙΑΣ,558
ΛΟΓΙΣΤΙΚΗΣ ΚΑΙ ΧΡΗΜΑΤΟΟΙΚΟΝΟΜΙΚΗΣ,ΕΛ.ΜΕ.ΠΑ.,ΠΑΝ. ΔΥΤ. ΜΑΚ.,706
ΛΟΓΙΣΤΙΚΗΣ ΚΑΙ ΧΡΗΜΑΤΟΟΙΚΟΝΟΜΙΚΗΣ,ΕΛ.ΜΕ.ΠΑ.,ΠΑΝ. ΠΕΛ/ΝΗΣΟΥ,679
ΛΟΓΙΣΤΙΚΗΣ ΚΑΙ ΧΡΗΜΑΤΟΟΙΚΟΝΟΜΙΚΗΣ,ΕΛ.ΜΕ.ΠΑ.,ΠΑΝ. ΙΩΑΝΝΙΝΩΝ,663
ΟΙΚΟΝΟΜΙΚΩΝ ΕΠΙΣΤΗΜΩΝ,ΠΑΝ. ΚΡΗΤΗΣ,ΠΑΝ. ΘΕΣΣΑΛΙΑΣ,286
ΟΙΚΟΝΟΜΙΚΩΝ ΕΠΙΣΤΗΜΩΝ,ΠΑΝ. ΚΡΗΤΗΣ,ΠΑΝ. ΙΩΑΝΝΙΝΩΝ,292
ΟΙΚΟΝΟΜΙΚΩΝ ΕΠΙΣΤΗΜΩΝ,ΠΑΝ. ΚΡΗΤΗΣ,Δ.Π.Θ.,455
ΟΙΚΟΝΟΜΙΚΩΝ ΕΠΙΣΤΗΜΩΝ,ΠΑΝ. ΚΡΗΤΗΣ,ΔΙ.ΠΑ.Ε.,572
ΟΙΚΟΝΟΜΙΚΩΝ ΕΠΙΣΤΗΜΩΝ,ΠΑΝ. ΚΡΗΤΗΣ,ΠΑΝ. ΔΥΤ. ΜΑΚ.,444
ΟΙΚΟΝΟΜΙΚΩΝ ΕΠΙΣΤΗΜΩΝ,ΠΑΝ. ΚΡΗΤΗΣ,ΠΑΝ. ΠΕΛ/ΝΗΣΟΥ,638
ΟΙΚΟΝΟΜΙΚΩΝ ΕΠΙΣΤΗΜΩΝ,ΠΑΝ. ΔΥΤ. ΜΑΚ.,ΠΑΝ. ΠΕΛ/ΝΗΣΟΥ,686
ΕΠΙΣΤΗΜΗΣ ΚΑΙ ΤΕΧΝΟΛΟΓΙΑΣ ΤΡΟΦΙΜΩΝ,ΠΑΝ. ΔΥΤ. ΑΤΤΙΚΗΣ,ΔΙ.ΠΑ.Ε.,316
ΠΛΗΡΟΦΟΡΙΚΗΣ ΚΑΙ ΤΗΛΕΠΙΚΟΙΝΩΝΙΩΝ,ΠΑΝ. ΙΩΑΝΝΙΝΩΝ,ΠΑΝ. ΘΕΣΣΑΛΙΑΣ,1022
ΠΛΗΡΟΦΟΡΙΚΗΣ ΚΑΙ ΤΗΛΕΠΙΚΟΙΝΩΝΙΩΝ,ΠΑΝ. ΙΩΑΝΝΙΝΩΝ,ΠΑΝ. ΠΕΛ/ΝΗΣΟΥ,732
ΒΙΟΛΟΓΙΑΣ,Α.Π.Θ.,Ε.Κ.Π.Α.,807
ΓΕΩΠΟΝΙΑΣ,Α.Π.Θ.,ΠΑΝ. ΘΕΣΣΑΛΙΑΣ,275
ΓΕΩΠΟΝΙΑΣ,Α.Π.Θ.,ΠΑΝ. ΙΩΑΝΝΙΝΩΝ,234
ΓΕΩΠΟΝΙΑΣ,Α.Π.Θ.,ΠΑΝ. ΔΥΤ. ΜΑΚ.,301
ΓΕΩΠΟΝΙΑΣ,Α.Π.Θ.,ΠΑΝ. ΠΕΛ/ΝΗΣΟΥ,260
ΓΕΩΠΟΝΙΑΣ,Α.Π.Θ.,ΠΑΝ. ΠΑΤΡΩΝ,221
ΓΕΩΠΟΝΙΑΣ,Α.Π.Θ.,ΕΛ.ΜΕ.ΠΑ.,257
ΓΕΩΠΟΝΙΑΣ,ΠΑΝ. ΘΕΣΣΑΛΙΑΣ,ΠΑΝ. ΙΩΑΝΝΙΝΩΝ,847
ΓΕΩΠΟΝΙΑΣ,ΠΑΝ. ΘΕΣΣΑΛΙΑΣ,ΠΑΝ. ΠΕΛ/ΝΗΣΟΥ,743
ΓΕΩΠΟΝΙΑΣ,ΠΑΝ. ΘΕΣΣΑΛΙΑΣ,ΠΑΝ. ΠΑΤΡΩΝ,778
ΓΕΩΠΟΝΙΑΣ,ΠΑΝ. ΘΕΣΣΑΛΙΑΣ,ΕΛ.ΜΕ.ΠΑ.,787
ΓΕΩΠΟΝΙΑΣ,ΠΑΝ. ΙΩΑΝΝΙΝΩΝ,ΕΛ.ΜΕ.ΠΑ.,697
ΓΕΩΠΟΝΙΑΣ,ΠΑΝ. ΔΥΤ. ΜΑΚ.,ΕΛ.ΜΕ.ΠΑ.,571
ΓΕΩΠΟΝΙΑΣ,ΠΑΝ. ΠΕΛ/ΝΗΣΟΥ,ΕΛ.ΜΕ.ΠΑ.,736
ΓΕΩΠΟΝΙΑΣ,ΠΑΝ. ΠΑΤΡΩΝ,ΕΛ.ΜΕ.ΠΑ.,452
ΕΠΙΣΤΗΜΗΣ ΖΩΙΚΗΣ ΠΑΡΑΓΩΓΗΣ,ΓΕΩΠΟΝΙΚΟ ΠΑΝ.,ΠΑΝ. ΘΕΣΣΑΛΙΑΣ,225
ΕΠΙΣΤΗΜΗΣ ΚΑΙ ΤΕΧΝΟΛΟΓΙΑΣ ΤΡΟΦΙΜΩΝ,ΔΙ.ΠΑ.Ε.,ΠΑΝ. ΔΥΤ. ΑΤΤΙΚΗΣ,292
ΕΠΙΣΤΗΜΗΣ ΚΑΙ ΤΕΧΝΟΛΟΓΙΑΣ ΤΡΟΦΙΜΩΝ,ΠΑΝ. ΔΥΤ. ΑΤΤΙΚΗΣ,ΠΑΝ. ΠΕΛ/ΝΗΣΟΥ,392
ΕΠΙΣΤΗΜΗΣ ΚΑΙ ΤΕΧΝΟΛΟΓΙΑΣ ΤΡΟΦΙΜΩΝ,ΠΑΝ. ΔΥΤ. ΑΤΤΙΚΗΣ,ΠΑΝ. ΠΑΤΡΩΝ,251
ΕΠΙΣΤΗΜΗΣ ΚΑΙ ΤΕΧΝΟΛΟΓΙΑΣ ΤΡΟΦΙΜΩΝ,ΠΑΝ. ΔΥΤ. ΑΤΤΙΚΗΣ,ΙΟΝΙΟ ΠΑΝ/ΜΙΟ,274
ΕΠΙΣΤΗΜΗΣ ΚΑΙ ΤΕΧΝΟΛΟΓΙΑΣ ΤΡΟΦΙΜΩΝ,ΠΑΝ. ΠΕΛ/ΝΗΣΟΥ,ΙΟΝΙΟ ΠΑΝ/ΜΙΟ,1006
ΕΠΙΣΤΗΜΗΣ ΚΑΙ ΤΕΧΝΟΛΟΓΙΑΣ ΤΡΟΦΙΜΩΝ,ΠΑΝ. ΠΑΤΡΩΝ,ΙΟΝΙΟ ΠΑΝ/ΜΙΟ,919
ΕΠΙΣΤΗΜΗΣ ΤΡΟΦΙΜΩΝ ΚΑΙ ΔΙΑΤΡΟΦΗΣ,ΠΑΝ. ΘΕΣΣΑΛΙΑΣ,ΠΑΝ. ΑΙΓΑΙΟΥ,950
ΕΡΓΟΘΕΡΑΠΕΙΑΣ,ΠΑΝ. ΔΥΤ. ΜΑΚ.,ΠΑΝ. ΔΥΤ. ΑΤΤΙΚΗΣ,351
ΝΟΣΗΛΕΥΤΙΚΗΣ,ΔΙ.ΠΑ.Ε.,Ε.Κ.Π.Α.,514
ΝΟΣΗΛΕΥΤΙΚΗΣ,ΠΑΝ. ΘΕΣΣΑΛΙΑΣ,Ε.Κ.Π.Α.,360
ΝΟΣΗΛΕΥΤΙΚΗΣ,ΠΑΝ. ΙΩΑΝΝΙΝΩΝ,Ε.Κ.Π.Α.,410
ΠΑΙΔΑΓΩΓΙΚΟ ΔΗΜΟΤΙΚΗΣ ΕΚΠΑΙΔΕΥΣΗΣ,Α.Π.Θ.,Ε.Κ.Π.Α.,894
ΠΑΙΔΑΓΩΓΙΚΟ ΔΗΜΟΤΙΚΗΣ ΕΚΠΑΙΔΕΥΣΗΣ,ΠΑΝ. ΘΕΣΣΑΛΙΑΣ,Ε.Κ.Π.Α.,516
ΠΑΙΔΑΓΩΓΙΚΟ ΔΗΜΟΤΙΚΗΣ ΕΚΠΑΙΔΕΥΣΗΣ,Δ.Π.Θ.,Ε.Κ.Π.Α.,389
ΠΑΙΔΑΓΩΓΙΚΟ ΔΗΜΟΤΙΚΗΣ ΕΚΠΑΙΔΕΥΣΗΣ,ΠΑΝ. ΙΩΑΝΝΙΝΩΝ,Ε.Κ.Π.Α.,569
ΠΑΙΔΑΓΩΓΙΚΟ ΔΗΜΟΤΙΚΗΣ ΕΚΠΑΙΔΕΥΣΗΣ,ΠΑΝ. ΔΥΤ. ΜΑΚ.,ΠΑΝ. ΚΡΗΤΗΣ,1515
ΠΑΙΔΑΓΩΓΙΚΩΝ ΠΡΟΣΧΟΛΙΚΗΣ ΕΚΠΑΙΔΕΥΣΗΣ,ΠΑΝ. ΘΕΣΣΑΛΙΑΣ,Ε.Κ.Π.Α.,2276
ΠΑΙΔΑΓΩΓΙΚΩΝ ΠΡΟΣΧΟΛΙΚΗΣ ΕΚΠΑΙΔΕΥΣΗΣ,Δ.Π.Θ.,Ε.Κ.Π.Α.,1585
ΠΑΙΔΑΓΩΓΙΚΩΝ ΠΡΟΣΧΟΛΙΚΗΣ ΕΚΠΑΙΔΕΥΣΗΣ,ΠΑΝ. ΠΑΤΡΩΝ,Ε.Κ.Π.Α.,1301
ΠΑΙΔΑΓΩΓΙΚΩΝ ΠΡΟΣΧΟΛΙΚΗΣ ΕΚΠΑΙΔΕΥΣΗΣ,ΠΑΝ. ΚΡΗΤΗΣ,ΠΑΝ. ΑΙΓΑΙΟΥ,2029
ΦΑΡΜΑΚΕΥΤΙΚΗΣ,Α.Π.Θ.,Ε.Κ.Π.Α.,1081
ΧΗΜΕΙΑΣ,Α.Π.Θ.,Ε.Κ.Π.Α.,580
ΧΗΜΕΙΑΣ,Α.Π.Θ.,ΠΑΝ. ΚΡΗΤΗΣ,1536
ΧΗΜΕΙΑΣ,Ε.Κ.Π.Α.,ΠΑΝ. ΙΩΑΝΝΙΝΩΝ,1336
ΧΗΜΕΙΑΣ,Ε.Κ.Π.Α.,ΠΑΝ. ΚΡΗΤΗΣ,1295
ΧΗΜΕΙΑΣ,ΠΑΝ. ΙΩΑΝΝΙΝΩΝ,ΠΑΝ. ΚΡΗΤΗΣ,1377
ΜΗΧΑΝΟΛΟΓΩΝ ΜΗΧΑΝΙΚΩΝ,ΕΛ.ΜΕ.ΠΑ.,Ε.Μ.Π.,90
ΜΗΧΑΝΟΛΟΓΩΝ ΜΗΧΑΝΙΚΩΝ,ΕΛ.ΜΕ.ΠΑ.,Α.Π.Θ.,98
ΜΗΧΑΝΟΛΟΓΩΝ ΜΗΧΑΝΙΚΩΝ,ΕΛ.ΜΕ.ΠΑ.,ΠΑΝ. ΘΕΣΣΑΛΙΑΣ,99
ΜΗΧΑΝΟΛΟΓΩΝ ΜΗΧΑΝΙΚΩΝ,ΕΛ.ΜΕ.ΠΑ.,ΠΑΝ. ΔΥΤ. ΑΤΤΙΚΗΣ,163
ΜΗΧΑΝΟΛΟΓΩΝ ΜΗΧΑΝΙΚΩΝ,ΕΛ.ΜΕ.ΠΑ.,ΠΑΝ. ΔΥΤ. ΜΑΚ.,178
ΜΗΧΑΝΟΛΟΓΩΝ ΜΗΧΑΝΙΚΩΝ,Ε.Μ.Π.,Α.Π.Θ.,836
ΜΗΧΑΝΟΛΟΓΩΝ ΜΗΧΑΝΙΚΩΝ,Ε.Μ.Π.,ΠΑΝ. ΔΥΤ. ΑΤΤΙΚΗΣ,836
ΜΗΧΑΝΟΛΟΓΩΝ ΜΗΧΑΝΙΚΩΝ,Ε.Μ.Π.,ΠΑΝ. ΔΥΤ. ΜΑΚ.,572
ΜΗΧΑΝΟΛΟΓΩΝ ΜΗΧΑΝΙΚΩΝ,Ε.Μ.Π.,ΠΑΝ. ΠΕΛ/ΝΗΣΟΥ,313
ΜΗΧΑΝΟΛΟΓΩΝ ΜΗΧΑΝΙΚΩΝ,Α.Π.Θ.,ΠΑΝ. ΘΕΣΣΑΛΙΑΣ,1068
ΜΗΧΑΝΟΛΟΓΩΝ ΜΗΧΑΝΙΚΩΝ,Α.Π.Θ.,ΠΑΝ. ΔΥΤ. ΑΤΤΙΚΗΣ,423
ΜΗΧΑΝΟΛΟΓΩΝ ΜΗΧΑΝΙΚΩΝ,Α.Π.Θ.,ΠΑΝ. ΔΥΤ. ΜΑΚ.,864
ΜΗΧΑΝΟΛΟΓΩΝ ΜΗΧΑΝΙΚΩΝ,Α.Π.Θ.,ΠΑΝ. ΠΕΛ/ΝΗΣΟΥ,292
ΜΗΧΑΝΟΛΟΓΩΝ ΜΗΧΑΝΙΚΩΝ,ΠΑΝ. ΘΕΣΣΑΛΙΑΣ,ΠΑΝ. ΔΥΤ. ΑΤΤΙΚΗΣ,479
ΜΗΧΑΝΟΛΟΓΩΝ ΜΗΧΑΝΙΚΩΝ,ΠΑΝ. ΘΕΣΣΑΛΙΑΣ,ΠΑΝ. ΔΥΤ. ΜΑΚ.,901
ΜΗΧΑΝΟΛΟΓΩΝ ΜΗΧΑΝΙΚΩΝ,ΠΑΝ. ΘΕΣΣΑΛΙΑΣ,ΠΑΝ. ΠΕΛ/ΝΗΣΟΥ,324
ΜΗΧΑΝΟΛΟΓΩΝ ΜΗΧΑΝΙΚΩΝ,ΠΑΝ. ΔΥΤ. ΑΤΤΙΚΗΣ,ΠΑΝ. ΔΥΤ. ΜΑΚ.,317
ΜΗΧΑΝΟΛΟΓΩΝ ΜΗΧΑΝΙΚΩΝ,ΠΑΝ. ΔΥΤ. ΑΤΤΙΚΗΣ,ΠΑΝ. ΠΕΛ/ΝΗΣΟΥ,523
ΜΗΧΑΝΟΛΟΓΩΝ ΜΗΧΑΝΙΚΩΝ,ΠΑΝ. ΔΥΤ. ΜΑΚ.,ΠΑΝ. ΠΕΛ/ΝΗΣΟΥ,264
ΦΥΣΙΚΗΣ,ΠΑΝ. ΚΡΗΤΗΣ,Ε.Κ.Π.Α.,73
ΦΥΣΙΚΗΣ,ΠΑΝ. ΚΡΗΤΗΣ,Α.Π.Θ.,107
ΦΥΣΙΚΗΣ,ΠΑΝ. ΚΡΗΤΗΣ,ΠΑΝ. ΠΑΤΡΩΝ,221
ΦΥΣΙΚΗΣ,ΠΑΝ. ΚΡΗΤΗΣ,ΠΑΝ. ΙΩΑΝΝΙΝΩΝ,237
ΦΥΣΙΚΗΣ,Ε.Κ.Π.Α.,Α.Π.Θ.,346
ΦΥΣΙΚΗΣ,Ε.Κ.Π.Α.,ΠΑΝ. ΠΑΤΡΩΝ,455
ΦΥΣΙΚΗΣ,Ε.Κ.Π.Α.,ΠΑΝ. ΙΩΑΝΝΙΝΩΝ,327
ΦΥΣΙΚΗΣ,Α.Π.Θ.,ΠΑΝ. ΠΑΤΡΩΝ,329
ΦΥΣΙΚΗΣ,Α.Π.Θ.,ΠΑΝ. ΙΩΑΝΝΙΝΩΝ,442
ΦΥΣΙΚΗΣ,ΠΑΝ. ΠΑΤΡΩΝ,ΠΑΝ. ΙΩΑΝΝΙΝΩΝ,492
ΜΑΘΗΜΑΤΙΚΩΝ,ΠΑΝ. ΠΑΤΡΩΝ,ΠΑΝ. ΙΩΑΝΝΙΝΩΝ,447
ΜΑΘΗΜΑΤΙΚΩΝ,ΠΑΝ. ΠΑΤΡΩΝ,ΠΑΝ. ΔΥΤ. ΜΑΚ.,495
ΜΑΘΗΜΑΤΙΚΩΝ,ΠΑΝ. ΙΩΑΝΝΙΝΩΝ,ΠΑΝ. ΘΕΣΣΑΛΙΑΣ,357
ΜΑΘΗΜΑΤΙΚΩΝ,ΠΑΝ. ΙΩΑΝΝΙΝΩΝ,ΠΑΝ. ΔΥΤ. ΜΑΚ.,244
ΜΑΘΗΜΑΤΙΚΩΝ,ΠΑΝ. ΘΕΣΣΑΛΙΑΣ,ΠΑΝ. ΔΥΤ. ΜΑΚ.,413
ΦΥΣΙΚΗΣ,ΠΑΝ. ΠΑΤΡΩΝ,ΠΑΝ. ΘΕΣΣΑΛΙΑΣ,409
ΜΗΧΑΝΙΚΩΝ ΠΑΡΑΓΩΓΗΣ ΚΑΙ ΔΙΟΙΚΗΣΗΣ,ΔΙ.ΠΑ.Ε.,ΠΟΛ/ΧΝΕΙΟ ΚΡΗΤΗΣ,616
ΜΗΧΑΝΙΚΩΝ ΠΑΡΑΓΩΓΗΣ ΚΑΙ ΔΙΟΙΚΗΣΗΣ,Δ.Π.Θ.,ΠΟΛ/ΧΝΕΙΟ ΚΡΗΤΗΣ,692
ΜΗΧΑΝΟΛΟΓΩΝ ΜΗΧΑΝΙΚΩΝ,Ε.Μ.Π.,ΕΛ.ΜΕ.ΠΑ.,451
ΜΗΧΑΝΟΛΟΓΩΝ ΜΗΧΑΝΙΚΩΝ,ΠΑΝ. ΔΥΤ. ΑΤΤΙΚΗΣ,ΠΑΝ. ΘΕΣΣΑΛΙΑΣ,311
ΜΗΧΑΝΟΛΟΓΩΝ ΜΗΧΑΝΙΚΩΝ,ΠΑΝ. ΔΥΤ. ΑΤΤΙΚΗΣ,ΕΛ.ΜΕ.ΠΑ.,598
ΜΗΧΑΝΟΛΟΓΩΝ ΜΗΧΑΝΙΚΩΝ,ΠΑΝ. ΔΥΤ. ΑΤΤΙΚΗΣ,Α.Π.Θ.,232
ΜΗΧΑΝΟΛΟΓΩΝ ΜΗΧΑΝΙΚΩΝ,ΠΑΝ. ΘΕΣΣΑΛΙΑΣ,ΕΛ.ΜΕ.ΠΑ.,547
ΜΗΧΑΝΟΛΟΓΩΝ ΜΗΧΑΝΙΚΩΝ,ΠΑΝ. ΘΕΣΣΑΛΙΑΣ,Α.Π.Θ.,240
ΛΟΓΙΣΤΙΚΗΣ ΚΑΙ ΧΡΗΜΑΤΟΟΙΚΟΝΟΜΙΚΗΣ,ΠΑΝ. ΘΕΣΣΑΛΙΑΣ,ΕΛ.ΜΕ.ΠΑ.,992
ΛΟΓΙΣΤΙΚΗΣ ΚΑΙ ΧΡΗΜΑΤΟΟΙΚΟΝΟΜΙΚΗΣ,ΠΑΝ. ΠΕΛ/ΝΗΣΟΥ,ΕΛ.ΜΕ.ΠΑ.,794
ΛΟΓΙΣΤΙΚΗΣ ΚΑΙ ΧΡΗΜΑΤΟΟΙΚΟΝΟΜΙΚΗΣ,ΠΑΝ. ΔΥΤ. ΜΑΚ.,ΕΛ.ΜΕ.ΠΑ.,667
ΛΟΓΙΣΤΙΚΗΣ ΚΑΙ ΧΡΗΜΑΤΟΟΙΚΟΝΟΜΙΚΗΣ,ΠΑΝ. ΙΩΑΝΝΙΝΩΝ,ΕΛ.ΜΕ.ΠΑ.,577
ΜΗΧΑΝΙΚΩΝ ΟΡΥΚΤΩΝ ΠΟΡΩΝ,ΠΟΛ/ΧΝΕΙΟ ΚΡΗΤΗΣ,ΠΑΝ. ΔΥΤ. ΜΑΚ.,322
ΜΗΧΑΝΙΚΩΝ ΠΕΡΙΒΑΛΛΟΝΤΟΣ,ΔΙ.ΠΑ.Ε.,Δ.Π.Θ.,1055
ΜΗΧΑΝΟΛΟΓΩΝ ΜΗΧΑΝΙΚΩΝ,ΔΙ.ΠΑ.Ε.,ΕΛ.ΜΕ.ΠΑ.,644
ΠΕΡΙΒΑΛΛΟΝΤΟΣ,ΠΑΝ. ΘΕΣΣΑΛΙΑΣ,ΠΑΝ. ΑΙΓΑΙΟΥ,2872
ΠΕΡΙΒΑΛΛΟΝΤΟΣ,ΙΟΝΙΟ ΠΑΝ/ΜΙΟ,ΠΑΝ. ΑΙΓΑΙΟΥ,2020
ΛΟΓΙΣΤΙΚΗΣ ΚΑΙ ΧΡΗΜΑΤΟΟΙΚΟΝΟΜΙΚΗΣ,ΠΑΝ. ΙΩΑΝΝΙΝΩΝ,ΠΑΝ. ΔΥΤ. ΜΑΚ.,770
ΟΙΚΟΝΟΜΙΚΩΝ ΕΠΙΣΤΗΜΩΝ,ΠΑΝ. ΙΩΑΝΝΙΝΩΝ,ΠΑΝ. ΘΕΣΣΑΛΙΑΣ,1172
ΟΙΚΟΝΟΜΙΚΩΝ ΕΠΙΣΤΗΜΩΝ,Δ.Π.Θ.,ΠΑΝ. ΘΕΣΣΑΛΙΑΣ,575
ΟΙΚΟΝΟΜΙΚΩΝ ΕΠΙΣΤΗΜΩΝ,ΠΑΝ. ΠΕΛ/ΝΗΣΟΥ,ΠΑΝ. ΘΕΣΣΑΛΙΑΣ,475
ΟΙΚΟΝΟΜΙΚΩΝ ΕΠΙΣΤΗΜΩΝ,ΔΙ.ΠΑ.Ε.,ΠΑΝ. ΘΕΣΣΑΛΙΑΣ,433
ΟΙΚΟΝΟΜΙΚΩΝ ΕΠΙΣΤΗΜΩΝ,ΠΑΝ. ΔΥΤ. ΜΑΚ.,ΠΑΝ. ΘΕΣΣΑΛΙΑΣ,250
ΔΙΟΙΚΗΣΗΣ ΕΠΙΧΕΙΡΗΣΕΩΝ,Ο.Π.Α.,ΠΑ. ΜΑΚ.,761
ΔΙΟΙΚΗΣΗΣ ΕΠΙΧΕΙΡΗΣΕΩΝ,Ο.Π.Α.,ΠΑΝ. ΠΑΤΡΩΝ,902
ΔΙΟΙΚΗΣΗΣ ΕΠΙΧΕΙΡΗΣΕΩΝ,ΠΑΝ. ΠΕΙΡΑΙΑ,ΠΑ. ΜΑΚ.,686
ΔΙΟΙΚΗΣΗΣ ΕΠΙΧΕΙΡΗΣΕΩΝ,ΠΑΝ. ΠΕΙΡΑΙΑ,ΠΑΝ. ΠΑΤΡΩΝ,1030
ΔΙΟΙΚΗΣΗΣ ΕΠΙΧΕΙΡΗΣΕΩΝ,ΠΑ. ΜΑΚ.,ΠΑΝ. ΠΑΤΡΩΝ,752
ΟΙΚΟΝΟΜΙΚΩΝ ΕΠΙΣΤΗΜΩΝ,Ε.Κ.Π.Α.,ΠΑ. ΜΑΚ.,721
ΟΙΚΟΝΟΜΙΚΩΝ ΕΠΙΣΤΗΜΩΝ,Ε.Κ.Π.Α.,Α.Π.Θ.,919
ΟΙΚΟΝΟΜΙΚΩΝ ΕΠΙΣΤΗΜΩΝ,Ε.Κ.Π.Α.,ΠΑΝ. ΙΩΑΝΝΙΝΩΝ,919
ΟΙΚΟΝΟΜΙΚΩΝ ΕΠΙΣΤΗΜΩΝ,Ε.Κ.Π.Α.,ΠΑΝ. ΠΑΤΡΩΝ,1468
ΟΙΚΟΝΟΜΙΚΩΝ ΕΠΙΣΤΗΜΩΝ,Ε.Κ.Π.Α.,ΠΑΝ. ΘΕΣΣΑΛΙΑΣ,906
ΟΙΚΟΝΟΜΙΚΩΝ ΕΠΙΣΤΗΜΩΝ,Ε.Κ.Π.Α.,ΠΑΝ. ΚΡΗΤΗΣ,759
ΟΙΚΟΝΟΜΙΚΩΝ ΕΠΙΣΤΗΜΩΝ,ΠΑ. ΜΑΚ.,ΠΑΝ. ΠΑΤΡΩΝ,1183
ΟΙΚΟΝΟΜΙΚΩΝ ΕΠΙΣΤΗΜΩΝ,ΠΑ. ΜΑΚ.,ΠΑΝ. ΚΡΗΤΗΣ,859
ΟΙΚΟΝΟΜΙΚΩΝ ΕΠΙΣΤΗΜΩΝ,Α.Π.Θ.,ΠΑΝ. ΠΑΤΡΩΝ,1318
ΟΙΚΟΝΟΜΙΚΩΝ ΕΠΙΣΤΗΜΩΝ,Α.Π.Θ.,ΠΑΝ. ΚΡΗΤΗΣ,922
ΟΙΚΟΝΟΜΙΚΩΝ ΕΠΙΣΤΗΜΩΝ,ΠΑΝ. ΙΩΑΝΝΙΝΩΝ,ΠΑΝ. ΠΑΤΡΩΝ,736
ΟΙΚΟΝΟΜΙΚΩΝ ΕΠΙΣΤΗΜΩΝ,ΠΑΝ. ΙΩΑΝΝΙΝΩΝ,ΠΑΝ. ΚΡΗΤΗΣ,1147
ΟΙΚΟΝΟΜΙΚΩΝ ΕΠΙΣΤΗΜΩΝ,ΠΑΝ. ΠΑΤΡΩΝ,ΠΑΝ. ΘΕΣΣΑΛΙΑΣ,703
ΟΙΚΟΝΟΜΙΚΩΝ ΕΠΙΣΤΗΜΩΝ,ΠΑΝ. ΠΑΤΡΩΝ,ΠΑΝ. ΚΡΗΤΗΣ,852
ΟΙΚΟΝΟΜΙΚΩΝ ΕΠΙΣΤΗΜΩΝ,ΠΑΝ. ΘΕΣΣΑΛΙΑΣ,ΠΑΝ. ΚΡΗΤΗΣ,1036
ΓΕΩΠΟΝΙΑΣ,ΠΑΝ. ΔΥΤ. ΜΑΚ.,ΠΑΝ. ΘΕΣΣΑΛΙΑΣ,462
ΓΕΩΠΟΝΙΑΣ,ΠΑΝ. ΘΕΣΣΑΛΙΑΣ,Α.Π.Θ.,71
ΓΕΩΠΟΝΙΑΣ,ΠΑΝ. ΘΕΣΣΑΛΙΑΣ,ΔΙ.ΠΑ.Ε.,284
ΓΕΩΠΟΝΙΑΣ,ΠΑΝ. ΙΩΑΝΝΙΝΩΝ,Α.Π.Θ.,52
ΓΕΩΠΟΝΙΑΣ,ΠΑΝ. ΙΩΑΝΝΙΝΩΝ,ΔΙ.ΠΑ.Ε.,182
ΓΕΩΠΟΝΙΑΣ,ΕΛ.ΜΕ.ΠΑ.,Α.Π.Θ.,61
ΓΕΩΠΟΝΙΑΣ,ΕΛ.ΜΕ.ΠΑ.,ΔΙ.ΠΑ.Ε.,307
ΠΕΡΙΒΑΛΛΟΝΤΟΣ,ΠΑΝ. ΑΙΓΑΙΟΥ,ΠΑΝ. ΘΕΣΣΑΛΙΑΣ,559
ΠΕΡΙΒΑΛΛΟΝΤΟΣ,ΠΑΝ. ΑΙΓΑΙΟΥ,ΙΟΝΙΟ ΠΑΝ/ΜΙΟ,1290
ΧΗΜΕΙΑΣ,ΠΑΝ. ΠΑΤΡΩΝ,ΠΑΝ. ΚΡΗΤΗΣ,1464
ΧΗΜΕΙΑΣ,ΠΑΝ. ΠΑΤΡΩΝ,Ε.Κ.Π.Α.,279
ΧΗΜΕΙΑΣ,ΠΑΝ. ΙΩΑΝΝΙΝΩΝ,Α.Π.Θ.,502
ΧΗΜΕΙΑΣ,ΠΑΝ. ΙΩΑΝΝΙΝΩΝ,Ε.Κ.Π.Α.,323
ΧΗΜΕΙΑΣ,ΠΑΝ. ΚΡΗΤΗΣ,Ε.Κ.Π.Α.,203
ΠΑΙΔΑΓΩΓΙΚΩΝ ΠΡΟΣΧΟΛΙΚΗΣ ΕΚΠΑΙΔΕΥΣΗΣ,ΠΑΝ. ΑΙΓΑΙΟΥ,Ε.Κ.Π.Α.,1115
ΦΙΛΟΛΟΓΙΑΣ,Ε.Κ.Π.Α.,Α.Π.Θ.,541
ΦΙΛΟΛΟΓΙΑΣ,Ε.Κ.Π.Α.,ΠΑΝ. ΠΑΤΡΩΝ,733
ΦΙΛΟΛΟΓΙΑΣ,Ε.Κ.Π.Α.,ΠΑΝ. ΠΕΛ/ΝΗΣΟΥ,515
ΦΙΛΟΛΟΓΙΑΣ,Α.Π.Θ.,ΠΑΝ. ΠΑΤΡΩΝ,827
ΦΙΛΟΛΟΓΙΑΣ,Α.Π.Θ.,ΠΑΝ. ΠΕΛ/ΝΗΣΟΥ,607
ΔΙΟΙΚΗΣΗΣ ΕΠΙΧΕΙΡΗΣΕΩΝ,Ο.Π.Α.,ΠΑΝ. ΘΕΣΣΑΛΙΑΣ,424
ΔΙΟΙΚΗΣΗΣ ΕΠΙΧΕΙΡΗΣΕΩΝ,ΠΑΝ. ΠΕΙΡΑΙΑ,ΠΑΝ. ΘΕΣΣΑΛΙΑΣ,442
ΔΙΟΙΚΗΣΗΣ ΕΠΙΧΕΙΡΗΣΕΩΝ,ΠΑ. ΜΑΚ.,ΠΑΝ. ΔΥΤ. ΑΤΤΙΚΗΣ,495
ΔΙΟΙΚΗΣΗΣ ΕΠΙΧΕΙΡΗΣΕΩΝ,ΠΑΝ. ΠΑΤΡΩΝ,ΠΑΝ. ΔΥΤ. ΑΤΤΙΚΗΣ,346
ΔΙΟΙΚΗΣΗΣ ΕΠΙΧΕΙΡΗΣΕΩΝ,ΠΑΝ. ΘΕΣΣΑΛΙΑΣ,ΠΑΝ. ΔΥΤ. ΑΤΤΙΚΗΣ,173
ΑΓΩΓΗΣ ΚΑΙ ΦΡΟΝΤΙΔΑΣ ΣΤΗΝ ΠΡΩΙΜΗ ΠΑΙΔΙΚΗ ΗΛΙΚΙΑ,ΔΙ.ΠΑ.Ε.,ΠΑΝ. ΔΥΤ. ΑΤΤΙΚΗΣ,2573
ΔΙΟΙΚΗΣΗΣ ΕΠΙΧΕΙΡΗΣΕΩΝ,ΠΑΝ. ΔΥΤ. ΑΤΤΙΚΗΣ,ΠΑΝ. ΠΑΤΡΩΝ,1071
ΑΓΩΓΗΣ ΚΑΙ ΦΡΟΝΤΙΔΑΣ ΣΤΗΝ ΠΡΩΙΜΗ ΠΑΙΔΙΚΗ ΗΛΙΚΙΑ,ΠΑΝ. ΙΩΑΝΝΙΝΩΝ,ΠΑΝ. ΔΥΤ. ΑΤΤΙΚΗΣ,1012
ΒΙΟΪΑΤΡΙΚΩΝ ΕΠΙΣΤΗΜΩΝ,ΔΙ.ΠΑ.Ε.,ΠΑΝ. ΔΥΤ. ΑΤΤΙΚΗΣ,547
ΙΑΤΡΙΚΗΣ,Α.Π.Θ.,Ε.Κ.Π.Α.,801
ΙΑΤΡΙΚΗΣ,ΠΑΝ. ΘΕΣΣΑΛΙΑΣ,Ε.Κ.Π.Α.,511
ΙΑΤΡΙΚΗΣ,ΠΑΝ. ΙΩΑΝΝΙΝΩΝ,Ε.Κ.Π.Α.,548
ΙΑΤΡΙΚΗΣ,Δ.Π.Θ.,Ε.Κ.Π.Α.,519
ΝΟΣΗΛΕΥΤΙΚΗΣ,ΠΑΝ. ΔΥΤ. ΑΤΤΙΚΗΣ,Ε.Κ.Π.Α.,263
ΠΑΙΔΑΓΩΓΙΚΟ ΝΗΠΙΑΓΩΓΩΝ,ΠΑΝ. ΔΥΤ. ΜΑΚ.,ΠΑΝ. ΙΩΑΝΝΙΝΩΝ,757
ΠΑΙΔΑΓΩΓΙΚΩΝ ΠΡΟΣΧΟΛΙΚΗΣ ΕΚΠΑΙΔΕΥΣΗΣ,ΠΑΝ. ΚΡΗΤΗΣ,Ε.Κ.Π.Α.,824
ΠΑΙΔΑΓΩΓΙΚΩΝ ΠΡΟΣΧΟΛΙΚΗΣ ΕΚΠΑΙΔΕΥΣΗΣ,ΠΑΝ. ΚΡΗΤΗΣ,Α.Π.Θ.,835
ΠΑΙΔΑΓΩΓΙΚΩΝ ΠΡΟΣΧΟΛΙΚΗΣ ΕΚΠΑΙΔΕΥΣΗΣ,ΠΑΝ. ΚΡΗΤΗΣ,Δ.Π.Θ.,1456
ΠΑΙΔΑΓΩΓΙΚΩΝ ΠΡΟΣΧΟΛΙΚΗΣ ΕΚΠΑΙΔΕΥΣΗΣ,ΠΑΝ. ΚΡΗΤΗΣ,ΠΑΝ. ΠΑΤΡΩΝ,1044
ΦΥΣΙΚΟΘΕΡΑΠΕΙΑΣ,ΔΙ.ΠΑ.Ε.,ΠΑΝ. ΔΥΤ. ΑΤΤΙΚΗΣ,801
ΦΥΣΙΚΟΘΕΡΑΠΕΙΑΣ,ΠΑΝ. ΘΕΣΣΑΛΙΑΣ,ΠΑΝ. ΔΥΤ. ΑΤΤΙΚΗΣ,359
ΜΗΧΑΝΙΚΩΝ ΟΡΥΚΤΩΝ ΠΟΡΩΝ,ΠΑΝ. ΔΥΤ. ΜΑΚ.,ΠΟΛ/ΧΝΕΙΟ ΚΡΗΤΗΣ,432
ΟΙΚΟΝΟΜΙΚΩΝ ΕΠΙΣΤΗΜΩΝ,ΠΑΝ. ΠΑΤΡΩΝ,Ε.Κ.Π.Α.,282
ΟΙΚΟΝΟΜΙΚΩΝ ΕΠΙΣΤΗΜΩΝ,ΠΑΝ. ΠΑΤΡΩΝ,Α.Π.Θ.,314
ΟΙΚΟΝΟΜΙΚΩΝ ΕΠΙΣΤΗΜΩΝ,ΠΑΝ. ΚΡΗΤΗΣ,Α.Π.Θ.,117
ΚΟΙΝΩΝΙΚΗΣ ΠΟΛΙΤΙΚΗΣ,Δ.Π.Θ.,ΠΑΝΤΕΙΟ,724
ΧΗΜΕΙΑΣ,Ε.Κ.Π.Α.,ΠΑΝ. ΠΑΤΡΩΝ,1680
ΚΟΙΝΩΝΙΟΛΟΓΙΑΣ,Ε.Κ.Π.Α.,ΠΑΝ. ΚΡΗΤΗΣ,870
ΦΙΛΟΛΟΓΙΑΣ,ΠΑΝ. ΙΩΑΝΝΙΝΩΝ,Α.Π.Θ.,224
ΦΙΛΟΛΟΓΙΑΣ,ΠΑΝ. ΙΩΑΝΝΙΝΩΝ,ΠΑΝ. ΠΑΤΡΩΝ,902
ΜΗΧΑΝΟΛΟΓΩΝ ΜΗΧΑΝΙΚΩΝ,ΠΑΝ. ΠΕΛ/ΝΗΣΟΥ,Ε.Μ.Π.,102
ΜΗΧΑΝΟΛΟΓΩΝ ΜΗΧΑΝΙΚΩΝ,ΠΑΝ. ΠΕΛ/ΝΗΣΟΥ,ΠΑΝ. ΔΥΤ. ΑΤΤΙΚΗΣ,166
ΜΗΧΑΝΟΛΟΓΩΝ ΜΗΧΑΝΙΚΩΝ,ΠΑΝ. ΠΕΛ/ΝΗΣΟΥ,ΠΑΝ. ΘΕΣΣΑΛΙΑΣ,151
ΜΗΧΑΝΟΛΟΓΩΝ ΜΗΧΑΝΙΚΩΝ,ΠΑΝ. ΠΕΛ/ΝΗΣΟΥ,Α.Π.Θ.,126
ΜΗΧΑΝΟΛΟΓΩΝ ΜΗΧΑΝΙΚΩΝ,ΠΑΝ. ΠΕΛ/ΝΗΣΟΥ,ΠΑΝ. ΔΥΤ. ΜΑΚ.,183
ΜΗΧΑΝΟΛΟΓΩΝ ΜΗΧΑΝΙΚΩΝ,ΠΑΝ. ΠΕΛ/ΝΗΣΟΥ,ΔΙ.ΠΑ.Ε.,911
ΜΗΧΑΝΟΛΟΓΩΝ ΜΗΧΑΝΙΚΩΝ,ΠΑΝ. ΠΕΛ/ΝΗΣΟΥ,ΕΛ.ΜΕ.ΠΑ.,977
ΜΗΧΑΝΟΛΟΓΩΝ ΜΗΧΑΝΙΚΩΝ,Ε.Μ.Π.,ΔΙ.ΠΑ.Ε.,289
ΜΗΧΑΝΟΛΟΓΩΝ ΜΗΧΑΝΙΚΩΝ,ΠΑΝ. ΔΥΤ. ΑΤΤΙΚΗΣ,ΔΙ.ΠΑ.Ε.,400
ΜΗΧΑΝΟΛΟΓΩΝ ΜΗΧΑΝΙΚΩΝ,ΠΑΝ. ΘΕΣΣΑΛΙΑΣ,ΔΙ.ΠΑ.Ε.,399
ΜΗΧΑΝΟΛΟΓΩΝ ΜΗΧΑΝΙΚΩΝ,Α.Π.Θ.,ΔΙ.ΠΑ.Ε.,419
ΜΗΧΑΝΟΛΟΓΩΝ ΜΗΧΑΝΙΚΩΝ,Α.Π.Θ.,ΕΛ.ΜΕ.ΠΑ.,489
ΜΗΧΑΝΟΛΟΓΩΝ ΜΗΧΑΝΙΚΩΝ,ΠΑΝ. ΔΥΤ. ΜΑΚ.,ΔΙ.ΠΑ.Ε.,396
ΜΗΧΑΝΟΛΟΓΩΝ ΜΗΧΑΝΙΚΩΝ,ΠΑΝ. ΔΥΤ. ΜΑΚ.,ΕΛ.ΜΕ.ΠΑ.,423
ΦΥΣΙΚΗΣ,ΠΑΝ. ΠΑΤΡΩΝ,Ε.Κ.Π.Α.,103
ΦΥΣΙΚΗΣ,Ε.Κ.Π.Α.,ΠΑΝ. ΘΕΣΣΑΛΙΑΣ,234
ΠΛΗΡΟΦΟΡΙΚΗΣ,Ο.Π.Α.,Α.Π.Θ.,1082
ΠΛΗΡΟΦΟΡΙΚΗΣ,ΠΑΝ. ΠΕΙΡΑΙΑ,Α.Π.Θ.,824
ΠΕΡΙΒΑΛΛΟΝΤΟΣ,ΙΟΝΙΟ ΠΑΝ/ΜΙΟ,ΠΑΝ. ΘΕΣΣΑΛΙΑΣ,867
ΑΓΩΓΗΣ ΚΑΙ ΦΡΟΝΤΙΔΑΣ ΣΤΗΝ ΠΡΩΙΜΗ ΠΑΙΔΙΚΗ ΗΛΙΚΙΑ,ΠΑΝ. ΙΩΑΝΝΙΝΩΝ,ΔΙ.ΠΑ.Ε.,932
ΘΕΑΤΡΙΚΩΝ ΣΠΟΥΔΩΝ,ΠΑΝ. ΠΕΛ/ΝΗΣΟΥ,Ε.Κ.Π.Α.,575
ΘΕΑΤΡΙΚΩΝ ΣΠΟΥΔΩΝ,ΠΑΝ. ΠΑΤΡΩΝ,Ε.Κ.Π.Α.,683
ΚΟΙΝΩΝΙΚΗΣ ΕΡΓΑΣΙΑΣ,ΕΛ.ΜΕ.ΠΑ.,ΠΑΝ. ΔΥΤ. ΑΤΤΙΚΗΣ,411
ΝΟΣΗΛΕΥΤΙΚΗΣ,ΕΛ.ΜΕ.ΠΑ.,Ε.Κ.Π.Α.,229
ΝΟΣΗΛΕΥΤΙΚΗΣ,ΠΑΝ. ΠΕΛ/ΝΗΣΟΥ,ΠΑΝ. ΠΑΤΡΩΝ,204
ΝΟΣΗΛΕΥΤΙΚΗΣ,ΠΑΝ. ΠΕΛ/ΝΗΣΟΥ,Ε.Κ.Π.Α.,199
ΝΟΣΗΛΕΥΤΙΚΗΣ,ΠΑΝ. ΠΕΛ/ΝΗΣΟΥ,ΠΑΝ. ΘΕΣΣΑΛΙΑΣ,447
ΝΟΣΗΛΕΥΤΙΚΗΣ,ΠΑΝ. ΠΕΛ/ΝΗΣΟΥ,ΔΙ.ΠΑ.Ε.,339
ΝΟΣΗΛΕΥΤΙΚΗΣ,ΠΑΝ. ΠΑΤΡΩΝ,Ε.Κ.Π.Α.,329
ΠΑΙΔΑΓΩΓΙΚΩΝ ΠΡΟΣΧΟΛΙΚΗΣ ΕΚΠΑΙΔΕΥΣΗΣ,Δ.Π.Θ.,Α.Π.Θ.,961
ΠΑΙΔΑΓΩΓΙΚΩΝ ΠΡΟΣΧΟΛΙΚΗΣ ΕΚΠΑΙΔΕΥΣΗΣ,ΠΑΝ. ΑΙΓΑΙΟΥ,ΠΑΝ. ΠΑΤΡΩΝ,654
ΙΣΤΟΡΙΑΣ ΚΑΙ ΑΡΧΑΙΟΛΟΓΙΑΣ,ΠΑΝ. ΙΩΑΝΝΙΝΩΝ,Α.Π.Θ.,116
ΛΟΓΙΣΤΙΚΗΣ ΚΑΙ ΧΡΗΜΑΤΟΟΙΚΟΝΟΜΙΚΗΣ,ΠΑΝ. ΙΩΑΝΝΙΝΩΝ,ΠΑΝ. ΘΕΣΣΑΛΙΑΣ,350
ΗΛΕΚΤΡΟΛΟΓΩΝ ΜΗΧΑΝΙΚΩΝ ΚΑΙ ΜΗΧΑΝΙΚΩΝ ΥΠΟΛΟΓΙΣΤΩΝ,Ε.Μ.Π.,ΕΛ.ΜΕ.ΠΑ.,450
ΗΛΕΚΤΡΟΛΟΓΩΝ ΜΗΧΑΝΙΚΩΝ ΚΑΙ ΜΗΧΑΝΙΚΩΝ ΥΠΟΛΟΓΙΣΤΩΝ,Ε.Μ.Π.,ΠΑΝ. ΠΕΛ/ΝΗΣΟΥ,470
ΗΛΕΚΤΡΟΛΟΓΩΝ ΜΗΧΑΝΙΚΩΝ ΚΑΙ ΜΗΧΑΝΙΚΩΝ ΥΠΟΛΟΓΙΣΤΩΝ,Ε.Μ.Π.,ΠΑΝ. ΔΥΤ. ΜΑΚ.,595
ΗΛΕΚΤΡΟΛΟΓΩΝ ΜΗΧΑΝΙΚΩΝ ΚΑΙ ΜΗΧΑΝΙΚΩΝ ΥΠΟΛΟΓΙΣΤΩΝ,ΕΛ.ΜΕ.ΠΑ.,Α.Π.Θ.,143
ΗΛΕΚΤΡΟΛΟΓΩΝ ΜΗΧΑΝΙΚΩΝ ΚΑΙ ΜΗΧΑΝΙΚΩΝ ΥΠΟΛΟΓΙΣΤΩΝ,ΠΑΝ. ΠΕΛ/ΝΗΣΟΥ,ΠΟΛ/ΧΝΕΙΟ ΚΡΗΤΗΣ,328
ΗΛΕΚΤΡΟΛΟΓΩΝ ΜΗΧΑΝΙΚΩΝ ΚΑΙ ΜΗΧΑΝΙΚΩΝ ΥΠΟΛΟΓΙΣΤΩΝ,ΠΑΝ. ΠΕΛ/ΝΗΣΟΥ,Α.Π.Θ.,190
ΗΛΕΚΤΡΟΛΟΓΩΝ ΜΗΧΑΝΙΚΩΝ ΚΑΙ ΜΗΧΑΝΙΚΩΝ ΥΠΟΛΟΓΙΣΤΩΝ,ΠΟΛ/ΧΝΕΙΟ ΚΡΗΤΗΣ,ΠΑΝ. ΘΕΣΣΑΛΙΑΣ,256
ΗΛΕΚΤΡΟΛΟΓΩΝ ΜΗΧΑΝΙΚΩΝ ΚΑΙ ΜΗΧΑΝΙΚΩΝ ΥΠΟΛΟΓΙΣΤΩΝ,ΠΟΛ/ΧΝΕΙΟ ΚΡΗΤΗΣ,Α.Π.Θ.,124
ΗΛΕΚΤΡΟΛΟΓΩΝ ΜΗΧΑΝΙΚΩΝ ΚΑΙ ΜΗΧΑΝΙΚΩΝ ΥΠΟΛΟΓΙΣΤΩΝ,ΠΟΛ/ΧΝΕΙΟ ΚΡΗΤΗΣ,ΠΑΝ. ΔΥΤ. ΜΑΚ.,416
ΗΛΕΚΤΡΟΛΟΓΩΝ ΜΗΧΑΝΙΚΩΝ ΚΑΙ ΜΗΧΑΝΙΚΩΝ ΥΠΟΛΟΓΙΣΤΩΝ,ΠΑΝ. ΘΕΣΣΑΛΙΑΣ,Α.Π.Θ.,245
ΗΛΕΚΤΡΟΛΟΓΩΝ ΜΗΧΑΝΙΚΩΝ ΚΑΙ ΜΗΧΑΝΙΚΩΝ ΥΠΟΛΟΓΙΣΤΩΝ,Α.Π.Θ.,ΠΑΝ. ΔΥΤ. ΜΑΚ.,903
ΦΥΣΙΚΗΣ,Α.Π.Θ.,Ε.Κ.Π.Α.,183
ΟΙΚΟΝΟΜΙΚΩΝ ΕΠΙΣΤΗΜΩΝ,ΠΑΝ. ΠΕΛ/ΝΗΣΟΥ,ΠΑΝ. ΚΡΗΤΗΣ,430
ΟΙΚΟΝΟΜΙΚΩΝ ΕΠΙΣΤΗΜΩΝ,ΠΑΝ. ΠΕΛ/ΝΗΣΟΥ,ΠΑΝ. ΙΩΑΝΝΙΝΩΝ,410
ΜΗΧΑΝΟΛΟΓΩΝ ΜΗΧΑΝΙΚΩΝ,Α.Π.Θ.,Ε.Μ.Π.,290
ΜΗΧΑΝΟΛΟΓΩΝ ΜΗΧΑΝΙΚΩΝ,ΠΑΝ. ΔΥΤ. ΜΑΚ.,ΠΑΝ. ΘΕΣΣΑΛΙΑΣ,211
ΜΗΧΑΝΟΛΟΓΩΝ ΜΗΧΑΝΙΚΩΝ,ΠΑΝ. ΔΥΤ. ΜΑΚ.,Ε.Μ.Π.,154
ΜΗΧΑΝΟΛΟΓΩΝ ΜΗΧΑΝΙΚΩΝ,ΠΑΝ. ΘΕΣΣΑΛΙΑΣ,Ε.Μ.Π.,192
ΜΗΧΑΝΟΛΟΓΩΝ ΜΗΧΑΝΙΚΩΝ,ΔΙ.ΠΑ.Ε.,Ε.Μ.Π.,119
ΜΗΧΑΝΙΚΩΝ ΠΑΡΑΓΩΓΗΣ ΚΑΙ ΔΙΟΙΚΗΣΗΣ,ΠΟΛ/ΧΝΕΙΟ ΚΡΗΤΗΣ,Δ.Π.Θ.,352
ΟΙΚΟΝΟΜΙΚΩΝ ΕΠΙΣΤΗΜΩΝ,Ε.Κ.Π.Α.,ΠΑΝ. ΠΕΛ/ΝΗΣΟΥ,851
ΟΙΚΟΝΟΜΙΚΩΝ ΕΠΙΣΤΗΜΩΝ,Α.Π.Θ.,ΠΑΝ. ΠΕΛ/ΝΗΣΟΥ,628
ΟΙΚΟΝΟΜΙΚΩΝ ΕΠΙΣΤΗΜΩΝ,ΠΑ. ΜΑΚ.,ΠΑΝ. ΠΕΛ/ΝΗΣΟΥ,571
ΟΙΚΟΝΟΜΙΚΩΝ ΕΠΙΣΤΗΜΩΝ,ΠΑΝ. ΚΡΗΤΗΣ,ΠΑΝ. ΠΑΤΡΩΝ,185
ΟΙΚΟΝΟΜΙΚΩΝ ΕΠΙΣΤΗΜΩΝ,ΠΑΝ. ΠΑΤΡΩΝ,ΠΑΝ. ΠΕΛ/ΝΗΣΟΥ,964
ΛΟΓΙΣΤΙΚΗΣ ΚΑΙ ΧΡΗΜΑΤΟΟΙΚΟΝΟΜΙΚΗΣ,ΠΑΝ. ΠΕΛ/ΝΗΣΟΥ,ΠΑΝ. ΘΕΣΣΑΛΙΑΣ,1363
ΜΗΧΑΝΟΛΟΓΩΝ ΜΗΧΑΝΙΚΩΝ,ΠΑΝ. ΔΥΤ. ΜΑΚ.,ΠΑΝ. ΔΥΤ. ΑΤΤΙΚΗΣ,338
ΛΟΓΙΣΤΙΚΗΣ ΚΑΙ ΧΡΗΜΑΤΟΟΙΚΟΝΟΜΙΚΗΣ,ΠΑ. ΜΑΚ.,ΠΑΝ. ΘΕΣΣΑΛΙΑΣ,729
ΛΟΓΙΣΤΙΚΗΣ ΚΑΙ ΧΡΗΜΑΤΟΟΙΚΟΝΟΜΙΚΗΣ,ΠΑ. ΜΑΚ.,ΠΑΝ. ΔΥΤ. ΜΑΚ.,629
ΑΡΧΙΤΕΚΤΟΝΩΝ ΜΗΧΑΝΙΚΩΝ,Ε.Μ.Π.,ΠΑΝ. ΘΕΣΣΑΛΙΑΣ,438
ΑΡΧΙΤΕΚΤΟΝΩΝ ΜΗΧΑΝΙΚΩΝ,Ε.Μ.Π.,ΠΟΛ/ΧΝΕΙΟ ΚΡΗΤΗΣ,390
ΑΡΧΙΤΕΚΤΟΝΩΝ ΜΗΧΑΝΙΚΩΝ,Ε.Μ.Π.,ΠΑΝ. ΙΩΑΝΝΙΝΩΝ,412
ΑΡΧΙΤΕΚΤΟΝΩΝ ΜΗΧΑΝΙΚΩΝ,Ε.Μ.Π.,Δ.Π.Θ.,404
ΑΡΧΙΤΕΚΤΟΝΩΝ ΜΗΧΑΝΙΚΩΝ,ΠΑΝ. ΘΕΣΣΑΛΙΑΣ,ΠΟΛ/ΧΝΕΙΟ ΚΡΗΤΗΣ,438
ΑΡΧΙΤΕΚΤΟΝΩΝ ΜΗΧΑΝΙΚΩΝ,ΠΑΝ. ΘΕΣΣΑΛΙΑΣ,ΠΑΝ. ΙΩΑΝΝΙΝΩΝ,728
ΑΡΧΙΤΕΚΤΟΝΩΝ ΜΗΧΑΝΙΚΩΝ,ΠΟΛ/ΧΝΕΙΟ ΚΡΗΤΗΣ,ΠΑΝ. ΙΩΑΝΝΙΝΩΝ,205
ΑΡΧΙΤΕΚΤΟΝΩΝ ΜΗΧΑΝΙΚΩΝ,ΠΟΛ/ΧΝΕΙΟ ΚΡΗΤΗΣ,Δ.Π.Θ.,321
ΑΡΧΙΤΕΚΤΟΝΩΝ ΜΗΧΑΝΙΚΩΝ,ΠΑΝ. ΙΩΑΝΝΙΝΩΝ,Δ.Π.Θ.,669
ΠΟΛΙΤΙΚΩΝ ΜΗΧΑΝΙΚΩΝ,ΠΑΝ. ΘΕΣΣΑΛΙΑΣ,Δ.Π.Θ.,1141
ΠΟΛΙΤΙΚΩΝ ΜΗΧΑΝΙΚΩΝ,ΠΑΝ. ΘΕΣΣΑΛΙΑΣ,ΠΑΝ. ΔΥΤ. ΑΤΤΙΚΗΣ,571
ΠΟΛΙΤΙΚΩΝ ΜΗΧΑΝΙΚΩΝ,Δ.Π.Θ.,ΠΑΝ. ΔΥΤ. ΑΤΤΙΚΗΣ,457
ΔΙΟΙΚΗΣΗΣ ΕΠΙΧΕΙΡΗΣΕΩΝ,ΠΑΝ. ΠΕΙΡΑΙΑ,Ο.Π.Α.,491
ΔΙΟΙΚΗΣΗΣ ΕΠΙΧΕΙΡΗΣΕΩΝ,ΠΑΝ. ΑΙΓΑΙΟΥ,ΠΑΝ. ΠΑΤΡΩΝ,106
ΔΙΟΙΚΗΣΗΣ ΕΠΙΧΕΙΡΗΣΕΩΝ,ΠΑΝ. ΑΙΓΑΙΟΥ,ΠΑΝ. ΔΥΤ. ΑΤΤΙΚΗΣ,73
ΜΗΧΑΝΟΛΟΓΩΝ ΜΗΧΑΝΙΚΩΝ,ΔΙ.ΠΑ.Ε.,ΠΑΝ. ΠΕΛ/ΝΗΣΟΥ,443
ΗΛΕΚΤΡΟΛΟΓΩΝ ΜΗΧΑΝΙΚΩΝ ΚΑΙ ΜΗΧΑΝΙΚΩΝ ΥΠΟΛΟΓΙΣΤΩΝ,ΠΑΝ. ΔΥΤ. ΜΑΚ.,Δ.Π.Θ.,455
ΗΛΕΚΤΡΟΛΟΓΩΝ ΜΗΧΑΝΙΚΩΝ ΚΑΙ ΜΗΧΑΝΙΚΩΝ ΥΠΟΛΟΓΙΣΤΩΝ,ΠΑΝ. ΔΥΤ. ΜΑΚ.,ΠΟΛ/ΧΝΕΙΟ ΚΡΗΤΗΣ,459
ΗΛΕΚΤΡΟΛΟΓΩΝ ΜΗΧΑΝΙΚΩΝ ΚΑΙ ΜΗΧΑΝΙΚΩΝ ΥΠΟΛΟΓΙΣΤΩΝ,Δ.Π.Θ.,ΠΟΛ/ΧΝΕΙΟ ΚΡΗΤΗΣ,615
ΔΙΟΙΚΗΤΙΚΗΣ ΕΠΙΣΤΗΜΗΣ ΚΑΙ ΤΕΧΝΟΛΟΓΙΑΣ,Ο.Π.Α.,ΠΑΝ. ΠΑΤΡΩΝ,766
ΔΙΟΙΚΗΤΙΚΗΣ ΕΠΙΣΤΗΜΗΣ ΚΑΙ ΤΕΧΝΟΛΟΓΙΑΣ,Ο.Π.Α.,ΠΑΝ. ΠΕΛ/ΝΗΣΟΥ,523
ΔΙΟΙΚΗΤΙΚΗΣ ΕΠΙΣΤΗΜΗΣ ΚΑΙ ΤΕΧΝΟΛΟΓΙΑΣ,Ο.Π.Α.,ΠΑΝ. ΔΥΤ. ΜΑΚ.,394
ΔΙΟΙΚΗΤΙΚΗΣ ΕΠΙΣΤΗΜΗΣ ΚΑΙ ΤΕΧΝΟΛΟΓΙΑΣ,Ο.Π.Α.,ΕΛ.ΜΕ.ΠΑ.,336
ΔΙΟΙΚΗΤΙΚΗΣ ΕΠΙΣΤΗΜΗΣ ΚΑΙ ΤΕΧΝΟΛΟΓΙΑΣ,ΠΑΝ. ΠΑΤΡΩΝ,ΕΛ.ΜΕ.ΠΑ.,517
ΜΗΧΑΝΙΚΩΝ ΗΛΕΚΤΡΟΝΙΚΩΝ ΥΠΟΛΟΓΙΣΤΩΝ ΚΑΙ ΠΛΗΡΟΦΟΡΙΚΗΣ,ΠΑΝ. ΙΩΑΝΝΙΝΩΝ,ΠΑΝ. ΠΑΤΡΩΝ,275
ΧΗΜΕΙΑΣ,ΠΑΝ. ΚΡΗΤΗΣ,ΠΑΝ. ΠΑΤΡΩΝ,367
ΗΛΕΚΤΡΟΛΟΓΩΝ ΜΗΧΑΝΙΚΩΝ ΚΑΙ ΜΗΧΑΝΙΚΩΝ ΥΠΟΛΟΓΙΣΤΩΝ,Δ.Π.Θ.,ΠΑΝ. ΘΕΣΣΑΛΙΑΣ,319
ΗΛΕΚΤΡΟΛΟΓΩΝ ΜΗΧΑΝΙΚΩΝ ΚΑΙ ΜΗΧΑΝΙΚΩΝ ΥΠΟΛΟΓΙΣΤΩΝ,Δ.Π.Θ.,ΠΑΝ. ΔΥΤ. ΜΑΚ.,674
ΧΗΜΙΚΩΝ ΜΗΧΑΝΙΚΩΝ,Α.Π.Θ.,ΠΑΝ. ΔΥΤ. ΜΑΚ.,421
ΛΟΓΙΣΤΙΚΗΣ ΚΑΙ ΧΡΗΜΑΤΟΟΙΚΟΝΟΜΙΚΗΣ,ΠΑΝ. ΔΥΤ. ΜΑΚ.,ΠΑΝ. ΘΕΣΣΑΛΙΑΣ,969
ΟΙΚΟΝΟΜΙΚΩΝ ΕΠΙΣΤΗΜΩΝ,ΠΑΝ. ΔΥΤ. ΜΑΚ.,Δ.Π.Θ.,735
ΟΙΚΟΝΟΜΙΚΩΝ ΕΠΙΣΤΗΜΩΝ,ΔΙ.ΠΑ.Ε.,Δ.Π.Θ.,776
ΒΙΟΛΟΓΙΑΣ,ΠΑΝ. ΚΡΗΤΗΣ,Ε.Κ.Π.Α.,315
ΒΙΟΛΟΓΙΑΣ,ΠΑΝ. ΠΑΤΡΩΝ,Ε.Κ.Π.Α.,379
ΝΟΣΗΛΕΥΤΙΚΗΣ,ΠΑΝ. ΠΕΛ/ΝΗΣΟΥ,ΠΑΝ. ΙΩΑΝΝΙΝΩΝ,400
ΦΑΡΜΑΚΕΥΤΙΚΗΣ,ΠΑΝ. ΠΑΤΡΩΝ,Ε.Κ.Π.Α.,528
ΦΥΣΙΚΟΘΕΡΑΠΕΙΑΣ,ΠΑΝ. ΠΑΤΡΩΝ,ΠΑΝ. ΔΥΤ. ΑΤΤΙΚΗΣ,446
ΔΙΟΙΚΗΤΙΚΗΣ ΕΠΙΣΤΗΜΗΣ ΚΑΙ ΤΕΧΝΟΛΟΓΙΑΣ,ΠΑΝ. ΠΕΛ/ΝΗΣΟΥ,ΠΑΝ. ΠΑΤΡΩΝ,197
ΕΠΙΣΤΗΜΗΣ ΚΑΙ ΤΕΧΝΟΛΟΓΙΑΣ ΤΡΟΦΙΜΩΝ,ΠΑΝ. ΠΑΤΡΩΝ,ΔΙ.ΠΑ.Ε.,171
ΜΗΧΑΝΟΛΟΓΩΝ ΜΗΧΑΝΙΚΩΝ,ΕΛ.ΜΕ.ΠΑ.,ΔΙ.ΠΑ.Ε.,898
ΠΟΛΙΤΙΚΩΝ ΜΗΧΑΝΙΚΩΝ,ΠΑΝ. ΠΕΛ/ΝΗΣΟΥ,ΔΙ.ΠΑ.Ε.,552
ΠΟΛΙΤΙΚΩΝ ΜΗΧΑΝΙΚΩΝ,ΠΑΝ. ΠΕΛ/ΝΗΣΟΥ,Δ.Π.Θ.,192
ΠΟΛΙΤΙΚΩΝ ΜΗΧΑΝΙΚΩΝ,ΔΙ.ΠΑ.Ε.,Δ.Π.Θ.,148
ΔΙΟΙΚΗΣΗΣ ΕΠΙΧΕΙΡΗΣΕΩΝ,ΠΑΝ. ΔΥΤ. ΜΑΚ.,ΠΑΝ. ΑΙΓΑΙΟΥ,649
ΓΕΩΠΟΝΙΑΣ,ΠΑΝ. ΠΕΛ/ΝΗΣΟΥ,ΔΙ.ΠΑ.Ε.,188
ΜΑΘΗΜΑΤΙΚΩΝ,ΠΑΝ. ΠΑΤΡΩΝ,ΠΑΝ. ΑΙΓΑΙΟΥ,795
ΜΑΘΗΜΑΤΙΚΩΝ,ΠΑΝ. ΘΕΣΣΑΛΙΑΣ,ΠΑΝ. ΑΙΓΑΙΟΥ,572
ΜΗΧΑΝΙΚΩΝ ΤΟΠΟΓΡΑΦΙΑΣ ΚΑΙ ΓΕΩΠΛΗΡΟΦΟΡΙΚΗΣ,ΠΑΝ. ΔΥΤ. ΑΤΤΙΚΗΣ,ΔΙ.ΠΑ.Ε.,419
ΠΛΗΡΟΦΟΡΙΚΗΣ ΚΑΙ ΤΗΛΕΠΙΚΟΙΝΩΝΙΩΝ,ΠΑΝ. ΠΕΛ/ΝΗΣΟΥ,ΠΑΝ. ΘΕΣΣΑΛΙΑΣ,660
ΠΟΛΙΤΙΚΩΝ ΜΗΧΑΝΙΚΩΝ,Δ.Π.Θ.,ΔΙ.ΠΑ.Ε.,927
ΠΑΙΔΑΓΩΓΙΚΟ ΔΗΜΟΤΙΚΗΣ ΕΚΠΑΙΔΕΥΣΗΣ,ΠΑΝ. ΔΥΤ. ΜΑΚ.,ΠΑΝ. ΙΩΑΝΝΙΝΩΝ,554
ΑΡΧΙΤΕΚΤΟΝΩΝ ΜΗΧΑΝΙΚΩΝ,Ε.Μ.Π.,Α.Π.Θ.,254
ΑΡΧΙΤΕΚΤΟΝΩΝ ΜΗΧΑΝΙΚΩΝ,Α.Π.Θ.,ΠΑΝ. ΙΩΑΝΝΙΝΩΝ,317
ΑΡΧΙΤΕΚΤΟΝΩΝ ΜΗΧΑΝΙΚΩΝ,Α.Π.Θ.,ΠΟΛ/ΧΝΕΙΟ ΚΡΗΤΗΣ,297
ΑΡΧΙΤΕΚΤΟΝΩΝ ΜΗΧΑΝΙΚΩΝ,Α.Π.Θ.,ΠΑΝ. ΘΕΣΣΑΛΙΑΣ,331
ΑΡΧΙΤΕΚΤΟΝΩΝ ΜΗΧΑΝΙΚΩΝ,Α.Π.Θ.,Δ.Π.Θ.,329
ΑΡΧΙΤΕΚΤΟΝΩΝ ΜΗΧΑΝΙΚΩΝ,ΠΑΝ. ΙΩΑΝΝΙΝΩΝ,ΠΟΛ/ΧΝΕΙΟ ΚΡΗΤΗΣ,349
ΑΡΧΙΤΕΚΤΟΝΩΝ ΜΗΧΑΝΙΚΩΝ,ΠΑΝ. ΙΩΑΝΝΙΝΩΝ,ΠΑΝ. ΘΕΣΣΑΛΙΑΣ,231
ΑΡΧΙΤΕΚΤΟΝΩΝ ΜΗΧΑΝΙΚΩΝ,ΠΟΛ/ΧΝΕΙΟ ΚΡΗΤΗΣ,ΠΑΝ. ΘΕΣΣΑΛΙΑΣ,135
ΕΣΩΤΕΡΙΚΗΣ ΑΡΧΙΤΕΚΤΟΝΙΚΗΣ,ΠΑΝ. ΔΥΤ. ΑΤΤΙΚΗΣ,ΔΙ.ΠΑ.Ε.,234
ΨΥΧΟΛΟΓΙΑΣ,ΠΑΝΤΕΙΟ,Α.Π.Θ.,962
ΘΕΟΛΟΓΙΑΣ,Ε.Κ.Π.Α.,Α.Π.Θ.,622
ΙΣΤΟΡΙΑΣ ΚΑΙ ΑΡΧΑΙΟΛΟΓΙΑΣ,ΠΑΝ. ΙΩΑΝΝΙΝΩΝ,ΠΑΝ. ΚΡΗΤΗΣ,1007
ΠΟΛΙΤΙΚΗΣ ΕΠΙΣΤΗΜΗΣ,Δ.Π.Θ.,ΠΑΝ. ΚΡΗΤΗΣ,1106
ΦΙΛΟΛΟΓΙΑΣ,ΠΑΝ. ΠΕΛ/ΝΗΣΟΥ,ΠΑΝ. ΙΩΑΝΝΙΝΩΝ,313
ΓΑΛΛΙΚΗΣ ΓΛΩΣΣΑΣ ΚΑΙ ΦΙΛΟΛΟΓΙΑΣ,Α.Π.Θ.,Ε.Κ.Π.Α.,25
ΦΙΛΟΛΟΓΙΑΣ,ΠΑΝ. ΠΑΤΡΩΝ,Α.Π.Θ.,241
ΦΙΛΟΛΟΓΙΑΣ,Α.Π.Θ.,ΠΑΝ. ΙΩΑΝΝΙΝΩΝ,1221
ΦΙΛΟΛΟΓΙΑΣ,Α.Π.Θ.,ΠΑΝ. ΚΡΗΤΗΣ,717
ΛΟΓΙΣΤΙΚΗΣ ΚΑΙ ΧΡΗΜΑΤΟΟΙΚΟΝΟΜΙΚΗΣ,ΕΛ.ΜΕ.ΠΑ.,ΠΑ. ΜΑΚ.,93
ΛΟΓΙΣΤΙΚΗΣ ΚΑΙ ΧΡΗΜΑΤΟΟΙΚΟΝΟΜΙΚΗΣ,ΕΛ.ΜΕ.ΠΑ.,Ο.Π.Α.,61
ΛΟΓΙΣΤΙΚΗΣ ΚΑΙ ΧΡΗΜΑΤΟΟΙΚΟΝΟΜΙΚΗΣ,ΕΛ.ΜΕ.ΠΑ.,ΠΑΝ. ΔΥΤ. ΑΤΤΙΚΗΣ,99
ΛΟΓΙΣΤΙΚΗΣ ΚΑΙ ΧΡΗΜΑΤΟΟΙΚΟΝΟΜΙΚΗΣ,ΠΑ. ΜΑΚ.,Ο.Π.Α.,355
ΛΟΓΙΣΤΙΚΗΣ ΚΑΙ ΧΡΗΜΑΤΟΟΙΚΟΝΟΜΙΚΗΣ,ΠΑ. ΜΑΚ.,ΠΑΝ. ΔΥΤ. ΑΤΤΙΚΗΣ,391
ΛΟΓΙΣΤΙΚΗΣ ΚΑΙ ΧΡΗΜΑΤΟΟΙΚΟΝΟΜΙΚΗΣ,ΠΑ. ΜΑΚ.,ΠΑΝ. ΠΕΛ/ΝΗΣΟΥ,402
ΛΟΓΙΣΤΙΚΗΣ ΚΑΙ ΧΡΗΜΑΤΟΟΙΚΟΝΟΜΙΚΗΣ,Ο.Π.Α.,ΠΑΝ. ΘΕΣΣΑΛΙΑΣ,417
ΛΟΓΙΣΤΙΚΗΣ ΚΑΙ ΧΡΗΜΑΤΟΟΙΚΟΝΟΜΙΚΗΣ,Ο.Π.Α.,ΠΑΝ. ΠΕΛ/ΝΗΣΟΥ,455
ΛΟΓΙΣΤΙΚΗΣ ΚΑΙ ΧΡΗΜΑΤΟΟΙΚΟΝΟΜΙΚΗΣ,Ο.Π.Α.,ΠΑΝ. ΔΥΤ. ΜΑΚ.,315
ΛΟΓΙΣΤΙΚΗΣ ΚΑΙ ΧΡΗΜΑΤΟΟΙΚΟΝΟΜΙΚΗΣ,ΠΑΝ. ΔΥΤ. ΑΤΤΙΚΗΣ,ΠΑΝ. ΘΕΣΣΑΛΙΑΣ,467
ΛΟΓΙΣΤΙΚΗΣ ΚΑΙ ΧΡΗΜΑΤΟΟΙΚΟΝΟΜΙΚΗΣ,ΠΑΝ. ΔΥΤ. ΑΤΤΙΚΗΣ,ΠΑΝ. ΠΕΛ/ΝΗΣΟΥ,567
ΛΟΓΙΣΤΙΚΗΣ ΚΑΙ ΧΡΗΜΑΤΟΟΙΚΟΝΟΜΙΚΗΣ,ΠΑΝ. ΔΥΤ. ΑΤΤΙΚΗΣ,ΠΑΝ. ΔΥΤ. ΜΑΚ.,329
ΟΙΚΟΝΟΜΙΚΩΝ ΕΠΙΣΤΗΜΩΝ,ΠΑΝ. ΚΡΗΤΗΣ,Ε.Κ.Π.Α.,127
ΟΙΚΟΝΟΜΙΚΩΝ ΕΠΙΣΤΗΜΩΝ,ΠΑΝ. ΚΡΗΤΗΣ,ΠΑ. ΜΑΚ.,109
ΟΙΚΟΝΟΜΙΚΩΝ ΕΠΙΣΤΗΜΩΝ,Α.Π.Θ.,ΠΑΝ. ΔΥΤ. ΜΑΚ.,811
ΟΙΚΟΝΟΜΙΚΩΝ ΕΠΙΣΤΗΜΩΝ,Ε.Κ.Π.Α.,ΔΙ.ΠΑ.Ε.,479
ΟΙΚΟΝΟΜΙΚΩΝ ΕΠΙΣΤΗΜΩΝ,Ε.Κ.Π.Α.,ΠΑΝ. ΔΥΤ. ΜΑΚ.,475
ΟΙΚΟΝΟΜΙΚΩΝ ΕΠΙΣΤΗΜΩΝ,ΠΑΝ. ΘΕΣΣΑΛΙΑΣ,ΠΑ. ΜΑΚ.,298
ΟΙΚΟΝΟΜΙΚΩΝ ΕΠΙΣΤΗΜΩΝ,ΠΑ. ΜΑΚ.,ΠΑΝ. ΔΥΤ. ΜΑΚ.,764
ΟΙΚΟΝΟΜΙΚΩΝ ΕΠΙΣΤΗΜΩΝ,ΠΑΝ. ΠΑΤΡΩΝ,ΔΙ.ΠΑ.Ε.,622
ΟΙΚΟΝΟΜΙΚΩΝ ΕΠΙΣΤΗΜΩΝ,ΠΑΝ. ΠΑΤΡΩΝ,ΠΑΝ. ΔΥΤ. ΜΑΚ.,508
ΦΥΣΙΚΗΣ,ΠΑΝ. ΘΕΣΣΑΛΙΑΣ,ΠΑΝ. ΙΩΑΝΝΙΝΩΝ,197
ΗΛΕΚΤΡΟΛΟΓΩΝ ΜΗΧΑΝΙΚΩΝ ΚΑΙ ΜΗΧΑΝΙΚΩΝ ΥΠΟΛΟΓΙΣΤΩΝ,Α.Π.Θ.,ΠΑΝ. ΠΕΛ/ΝΗΣΟΥ,461
ΗΛΕΚΤΡΟΛΟΓΩΝ ΜΗΧΑΝΙΚΩΝ ΚΑΙ ΜΗΧΑΝΙΚΩΝ ΥΠΟΛΟΓΙΣΤΩΝ,Α.Π.Θ.,ΕΛ.ΜΕ.ΠΑ.,490
ΗΛΕΚΤΡΟΛΟΓΩΝ ΜΗΧΑΝΙΚΩΝ ΚΑΙ ΜΗΧΑΝΙΚΩΝ ΥΠΟΛΟΓΙΣΤΩΝ,Δ.Π.Θ.,ΠΑΝ. ΠΕΛ/ΝΗΣΟΥ,385
ΗΛΕΚΤΡΟΛΟΓΩΝ ΜΗΧΑΝΙΚΩΝ ΚΑΙ ΜΗΧΑΝΙΚΩΝ ΥΠΟΛΟΓΙΣΤΩΝ,Δ.Π.Θ.,ΕΛ.ΜΕ.ΠΑ.,427
ΨΗΦΙΑΚΩΝ ΣΥΣΤΗΜΑΤΩΝ,ΠΑΝ. ΘΕΣΣΑΛΙΑΣ,ΠΑΝ. ΠΕΙΡΑΙΑ,309
ΦΙΛΟΣΟΦΙΑΣ,ΠΑΝ. ΙΩΑΝΝΙΝΩΝ,ΠΑΝ. ΠΑΤΡΩΝ,1011
ΔΙΟΙΚΗΣΗΣ ΕΠΙΧΕΙΡΗΣΕΩΝ ΚΑΙ ΟΡΓΑΝΙΣΜΩΝ,Ε.Κ.Π.Α.,ΠΑΝ. ΠΕΛ/ΝΗΣΟΥ,462
ΚΟΙΝΩΝΙΚΗΣ ΕΡΓΑΣΙΑΣ,ΕΛ.ΜΕ.ΠΑ.,Δ.Π.Θ.,341
ΚΟΙΝΩΝΙΚΗΣ ΕΡΓΑΣΙΑΣ,Δ.Π.Θ.,ΠΑΝ. ΔΥΤ. ΑΤΤΙΚΗΣ,241
ΚΟΙΝΩΝΙΟΛΟΓΙΑΣ,Ε.Κ.Π.Α.,ΠΑΝ. ΑΙΓΑΙΟΥ,635
ΠΑΙΔΑΓΩΓΙΚΟ ΔΗΜΟΤΙΚΗΣ ΕΚΠΑΙΔΕΥΣΗΣ,ΠΑΝ. ΚΡΗΤΗΣ,Ε.Κ.Π.Α.,252
ΠΑΙΔΑΓΩΓΙΚΟ ΔΗΜΟΤΙΚΗΣ ΕΚΠΑΙΔΕΥΣΗΣ,ΠΑΝ. ΔΥΤ. ΜΑΚ.,Ε.Κ.Π.Α.,255
ΦΙΛΟΛΟΓΙΑΣ,Α.Π.Θ.,Ε.Κ.Π.Α.,361
ΦΙΛΟΛΟΓΙΑΣ,ΠΑΝ. ΙΩΑΝΝΙΝΩΝ,Ε.Κ.Π.Α.,180
ΦΙΛΟΛΟΓΙΑΣ,ΠΑΝ. ΚΡΗΤΗΣ,Ε.Κ.Π.Α.,63
ΨΥΧΟΛΟΓΙΑΣ,ΠΑΝ. ΙΩΑΝΝΙΝΩΝ,ΠΑΝΤΕΙΟ,496
ΨΥΧΟΛΟΓΙΑΣ,ΠΑΝ. ΙΩΑΝΝΙΝΩΝ,Ε.Κ.Π.Α.,422
ΨΥΧΟΛΟΓΙΑΣ,ΠΑΝΤΕΙΟ,Ε.Κ.Π.Α.,756
ΠΟΛΙΤΙΚΩΝ ΜΗΧΑΝΙΚΩΝ,ΠΑΝ. ΘΕΣΣΑΛΙΑΣ,ΔΙ.ΠΑ.Ε.,575
ΟΙΚΟΝΟΜΙΚΩΝ ΕΠΙΣΤΗΜΩΝ,ΠΑΝ. ΘΕΣΣΑΛΙΑΣ,Α.Π.Θ.,319
ΔΙΕΘΝΩΝ ΚΑΙ ΕΥΡΩΠΑΪΚΩΝ ΣΠΟΥΔΩΝ,ΠΑΝ. ΠΕΙΡΑΙΑ,ΠΑ. ΜΑΚ.,366
ΙΣΤΟΡΙΑΣ ΚΑΙ ΑΡΧΑΙΟΛΟΓΙΑΣ,Α.Π.Θ.,ΠΑΝ. ΙΩΑΝΝΙΝΩΝ,745
ΙΣΤΟΡΙΑΣ ΚΑΙ ΑΡΧΑΙΟΛΟΓΙΑΣ,Α.Π.Θ.,ΠΑΝ. ΚΡΗΤΗΣ,409
ΠΟΛΙΤΙΚΩΝ ΜΗΧΑΝΙΚΩΝ,ΠΑΝ. ΔΥΤ. ΑΤΤΙΚΗΣ,ΠΑΝ. ΠΕΛ/ΝΗΣΟΥ,374
ΜΟΥΣΙΚΩΝ ΣΠΟΥΔΩΝ,Α.Π.Θ.,ΙΟΝΙΟ ΠΑΝ/ΜΙΟ,260
ΜΟΥΣΙΚΩΝ ΣΠΟΥΔΩΝ,ΙΟΝΙΟ ΠΑΝ/ΜΙΟ,Ε.Κ.Π.Α.,137
ΔΙΟΙΚΗΣΗΣ ΕΠΙΧΕΙΡΗΣΕΩΝ,ΠΑΝ. ΔΥΤ. ΑΤΤΙΚΗΣ,ΠΑΝ. ΘΕΣΣΑΛΙΑΣ,563
ΔΙΟΙΚΗΣΗΣ ΕΠΙΧΕΙΡΗΣΕΩΝ,ΠΑΝ. ΘΕΣΣΑΛΙΑΣ,ΠΑΝ. ΠΑΤΡΩΝ,422
ΜΑΘΗΜΑΤΙΚΩΝ,Α.Π.Θ.,ΠΑΝ. ΙΩΑΝΝΙΝΩΝ,308
ΝΟΜΙΚΗΣ,Α.Π.Θ.,Ε.Κ.Π.Α.,424
ΝΟΜΙΚΗΣ,Δ.Π.Θ.,Ε.Κ.Π.Α.,267
ΨΥΧΟΛΟΓΙΑΣ,ΠΑΝ. ΔΥΤ. ΜΑΚ.,ΠΑΝ. ΚΡΗΤΗΣ,210
ΨΥΧΟΛΟΓΙΑΣ,ΠΑΝ. ΔΥΤ. ΜΑΚ.,ΠΑΝΤΕΙΟ,206
ΨΥΧΟΛΟΓΙΑΣ,ΠΑΝ. ΔΥΤ. ΜΑΚ.,Ε.Κ.Π.Α.,197
ΨΥΧΟΛΟΓΙΑΣ,ΠΑΝ. ΚΡΗΤΗΣ,ΠΑΝΤΕΙΟ,232
ΨΥΧΟΛΟΓΙΑΣ,ΠΑΝ. ΚΡΗΤΗΣ,Ε.Κ.Π.Α.,197
ΨΥΧΟΛΟΓΙΑΣ,Δ.Π.Θ.,ΠΑΝΤΕΙΟ,62
ΨΥΧΟΛΟΓΙΑΣ,Δ.Π.Θ.,Ε.Κ.Π.Α.,60
ΠΟΛΙΤΙΚΩΝ ΜΗΧΑΝΙΚΩΝ,Α.Π.Θ.,ΠΑΝ. ΠΑΤΡΩΝ,469
ΠΟΛΙΤΙΚΩΝ ΜΗΧΑΝΙΚΩΝ,Α.Π.Θ.,ΠΑΝ. ΘΕΣΣΑΛΙΑΣ,605
ΠΟΛΙΤΙΚΩΝ ΜΗΧΑΝΙΚΩΝ,Α.Π.Θ.,Ε.Μ.Π.,143
ΠΟΛΙΤΙΚΩΝ ΜΗΧΑΝΙΚΩΝ,ΠΑΝ. ΠΑΤΡΩΝ,ΠΑΝ. ΘΕΣΣΑΛΙΑΣ,434
ΠΟΛΙΤΙΚΩΝ ΜΗΧΑΝΙΚΩΝ,ΠΑΝ. ΠΑΤΡΩΝ,Ε.Μ.Π.,66
ΠΟΛΙΤΙΚΩΝ ΜΗΧΑΝΙΚΩΝ,ΠΑΝ. ΘΕΣΣΑΛΙΑΣ,Ε.Μ.Π.,80
ΜΟΥΣΙΚΩΝ ΣΠΟΥΔΩΝ,Ε.Κ.Π.Α.,ΙΟΝΙΟ ΠΑΝ/ΜΙΟ,245
ΜΟΥΣΙΚΩΝ ΣΠΟΥΔΩΝ,Ε.Κ.Π.Α.,Α.Π.Θ.,219
ΜΟΥΣΙΚΩΝ ΣΠΟΥΔΩΝ,Ε.Κ.Π.Α.,ΠΑΝ. ΙΩΑΝΝΙΝΩΝ,102
ΜΟΥΣΙΚΩΝ ΣΠΟΥΔΩΝ,ΙΟΝΙΟ ΠΑΝ/ΜΙΟ,Α.Π.Θ.,147
ΜΟΥΣΙΚΩΝ ΣΠΟΥΔΩΝ,ΙΟΝΙΟ ΠΑΝ/ΜΙΟ,ΠΑΝ. ΙΩΑΝΝΙΝΩΝ,96
ΜΟΥΣΙΚΩΝ ΣΠΟΥΔΩΝ,Α.Π.Θ.,ΠΑΝ. ΙΩΑΝΝΙΝΩΝ,94
ΜΗΧΑΝΙΚΩΝ ΠΕΡΙΒΑΛΛΟΝΤΟΣ,Δ.Π.Θ.,ΔΙ.ΠΑ.Ε.,401
ΙΑΤΡΙΚΗΣ,ΠΑΝ. ΙΩΑΝΝΙΝΩΝ,Α.Π.Θ.,349
ΙΑΤΡΙΚΗΣ,ΠΑΝ. ΘΕΣΣΑΛΙΑΣ,Α.Π.Θ.,318
ΧΗΜΕΙΑΣ,ΠΑΝ. ΚΡΗΤΗΣ,Α.Π.Θ.,201
ΕΠΙΣΤΗΜΗΣ ΚΑΙ ΤΕΧΝΟΛΟΓΙΑΣ ΤΡΟΦΙΜΩΝ,ΠΑΝ. ΠΑΤΡΩΝ,ΠΑΝ. ΠΕΛ/ΝΗΣΟΥ,622
ΛΟΓΙΣΤΙΚΗΣ ΚΑΙ ΧΡΗΜΑΤΟΟΙΚΟΝΟΜΙΚΗΣ,ΠΑΝ. ΔΥΤ. ΑΤΤΙΚΗΣ,Ο.Π.Α.,184
ΛΟΓΙΣΤΙΚΗΣ ΚΑΙ ΧΡΗΜΑΤΟΟΙΚΟΝΟΜΙΚΗΣ,ΠΑΝ. ΔΥΤ. ΑΤΤΙΚΗΣ,ΠΑ. ΜΑΚ.,312
ΛΟΓΙΣΤΙΚΗΣ ΚΑΙ ΧΡΗΜΑΤΟΟΙΚΟΝΟΜΙΚΗΣ,Ο.Π.Α.,ΠΑ. ΜΑΚ.,524
ΟΙΚΟΝΟΜΙΚΩΝ ΕΠΙΣΤΗΜΩΝ,ΠΑΝ. ΠΑΤΡΩΝ,Δ.Π.Θ.,608
ΔΙΟΙΚΗΤΙΚΗΣ ΕΠΙΣΤΗΜΗΣ ΚΑΙ ΤΕΧΝΟΛΟΓΙΑΣ,ΠΑΝ. ΔΥΤ. ΜΑΚ.,ΠΑΝ. ΠΑΤΡΩΝ,349
ΔΙΟΙΚΗΤΙΚΗΣ ΕΠΙΣΤΗΜΗΣ ΚΑΙ ΤΕΧΝΟΛΟΓΙΑΣ,ΠΑΝ. ΔΥΤ. ΜΑΚ.,Ο.Π.Α.,137
ΔΙΟΙΚΗΤΙΚΗΣ ΕΠΙΣΤΗΜΗΣ ΚΑΙ ΤΕΧΝΟΛΟΓΙΑΣ,ΠΑΝ. ΠΑΤΡΩΝ,Ο.Π.Α.,180
ΔΙΟΙΚΗΤΙΚΗΣ ΕΠΙΣΤΗΜΗΣ ΚΑΙ ΤΕΧΝΟΛΟΓΙΑΣ,ΠΑΝ. ΠΕΛ/ΝΗΣΟΥ,Ο.Π.Α.,99
ΔΙΟΙΚΗΤΙΚΗΣ ΕΠΙΣΤΗΜΗΣ ΚΑΙ ΤΕΧΝΟΛΟΓΙΑΣ,ΕΛ.ΜΕ.ΠΑ.,Ο.Π.Α.,131
ΗΛΕΚΤΡΟΛΟΓΩΝ ΜΗΧΑΝΙΚΩΝ ΚΑΙ ΜΗΧΑΝΙΚΩΝ ΥΠΟΛΟΓΙΣΤΩΝ,ΕΛ.ΜΕ.ΠΑ.,Δ.Π.Θ.,238
ΗΛΕΚΤΡΟΛΟΓΩΝ ΜΗΧΑΝΙΚΩΝ ΚΑΙ ΜΗΧΑΝΙΚΩΝ ΥΠΟΛΟΓΙΣΤΩΝ,ΕΛ.ΜΕ.ΠΑ.,Ε.Μ.Π.,125
ΗΛΕΚΤΡΟΛΟΓΩΝ ΜΗΧΑΝΙΚΩΝ ΚΑΙ ΜΗΧΑΝΙΚΩΝ ΥΠΟΛΟΓΙΣΤΩΝ,Α.Π.Θ.,Ε.Μ.Π.,324
ΗΛΕΚΤΡΟΛΟΓΩΝ ΜΗΧΑΝΙΚΩΝ ΚΑΙ ΜΗΧΑΝΙΚΩΝ ΥΠΟΛΟΓΙΣΤΩΝ,Δ.Π.Θ.,Ε.Μ.Π.,184
ΗΛΕΚΤΡΟΛΟΓΩΝ ΜΗΧΑΝΙΚΩΝ ΚΑΙ ΜΗΧΑΝΙΚΩΝ ΥΠΟΛΟΓΙΣΤΩΝ,ΠΑΝ. ΘΕΣΣΑΛΙΑΣ,Ε.Μ.Π.,220
ΗΛΕΚΤΡΟΛΟΓΩΝ ΜΗΧΑΝΙΚΩΝ ΚΑΙ ΜΗΧΑΝΙΚΩΝ ΥΠΟΛΟΓΙΣΤΩΝ,ΠΑΝ. ΔΥΤ. ΜΑΚ.,Ε.Μ.Π.,165
ΗΛΕΚΤΡΟΛΟΓΩΝ ΜΗΧΑΝΙΚΩΝ ΚΑΙ ΜΗΧΑΝΙΚΩΝ ΥΠΟΛΟΓΙΣΤΩΝ,ΠΑΝ. ΠΕΛ/ΝΗΣΟΥ,Ε.Μ.Π.,156
ΗΛΕΚΤΡΟΛΟΓΩΝ ΜΗΧΑΝΙΚΩΝ ΚΑΙ ΜΗΧΑΝΙΚΩΝ ΥΠΟΛΟΓΙΣΤΩΝ,ΠΟΛ/ΧΝΕΙΟ ΚΡΗΤΗΣ,Ε.Μ.Π.,135
ΠΛΗΡΟΦΟΡΙΚΗΣ,ΠΑΝ. ΔΥΤ. ΜΑΚ.,Ο.Π.Α.,198
ΠΛΗΡΟΦΟΡΙΚΗΣ,ΠΑΝ. ΔΥΤ. ΜΑΚ.,ΠΑΝ. ΠΕΙΡΑΙΑ,345
ΠΛΗΡΟΦΟΡΙΚΗΣ,ΙΟΝΙΟ ΠΑΝ/ΜΙΟ,Ο.Π.Α.,182
ΠΛΗΡΟΦΟΡΙΚΗΣ,ΙΟΝΙΟ ΠΑΝ/ΜΙΟ,ΠΑΝ. ΠΕΙΡΑΙΑ,324
ΔΙΟΙΚΗΣΗΣ ΕΠΙΧΕΙΡΗΣΕΩΝ,ΠΑΝ. ΔΥΤ. ΑΤΤΙΚΗΣ,ΠΑ. ΜΑΚ.,328
ΔΙΟΙΚΗΣΗΣ ΕΠΙΧΕΙΡΗΣΕΩΝ,ΠΑΝ. ΔΥΤ. ΑΤΤΙΚΗΣ,ΔΙ.ΠΑ.Ε.,280
ΔΙΟΙΚΗΣΗΣ ΕΠΙΧΕΙΡΗΣΕΩΝ,ΠΑ. ΜΑΚ.,ΠΑΝ. ΠΕΙΡΑΙΑ,554
ΔΙΟΙΚΗΣΗΣ ΕΠΙΧΕΙΡΗΣΕΩΝ,ΠΑΝ. ΠΕΙΡΑΙΑ,ΔΙ.ΠΑ.Ε.,345
ΓΕΩΛΟΓΙΑΣ,Α.Π.Θ.,ΠΑΝ. ΠΑΤΡΩΝ,309
ΜΑΘΗΜΑΤΙΚΩΝ,ΠΑΝ. ΑΙΓΑΙΟΥ,ΠΑΝ. ΔΥΤ. ΜΑΚ.,192
ΠΟΛΙΤΙΚΩΝ ΜΗΧΑΝΙΚΩΝ,ΔΙ.ΠΑ.Ε.,ΠΑΝ. ΠΕΛ/ΝΗΣΟΥ,464
ΦΙΛΟΣΟΦΙΑΣ,ΠΑΝ. ΠΑΤΡΩΝ,Ε.Κ.Π.Α.,110
ΦΙΛΟΣΟΦΙΑΣ,Ε.Κ.Π.Α.,ΠΑΝ. ΙΩΑΝΝΙΝΩΝ,508
ΕΠΙΣΤΗΜΗΣ ΦΥΣΙΚΗΣ ΑΓΩΓΗΣ ΚΑΙ ΑΘΛΗΤΙΣΜΟΥ,Α.Π.Θ.,Ε.Κ.Π.Α.,837
ΕΠΙΣΤΗΜΗΣ ΦΥΣΙΚΗΣ ΑΓΩΓΗΣ ΚΑΙ ΑΘΛΗΤΙΣΜΟΥ,ΠΑΝ. ΘΕΣΣΑΛΙΑΣ,Ε.Κ.Π.Α.,240
ΕΠΙΣΤΗΜΗΣ ΦΥΣΙΚΗΣ ΑΓΩΓΗΣ ΚΑΙ ΑΘΛΗΤΙΣΜΟΥ,Δ.Π.Θ.,Ε.Κ.Π.Α.,464
ΙΑΤΡΙΚΗΣ,ΠΑΝ. ΠΑΤΡΩΝ,Ε.Κ.Π.Α.,450
ΙΑΤΡΙΚΗΣ,ΠΑΝ. ΚΡΗΤΗΣ,Ε.Κ.Π.Α.,350
ΧΗΜΕΙΑΣ,ΠΑΝ. ΚΡΗΤΗΣ,ΠΑΝ. ΙΩΑΝΝΙΝΩΝ,448
ΚΟΙΝΩΝΙΚΗΣ ΕΡΓΑΣΙΑΣ,ΠΑΝ. ΔΥΤ. ΑΤΤΙΚΗΣ,Δ.Π.Θ.,596
ΚΟΙΝΩΝΙΚΗΣ ΕΡΓΑΣΙΑΣ,Δ.Π.Θ.,ΕΛ.ΜΕ.ΠΑ.,493
ΕΠΙΣΤΗΜΗΣ ΤΡΟΦΙΜΩΝ ΚΑΙ ΔΙΑΤΡΟΦΗΣ,ΠΑΝ. ΑΙΓΑΙΟΥ,ΠΑΝ. ΘΕΣΣΑΛΙΑΣ,145
ΨΥΧΟΛΟΓΙΑΣ,ΠΑΝ. ΚΡΗΤΗΣ,ΠΑΝ. ΙΩΑΝΝΙΝΩΝ,439
ΨΥΧΟΛΟΓΙΑΣ,ΠΑΝ. ΚΡΗΤΗΣ,Α.Π.Θ.,163
ΨΥΧΟΛΟΓΙΑΣ,ΠΑΝ. ΙΩΑΝΝΙΝΩΝ,Α.Π.Θ.,192
ΜΗΧΑΝΙΚΩΝ ΠΑΡΑΓΩΓΗΣ ΚΑΙ ΔΙΟΙΚΗΣΗΣ,ΠΟΛ/ΧΝΕΙΟ ΚΡΗΤΗΣ,ΔΙ.ΠΑ.Ε.,258
ΕΠΙΣΤΗΜΗΣ ΦΥΣΙΚΗΣ ΑΓΩΓΗΣ ΚΑΙ ΑΘΛΗΤΙΣΜΟΥ,Δ.Π.Θ.,ΠΑΝ. ΘΕΣΣΑΛΙΑΣ,575
ΨΥΧΟΛΟΓΙΑΣ,Δ.Π.Θ.,Α.Π.Θ.,60
ΨΥΧΟΛΟΓΙΑΣ,Δ.Π.Θ.,ΠΑΝ. ΔΥΤ. ΜΑΚ.,158
ΟΙΚΟΝΟΜΙΚΩΝ ΕΠΙΣΤΗΜΩΝ,Ε.Κ.Π.Α.,Δ.Π.Θ.,573
ΟΙΚΟΝΟΜΙΚΩΝ ΕΠΙΣΤΗΜΩΝ,ΔΙ.ΠΑ.Ε.,ΠΑΝ. ΙΩΑΝΝΙΝΩΝ,446
ΠΛΗΡΟΦΟΡΙΚΗΣ,ΙΟΝΙΟ ΠΑΝ/ΜΙΟ,Α.Π.Θ.,148
ΕΠΙΣΤΗΜΗΣ ΚΑΙ ΤΕΧΝΟΛΟΓΙΑΣ ΤΡΟΦΙΜΩΝ,ΠΑΝ. ΠΕΛ/ΝΗΣΟΥ,ΔΙ.ΠΑ.Ε.,273
ΜΗΧΑΝΙΚΩΝ ΗΛΕΚΤΡΟΝΙΚΩΝ ΥΠΟΛΟΓΙΣΤΩΝ ΚΑΙ ΠΛΗΡΟΦΟΡΙΚΗΣ,ΠΑΝ. ΠΑΤΡΩΝ,ΠΑΝ. ΙΩΑΝΝΙΝΩΝ,376
ΠΑΙΔΑΓΩΓΙΚΟ ΔΗΜΟΤΙΚΗΣ ΕΚΠΑΙΔΕΥΣΗΣ,ΠΑΝ. ΔΥΤ. ΜΑΚ.,Α.Π.Θ.,632
ΔΙΟΙΚΗΣΗΣ ΕΠΙΧΕΙΡΗΣΕΩΝ,ΠΑ. ΜΑΚ.,Ο.Π.Α.,457
ΔΙΟΙΚΗΣΗΣ ΕΠΙΧΕΙΡΗΣΕΩΝ,ΠΑΝ. ΘΕΣΣΑΛΙΑΣ,Ο.Π.Α.,149
ΟΙΚΟΝΟΜΙΚΩΝ ΕΠΙΣΤΗΜΩΝ,Δ.Π.Θ.,ΠΑ. ΜΑΚ.,120
ΟΙΚΟΝΟΜΙΚΩΝ ΕΠΙΣΤΗΜΩΝ,Δ.Π.Θ.,ΠΑΝ. ΠΑΤΡΩΝ,404
ΙΣΤΟΡΙΑΣ ΚΑΙ ΑΡΧΑΙΟΛΟΓΙΑΣ,Ε.Κ.Π.Α.,Α.Π.Θ.,363
ΙΣΤΟΡΙΑΣ ΚΑΙ ΑΡΧΑΙΟΛΟΓΙΑΣ,Ε.Κ.Π.Α.,ΠΑΝ. ΚΡΗΤΗΣ,551
ΦΙΛΟΛΟΓΙΑΣ,ΠΑΝ. ΠΑΤΡΩΝ,Ε.Κ.Π.Α.,115
ΦΙΛΟΛΟΓΙΑΣ,Ε.Κ.Π.Α.,ΠΑΝ. ΙΩΑΝΝΙΝΩΝ,612
ΦΙΛΟΛΟΓΙΑΣ,Ε.Κ.Π.Α.,ΠΑΝ. ΚΡΗΤΗΣ,489
ΦΙΛΟΛΟΓΙΑΣ,ΠΑΝ. ΠΕΛ/ΝΗΣΟΥ,Α.Π.Θ.,105
ΑΡΧΙΤΕΚΤΟΝΩΝ ΜΗΧΑΝΙΚΩΝ,Δ.Π.Θ.,ΠΟΛ/ΧΝΕΙΟ ΚΡΗΤΗΣ,234
ΜΑΘΗΜΑΤΙΚΩΝ,ΠΑΝ. ΔΥΤ. ΜΑΚ.,ΠΑΝ. ΠΑΤΡΩΝ,136
ΜΑΘΗΜΑΤΙΚΩΝ,ΠΑΝ. ΔΥΤ. ΜΑΚ.,ΠΑΝ. ΘΕΣΣΑΛΙΑΣ,246
ΠΟΛΙΤΙΚΩΝ ΜΗΧΑΝΙΚΩΝ,ΠΑΝ. ΘΕΣΣΑΛΙΑΣ,ΠΑΝ. ΠΕΛ/ΝΗΣΟΥ,362
ΠΟΛΙΤΙΚΩΝ ΜΗΧΑΝΙΚΩΝ,Δ.Π.Θ.,ΠΑΝ. ΠΕΛ/ΝΗΣΟΥ,493
ΠΟΛΙΤΙΚΩΝ ΜΗΧΑΝΙΚΩΝ,ΔΙ.ΠΑ.Ε.,ΠΑΝ. ΔΥΤ. ΑΤΤΙΚΗΣ,111
ΠΟΛΙΤΙΚΩΝ ΜΗΧΑΝΙΚΩΝ,Δ.Π.Θ.,ΠΑΝ. ΘΕΣΣΑΛΙΑΣ,287
ΓΕΩΓΡΑΦΙΑΣ,ΠΑΝ. ΑΙΓΑΙΟΥ,ΧΑΡΟΚΟΠΕΙΟ,44
ΕΠΙΣΤΗΜΗΣ ΚΑΙ ΤΕΧΝΟΛΟΓΙΑΣ ΤΡΟΦΙΜΩΝ,ΙΟΝΙΟ ΠΑΝ/ΜΙΟ,ΔΙ.ΠΑ.Ε.,135
ΜΑΘΗΜΑΤΙΚΩΝ,ΠΑΝ. ΙΩΑΝΝΙΝΩΝ,ΠΑΝ. ΠΑΤΡΩΝ,325
ΜΑΘΗΜΑΤΙΚΩΝ,ΠΑΝ. ΙΩΑΝΝΙΝΩΝ,ΠΑΝ. ΑΙΓΑΙΟΥ,318
ΜΑΘΗΜΑΤΙΚΩΝ,ΠΑΝ. ΔΥΤ. ΜΑΚ.,ΠΑΝ. ΑΙΓΑΙΟΥ,301
ΜΑΘΗΜΑΤΙΚΩΝ,ΠΑΝ. ΘΕΣΣΑΛΙΑΣ,ΠΑΝ. ΠΑΤΡΩΝ,208
ΠΟΛΙΤΙΚΩΝ ΜΗΧΑΝΙΚΩΝ,ΠΑΝ. ΔΥΤ. ΑΤΤΙΚΗΣ,ΔΙ.ΠΑ.Ε.,389
ΠΟΛΙΤΙΚΩΝ ΜΗΧΑΝΙΚΩΝ,ΠΑΝ. ΔΥΤ. ΑΤΤΙΚΗΣ,Δ.Π.Θ.,312
ΠΟΛΙΤΙΚΩΝ ΜΗΧΑΝΙΚΩΝ,ΠΑΝ. ΔΥΤ. ΑΤΤΙΚΗΣ,ΠΑΝ. ΘΕΣΣΑΛΙΑΣ,331
ΠΟΛΙΤΙΚΩΝ ΜΗΧΑΝΙΚΩΝ,ΔΙ.ΠΑ.Ε.,ΠΑΝ. ΘΕΣΣΑΛΙΑΣ,57
ΜΗΧΑΝΟΛΟΓΩΝ ΜΗΧΑΝΙΚΩΝ,ΠΑΝ. ΔΥΤ. ΜΑΚ.,Α.Π.Θ.,110
ΜΗΧΑΝΟΛΟΓΩΝ ΜΗΧΑΝΙΚΩΝ,ΔΙ.ΠΑ.Ε.,ΠΑΝ. ΘΕΣΣΑΛΙΑΣ,141
ΓΕΩΠΟΝΙΑΣ,ΠΑΝ. ΠΑΤΡΩΝ,ΔΙ.ΠΑ.Ε.,93
ΟΙΚΟΝΟΜΙΚΩΝ ΕΠΙΣΤΗΜΩΝ,ΠΑΝ. ΘΕΣΣΑΛΙΑΣ,Ε.Κ.Π.Α.,293
ΟΙΚΟΝΟΜΙΚΩΝ ΕΠΙΣΤΗΜΩΝ,ΠΑΝ. ΙΩΑΝΝΙΝΩΝ,Ε.Κ.Π.Α.,288
ΝΟΣΗΛΕΥΤΙΚΗΣ,ΠΑΝ. ΠΕΛ/ΝΗΣΟΥ,ΠΑΝ. ΔΥΤ. ΑΤΤΙΚΗΣ,260
ΦΥΣΙΚΟΘΕΡΑΠΕΙΑΣ,ΠΑΝ. ΠΕΛ/ΝΗΣΟΥ,ΠΑΝ. ΘΕΣΣΑΛΙΑΣ,288
ΦΙΛΟΣΟΦΙΑΣ,Ε.Κ.Π.Α.,ΠΑΝ. ΠΑΤΡΩΝ,650
ΗΛΕΚΤΡΟΛΟΓΩΝ ΜΗΧΑΝΙΚΩΝ ΚΑΙ ΜΗΧΑΝΙΚΩΝ ΥΠΟΛΟΓΙΣΤΩΝ,ΠΑΝ. ΠΕΛ/ΝΗΣΟΥ,Δ.Π.Θ.,267
ΔΙΟΙΚΗΣΗΣ ΕΠΙΧΕΙΡΗΣΕΩΝ,ΠΑΝ. ΠΕΙΡΑΙΑ,ΠΑΝ. ΑΙΓΑΙΟΥ,368
ΔΙΟΙΚΗΣΗΣ ΕΠΙΧΕΙΡΗΣΕΩΝ,ΠΑΝ. ΠΕΙΡΑΙΑ,ΠΑΝ. ΔΥΤ. ΜΑΚ.,235
ΔΙΟΙΚΗΣΗΣ ΕΠΙΧΕΙΡΗΣΕΩΝ,ΠΑΝ. ΔΥΤ. ΑΤΤΙΚΗΣ,ΠΑΝ. ΑΙΓΑΙΟΥ,421
ΔΙΟΙΚΗΣΗΣ ΕΠΙΧΕΙΡΗΣΕΩΝ,ΠΑΝ. ΔΥΤ. ΑΤΤΙΚΗΣ,ΠΑΝ. ΔΥΤ. ΜΑΚ.,240
ΔΙΟΙΚΗΣΗΣ ΕΠΙΧΕΙΡΗΣΕΩΝ,ΠΑ. ΜΑΚ.,ΠΑΝ. ΑΙΓΑΙΟΥ,371
ΔΙΟΙΚΗΣΗΣ ΕΠΙΧΕΙΡΗΣΕΩΝ,ΠΑ. ΜΑΚ.,ΠΑΝ. ΔΥΤ. ΜΑΚ.,383
ΓΕΩΠΟΝΙΑΣ,ΠΑΝ. ΔΥΤ. ΜΑΚ.,ΔΙ.ΠΑ.Ε.,165
ΟΙΚΟΝΟΜΙΚΩΝ ΕΠΙΣΤΗΜΩΝ,ΠΑΝ. ΔΥΤ. ΜΑΚ.,ΠΑΝ. ΚΡΗΤΗΣ,491
ΟΙΚΟΝΟΜΙΚΩΝ ΕΠΙΣΤΗΜΩΝ,Δ.Π.Θ.,ΠΑΝ. ΚΡΗΤΗΣ,753
ΠΟΛΙΤΙΚΩΝ ΜΗΧΑΝΙΚΩΝ,Ε.Μ.Π.,ΠΑΝ. ΔΥΤ. ΑΤΤΙΚΗΣ,383
ΦΥΣΙΚΟΘΕΡΑΠΕΙΑΣ,ΠΑΝ. ΠΕΛ/ΝΗΣΟΥ,ΠΑΝ. ΔΥΤ. ΑΤΤΙΚΗΣ,179
ΦΥΣΙΚΟΘΕΡΑΠΕΙΑΣ,ΠΑΝ. ΠΕΛ/ΝΗΣΟΥ,ΠΑΝ. ΠΑΤΡΩΝ,139
ΗΛΕΚΤΡΟΛΟΓΩΝ ΜΗΧΑΝΙΚΩΝ ΚΑΙ ΜΗΧΑΝΙΚΩΝ ΥΠΟΛΟΓΙΣΤΩΝ,ΠΑΝ. ΔΥΤ. ΜΑΚ.,ΠΑΝ. ΘΕΣΣΑΛΙΑΣ,314
ΠΛΗΡΟΦΟΡΙΚΗΣ,ΠΑΝ. ΔΥΤ. ΜΑΚ.,Α.Π.Θ.,152
ΠΛΗΡΟΦΟΡΙΚΗΣ ΚΑΙ ΤΗΛΕΠΙΚΟΙΝΩΝΙΩΝ,ΠΑΝ. ΙΩΑΝΝΙΝΩΝ,Ε.Κ.Π.Α.,154
ΠΛΗΡΟΦΟΡΙΚΗΣ ΚΑΙ ΤΗΛΕΠΙΚΟΙΝΩΝΙΩΝ,ΠΑΝ. ΠΕΛ/ΝΗΣΟΥ,Ε.Κ.Π.Α.,145
ΚΟΙΝΩΝΙΟΛΟΓΙΑΣ,ΠΑΝ. ΚΡΗΤΗΣ,ΠΑΝΤΕΙΟ,207
ΚΟΙΝΩΝΙΟΛΟΓΙΑΣ,ΠΑΝ. ΑΙΓΑΙΟΥ,ΠΑΝΤΕΙΟ,102
ΦΙΛΟΛΟΓΙΑΣ,ΠΑΝ. ΠΕΛ/ΝΗΣΟΥ,Ε.Κ.Π.Α.,46
ΨΥΧΟΛΟΓΙΑΣ,ΠΑΝ. ΔΥΤ. ΜΑΚ.,ΠΑΝ. ΙΩΑΝΝΙΝΩΝ,201
ΨΥΧΟΛΟΓΙΑΣ,ΠΑΝ. ΔΥΤ. ΜΑΚ.,Α.Π.Θ.,51
ΨΥΧΟΛΟΓΙΑΣ,Δ.Π.Θ.,ΠΑΝ. ΚΡΗΤΗΣ,127
ΦΥΣΙΚΗΣ,Α.Π.Θ.,ΠΑΝ. ΚΡΗΤΗΣ,281
ΑΓΡΟΝΟΜΩΝ ΚΑΙ ΤΟΠΟΓΡΑΦΩΝ ΜΗΧΑΝΙΚΩΝ,Ε.Μ.Π.,Α.Π.Θ.,137
ΗΛΕΚΤΡΟΛΟΓΩΝ ΜΗΧΑΝΙΚΩΝ ΚΑΙ ΜΗΧΑΝΙΚΩΝ ΥΠΟΛΟΓΙΣΤΩΝ,ΠΟΛ/ΧΝΕΙΟ ΚΡΗΤΗΣ,ΠΑΝ. ΠΕΛ/ΝΗΣΟΥ,299
ΗΛΕΚΤΡΟΛΟΓΩΝ ΜΗΧΑΝΙΚΩΝ ΚΑΙ ΜΗΧΑΝΙΚΩΝ ΥΠΟΛΟΓΙΣΤΩΝ,ΠΟΛ/ΧΝΕΙΟ ΚΡΗΤΗΣ,ΕΛ.ΜΕ.ΠΑ.,374
ΜΑΘΗΜΑΤΙΚΩΝ,ΠΑΝ. ΠΑΤΡΩΝ,Ε.Κ.Π.Α.,31
ΜΑΘΗΜΑΤΙΚΩΝ,ΠΑΝ. ΠΑΤΡΩΝ,Α.Π.Θ.,66
ΜΑΘΗΜΑΤΙΚΩΝ,ΠΑΝ. ΙΩΑΝΝΙΝΩΝ,Ε.Κ.Π.Α.,34
ΜΑΘΗΜΑΤΙΚΩΝ,ΠΑΝ. ΙΩΑΝΝΙΝΩΝ,Α.Π.Θ.,27
ΜΑΘΗΜΑΤΙΚΩΝ,ΠΑΝ. ΘΕΣΣΑΛΙΑΣ,Ε.Κ.Π.Α.,10
ΜΑΘΗΜΑΤΙΚΩΝ,ΠΑΝ. ΘΕΣΣΑΛΙΑΣ,Α.Π.Θ.,7
ΜΑΘΗΜΑΤΙΚΩΝ,Ε.Κ.Π.Α.,Α.Π.Θ.,237
ΦΥΣΙΚΗΣ,ΠΑΝ. ΠΑΤΡΩΝ,Α.Π.Θ.,149
ΦΥΣΙΚΗΣ,ΠΑΝ. ΙΩΑΝΝΙΝΩΝ,Ε.Κ.Π.Α.,115
ΦΥΣΙΚΗΣ,ΠΑΝ. ΙΩΑΝΝΙΝΩΝ,Α.Π.Θ.,98
ΦΥΣΙΚΗΣ,ΠΑΝ. ΘΕΣΣΑΛΙΑΣ,Ε.Κ.Π.Α.,65
ΦΥΣΙΚΗΣ,ΠΑΝ. ΘΕΣΣΑΛΙΑΣ,Α.Π.Θ.,67
ΧΗΜΙΚΩΝ ΜΗΧΑΝΙΚΩΝ,ΠΑΝ. ΠΑΤΡΩΝ,ΠΑΝ. ΔΥΤ. ΜΑΚ.,362
ΧΗΜΙΚΩΝ ΜΗΧΑΝΙΚΩΝ,ΠΑΝ. ΠΑΤΡΩΝ,Ε.Μ.Π.,50
ΧΗΜΙΚΩΝ ΜΗΧΑΝΙΚΩΝ,ΠΑΝ. ΠΑΤΡΩΝ,Α.Π.Θ.,146
ΧΗΜΙΚΩΝ ΜΗΧΑΝΙΚΩΝ,ΠΑΝ. ΔΥΤ. ΜΑΚ.,Ε.Μ.Π.,37
ΧΗΜΙΚΩΝ ΜΗΧΑΝΙΚΩΝ,ΠΑΝ. ΔΥΤ. ΜΑΚ.,Α.Π.Θ.,14
ΜΑΘΗΜΑΤΙΚΩΝ,Α.Π.Θ.,Ε.Κ.Π.Α.,97
ΜΑΘΗΜΑΤΙΚΩΝ,Α.Π.Θ.,ΠΑΝ. ΑΙΓΑΙΟΥ,110
ΜΑΘΗΜΑΤΙΚΩΝ,Ε.Κ.Π.Α.,ΠΑΝ. ΙΩΑΝΝΙΝΩΝ,190
ΜΑΘΗΜΑΤΙΚΩΝ,Ε.Κ.Π.Α.,ΠΑΝ. ΑΙΓΑΙΟΥ,116
ΠΟΛΙΤΙΚΩΝ ΜΗΧΑΝΙΚΩΝ,Α.Π.Θ.,Δ.Π.Θ.,548
ΠΟΛΙΤΙΚΩΝ ΜΗΧΑΝΙΚΩΝ,ΔΙ.ΠΑ.Ε.,Α.Π.Θ.,15
ΟΙΚΟΝΟΜΙΚΩΝ ΕΠΙΣΤΗΜΩΝ,ΠΑΝ. ΠΕΛ/ΝΗΣΟΥ,Ε.Κ.Π.Α.,73
ΟΙΚΟΝΟΜΙΚΩΝ ΕΠΙΣΤΗΜΩΝ,ΠΑΝ. ΠΕΛ/ΝΗΣΟΥ,ΠΑΝ. ΠΑΤΡΩΝ,84
ΠΟΛΙΤΙΚΩΝ ΜΗΧΑΝΙΚΩΝ,Ε.Μ.Π.,ΠΑΝ. ΠΑΤΡΩΝ,626
ΠΟΛΙΤΙΚΩΝ ΜΗΧΑΝΙΚΩΝ,Ε.Μ.Π.,Α.Π.Θ.,479
ΠΟΛΙΤΙΚΩΝ ΜΗΧΑΝΙΚΩΝ,ΠΑΝ. ΠΑΤΡΩΝ,Α.Π.Θ.,167
ΓΕΩΓΡΑΦΙΑΣ,ΧΑΡΟΚΟΠΕΙΟ,ΠΑΝ. ΑΙΓΑΙΟΥ,254
ΔΙΕΘΝΩΝ ΚΑΙ ΕΥΡΩΠΑΪΚΩΝ ΟΙΚΟΝΟΜΙΚΩΝ ΣΠΟΥΔΩΝ,Ο.Π.Α.,ΠΑΝ. ΔΥΤ. ΜΑΚ.,217
ΧΗΜΙΚΩΝ ΜΗΧΑΝΙΚΩΝ,Ε.Μ.Π.,ΠΑΝ. ΔΥΤ. ΜΑΚ.,268
ΜΑΘΗΜΑΤΙΚΩΝ,ΠΑΝ. ΑΙΓΑΙΟΥ,ΠΑΝ. ΘΕΣΣΑΛΙΑΣ,142
ΠΟΛΙΤΙΚΩΝ ΜΗΧΑΝΙΚΩΝ,Ε.Μ.Π.,ΠΑΝ. ΘΕΣΣΑΛΙΑΣ,446
ΔΙΟΙΚΗΣΗΣ ΕΠΙΧΕΙΡΗΣΕΩΝ,Ο.Π.Α.,ΠΑΝ. ΑΙΓΑΙΟΥ,338
ΟΙΚΟΝΟΜΙΚΩΝ ΕΠΙΣΤΗΜΩΝ,ΔΙ.ΠΑ.Ε.,ΠΑΝ. ΚΡΗΤΗΣ,433
ΔΙΟΙΚΗΣΗΣ ΤΟΥΡΙΣΜΟΥ,ΠΑΝ. ΠΑΤΡΩΝ,ΠΑΝ. ΔΥΤ. ΑΤΤΙΚΗΣ,124
ΔΙΟΙΚΗΣΗΣ ΕΠΙΧΕΙΡΗΣΕΩΝ,ΠΑΝ. ΑΙΓΑΙΟΥ,ΠΑ. ΜΑΚ.,62
ΜΗΧΑΝΟΛΟΓΩΝ ΜΗΧΑΝΙΚΩΝ,ΔΙ.ΠΑ.Ε.,ΠΑΝ. ΔΥΤ. ΜΑΚ.,167
ΑΓΓΛΙΚΗΣ ΓΛΩΣΣΑΣ ΚΑΙ ΦΙΛΟΛΟΓΙΑΣ,Α.Π.Θ.,Ε.Κ.Π.Α.,412
ΜΑΘΗΜΑΤΙΚΩΝ,Ε.Κ.Π.Α.,ΠΑΝ. ΠΑΤΡΩΝ,341
ΠΟΛΙΤΙΚΩΝ ΜΗΧΑΝΙΚΩΝ,ΠΑΝ. ΘΕΣΣΑΛΙΑΣ,ΠΑΝ. ΠΑΤΡΩΝ,170
ΠΟΛΙΤΙΚΩΝ ΜΗΧΑΝΙΚΩΝ,ΠΑΝ. ΠΑΤΡΩΝ,Δ.Π.Θ.,345
ΠΟΛΙΤΙΚΩΝ ΜΗΧΑΝΙΚΩΝ,ΠΑΝ. ΠΑΤΡΩΝ,ΔΙ.ΠΑ.Ε.,140
ΠΟΛΙΤΙΚΩΝ ΜΗΧΑΝΙΚΩΝ,ΠΑΝ. ΠΑΤΡΩΝ,ΠΑΝ. ΠΕΛ/ΝΗΣΟΥ,145
ΛΟΓΙΣΤΙΚΗΣ ΚΑΙ ΧΡΗΜΑΤΟΟΙΚΟΝΟΜΙΚΗΣ,ΠΑΝ. ΔΥΤ. ΑΤΤΙΚΗΣ,ΠΑΝ. ΙΩΑΝΝΙΝΩΝ,346
ΦΥΣΙΚΗΣ,ΠΑΝ. ΙΩΑΝΝΙΝΩΝ,ΠΑΝ. ΠΑΤΡΩΝ,437
ΜΗΧΑΝΟΛΟΓΩΝ ΜΗΧΑΝΙΚΩΝ,ΔΙ.ΠΑ.Ε.,ΠΑΝ. ΔΥΤ. ΑΤΤΙΚΗΣ,155
ΟΙΚΟΝΟΜΙΚΩΝ ΕΠΙΣΤΗΜΩΝ,ΠΑΝ. ΔΥΤ. ΜΑΚ.,ΠΑΝ. ΙΩΑΝΝΙΝΩΝ,246
ΠΛΗΡΟΦΟΡΙΚΗΣ ΚΑΙ ΤΗΛΕΠΙΚΟΙΝΩΝΙΩΝ,ΠΑΝ. ΘΕΣΣΑΛΙΑΣ,Ε.Κ.Π.Α.,234
ΦΥΣΙΚΗΣ,ΠΑΝ. ΙΩΑΝΝΙΝΩΝ,ΠΑΝ. ΚΡΗΤΗΣ,373
ΦΥΣΙΚΗΣ,ΠΑΝ. ΠΑΤΡΩΝ,ΠΑΝ. ΚΡΗΤΗΣ,419
ΦΥΣΙΚΗΣ,ΠΑΝ. ΚΡΗΤΗΣ,ΠΑΝ. ΘΕΣΣΑΛΙΑΣ,231
ΠΟΛΙΤΙΚΩΝ ΜΗΧΑΝΙΚΩΝ,ΠΑΝ. ΔΥΤ. ΑΤΤΙΚΗΣ,Α.Π.Θ.,49
ΔΙΟΙΚΗΣΗΣ ΕΠΙΧΕΙΡΗΣΕΩΝ,ΠΑΝ. ΠΑΤΡΩΝ,ΠΑ. ΜΑΚ.,265
ΔΙΟΙΚΗΣΗΣ ΕΠΙΧΕΙΡΗΣΕΩΝ,ΠΑΝ. ΠΑΤΡΩΝ,ΠΑΝ. ΠΕΙΡΑΙΑ,220
ΔΙΟΙΚΗΣΗΣ ΕΠΙΧΕΙΡΗΣΕΩΝ,ΠΑΝ. ΠΑΤΡΩΝ,Ο.Π.Α.,187
ΔΙΟΙΚΗΣΗΣ ΕΠΙΧΕΙΡΗΣΕΩΝ,ΠΑΝ. ΘΕΣΣΑΛΙΑΣ,ΠΑΝ. ΠΕΙΡΑΙΑ,160
ΔΙΟΙΚΗΣΗΣ ΕΠΙΧΕΙΡΗΣΕΩΝ,ΔΙ.ΠΑ.Ε.,ΠΑΝ. ΠΕΙΡΑΙΑ,107
ΔΙΟΙΚΗΣΗΣ ΕΠΙΧΕΙΡΗΣΕΩΝ,ΔΙ.ΠΑ.Ε.,Ο.Π.Α.,103
ΛΟΓΙΣΤΙΚΗΣ ΚΑΙ ΧΡΗΜΑΤΟΟΙΚΟΝΟΜΙΚΗΣ,ΠΑΝ. ΘΕΣΣΑΛΙΑΣ,ΠΑ. ΜΑΚ.,98
ΛΟΓΙΣΤΙΚΗΣ ΚΑΙ ΧΡΗΜΑΤΟΟΙΚΟΝΟΜΙΚΗΣ,ΠΑΝ. ΘΕΣΣΑΛΙΑΣ,ΠΑΝ. ΔΥΤ. ΑΤΤΙΚΗΣ,136
ΛΟΓΙΣΤΙΚΗΣ ΚΑΙ ΧΡΗΜΑΤΟΟΙΚΟΝΟΜΙΚΗΣ,ΠΑ. ΜΑΚ.,ΕΛ.ΜΕ.ΠΑ.,420
ΛΟΓΙΣΤΙΚΗΣ ΚΑΙ ΧΡΗΜΑΤΟΟΙΚΟΝΟΜΙΚΗΣ,ΠΑ. ΜΑΚ.,ΠΑΝ. ΙΩΑΝΝΙΝΩΝ,397
ΟΙΚΟΝΟΜΙΚΩΝ ΕΠΙΣΤΗΜΩΝ,ΠΑΝ. ΠΑΤΡΩΝ,ΠΑ. ΜΑΚ.,278
ΟΙΚΟΝΟΜΙΚΩΝ ΕΠΙΣΤΗΜΩΝ,ΠΑΝ. ΙΩΑΝΝΙΝΩΝ,ΠΑ. ΜΑΚ.,204
ΘΕΟΛΟΓΙΑΣ,Α.Π.Θ.,Ε.Κ.Π.Α.,283
ΙΣΤΟΡΙΑΣ ΚΑΙ ΑΡΧΑΙΟΛΟΓΙΑΣ,Α.Π.Θ.,Ε.Κ.Π.Α.,294
ΙΣΤΟΡΙΑΣ ΚΑΙ ΑΡΧΑΙΟΛΟΓΙΑΣ,ΠΑΝ. ΙΩΑΝΝΙΝΩΝ,Ε.Κ.Π.Α.,203
ΦΙΛΟΣΟΦΙΑΣ,ΠΑΝ. ΙΩΑΝΝΙΝΩΝ,Ε.Κ.Π.Α.,154
ΛΟΓΙΣΤΙΚΗΣ ΚΑΙ ΧΡΗΜΑΤΟΟΙΚΟΝΟΜΙΚΗΣ,Ο.Π.Α.,ΕΛ.ΜΕ.ΠΑ.,391
ΛΟΓΙΣΤΙΚΗΣ ΚΑΙ ΧΡΗΜΑΤΟΟΙΚΟΝΟΜΙΚΗΣ,ΠΑΝ. ΔΥΤ. ΑΤΤΙΚΗΣ,ΕΛ.ΜΕ.ΠΑ.,387
ΔΙΕΘΝΩΝ ΚΑΙ ΕΥΡΩΠΑΪΚΩΝ ΣΠΟΥΔΩΝ,ΠΑ. ΜΑΚ.,ΠΑΝ. ΠΕΙΡΑΙΑ,362
ΔΙΕΘΝΩΝ ΚΑΙ ΕΥΡΩΠΑΪΚΩΝ ΟΙΚΟΝΟΜΙΚΩΝ ΣΠΟΥΔΩΝ,ΠΑΝ. ΔΥΤ. ΜΑΚ.,Ο.Π.Α.,56
ΑΡΧΙΤΕΚΤΟΝΩΝ ΜΗΧΑΝΙΚΩΝ,Δ.Π.Θ.,ΠΑΝ. ΙΩΑΝΝΙΝΩΝ,273
ΦΥΣΙΚΗΣ,ΠΑΝ. ΘΕΣΣΑΛΙΑΣ,ΠΑΝ. ΠΑΤΡΩΝ,216
ΔΙΟΙΚΗΣΗΣ ΕΠΙΧΕΙΡΗΣΕΩΝ,ΠΑΝ. ΔΥΤ. ΜΑΚ.,ΠΑΝ. ΘΕΣΣΑΛΙΑΣ,253
ΗΛΕΚΤΡΟΛΟΓΩΝ ΜΗΧΑΝΙΚΩΝ ΚΑΙ ΜΗΧΑΝΙΚΩΝ ΥΠΟΛΟΓΙΣΤΩΝ,Δ.Π.Θ.,Α.Π.Θ.,126
ΜΑΘΗΜΑΤΙΚΩΝ,Α.Π.Θ.,ΠΑΝ. ΠΑΤΡΩΝ,234
ΜΑΘΗΜΑΤΙΚΩΝ,Α.Π.Θ.,ΠΑΝ. ΔΥΤ. ΜΑΚ.,94
ΜΑΘΗΜΑΤΙΚΩΝ,Α.Π.Θ.,ΠΑΝ. ΘΕΣΣΑΛΙΑΣ,112
ΠΟΛΙΤΙΚΩΝ ΜΗΧΑΝΙΚΩΝ,Δ.Π.Θ.,ΠΑΝ. ΠΑΤΡΩΝ,98
ΠΟΛΙΤΙΚΩΝ ΜΗΧΑΝΙΚΩΝ,Δ.Π.Θ.,Α.Π.Θ.,39
ΦΥΣΙΚΗΣ,Α.Π.Θ.,ΠΑΝ. ΘΕΣΣΑΛΙΑΣ,238
ΦΥΣΙΚΗΣ,ΠΑΝ. ΘΕΣΣΑΛΙΑΣ,ΠΑΝ. ΚΡΗΤΗΣ,198
ΕΠΙΣΤΗΜΗΣ ΚΑΙ ΤΕΧΝΟΛΟΓΙΑΣ ΤΡΟΦΙΜΩΝ,ΠΑΝ. ΠΕΛ/ΝΗΣΟΥ,ΠΑΝ. ΔΥΤ. ΑΤΤΙΚΗΣ,88
ΕΠΙΣΤΗΜΗΣ ΚΑΙ ΤΕΧΝΟΛΟΓΙΑΣ ΤΡΟΦΙΜΩΝ,ΠΑΝ. ΠΑΤΡΩΝ,ΠΑΝ. ΔΥΤ. ΑΤΤΙΚΗΣ,87
ΓΑΛΛΙΚΗΣ ΓΛΩΣΣΑΣ ΚΑΙ ΦΙΛΟΛΟΓΙΑΣ,Ε.Κ.Π.Α.,Α.Π.Θ.,56
ΑΡΧΙΤΕΚΤΟΝΩΝ ΜΗΧΑΝΙΚΩΝ,Δ.Π.Θ.,ΠΑΝ. ΘΕΣΣΑΛΙΑΣ,181
ΝΟΜΙΚΗΣ,Δ.Π.Θ.,Α.Π.Θ.,170
ΑΡΧΙΤΕΚΤΟΝΩΝ ΜΗΧΑΝΙΚΩΝ,Ε.Μ.Π.,ΠΑΝ. ΠΑΤΡΩΝ,193
ΑΡΧΙΤΕΚΤΟΝΩΝ ΜΗΧΑΝΙΚΩΝ,ΠΑΝ. ΘΕΣΣΑΛΙΑΣ,ΠΑΝ. ΠΑΤΡΩΝ,85
ΑΡΧΙΤΕΚΤΟΝΩΝ ΜΗΧΑΝΙΚΩΝ,ΠΟΛ/ΧΝΕΙΟ ΚΡΗΤΗΣ,ΠΑΝ. ΠΑΤΡΩΝ,36
ΑΡΧΙΤΕΚΤΟΝΩΝ ΜΗΧΑΝΙΚΩΝ,ΠΑΝ. ΙΩΑΝΝΙΝΩΝ,ΠΑΝ. ΠΑΤΡΩΝ,66
ΑΡΧΙΤΕΚΤΟΝΩΝ ΜΗΧΑΝΙΚΩΝ,ΠΑΝ. ΠΑΤΡΩΝ,Δ.Π.Θ.,133
ΠΟΛΙΤΙΚΩΝ ΜΗΧΑΝΙΚΩΝ,Α.Π.Θ.,ΠΑΝ. ΔΥΤ. ΑΤΤΙΚΗΣ,228
ΟΙΚΟΝΟΜΙΚΩΝ ΕΠΙΣΤΗΜΩΝ,ΠΑΝ. ΠΕΛ/ΝΗΣΟΥ,Α.Π.Θ.,81
ΟΙΚΟΝΟΜΙΚΩΝ ΕΠΙΣΤΗΜΩΝ,ΠΑΝ. ΙΩΑΝΝΙΝΩΝ,Α.Π.Θ.,209
ΔΙΟΙΚΗΣΗΣ ΕΠΙΧΕΙΡΗΣΕΩΝ,Ο.Π.Α.,ΠΑΝ. ΔΥΤ. ΜΑΚ.,270
ΔΙΟΙΚΗΣΗΣ ΕΠΙΧΕΙΡΗΣΕΩΝ,Ο.Π.Α.,ΔΙ.ΠΑ.Ε.,324
ΔΙΟΙΚΗΣΗΣ ΕΠΙΧΕΙΡΗΣΕΩΝ,ΠΑΝ. ΘΕΣΣΑΛΙΑΣ,ΠΑ. ΜΑΚ.,143
ΔΙΟΙΚΗΣΗΣ ΕΠΙΧΕΙΡΗΣΕΩΝ,ΠΑΝ. ΔΥΤ. ΜΑΚ.,ΠΑ. ΜΑΚ.,42
ΟΙΚΟΝΟΜΙΚΩΝ ΕΠΙΣΤΗΜΩΝ,Δ.Π.Θ.,Ε.Κ.Π.Α.,173
ΜΑΘΗΜΑΤΙΚΩΝ,Ε.Κ.Π.Α.,ΠΑΝ. ΔΥΤ. ΜΑΚ.,70
ΜΑΘΗΜΑΤΙΚΩΝ,Ε.Κ.Π.Α.,ΠΑΝ. ΘΕΣΣΑΛΙΑΣ,100
ΦΥΣΙΚΗΣ,Ε.Κ.Π.Α.,ΠΑΝ. ΚΡΗΤΗΣ,316
ΧΗΜΙΚΩΝ ΜΗΧΑΝΙΚΩΝ,ΠΑΝ. ΔΥΤ. ΜΑΚ.,ΠΑΝ. ΠΑΤΡΩΝ,73
ΜΑΘΗΜΑΤΙΚΩΝ,ΠΑΝ. ΑΙΓΑΙΟΥ,ΠΑΝ. ΠΑΤΡΩΝ,55
ΔΙΟΙΚΗΣΗΣ ΕΠΙΧΕΙΡΗΣΕΩΝ,ΔΙ.ΠΑ.Ε.,ΠΑ. ΜΑΚ.,59
ΔΙΟΙΚΗΣΗΣ ΕΠΙΧΕΙΡΗΣΕΩΝ ΚΑΙ ΟΡΓΑΝΙΣΜΩΝ,ΠΑΝ. ΠΕΛ/ΝΗΣΟΥ,Ε.Κ.Π.Α.,35
ΚΟΙΝΩΝΙΟΛΟΓΙΑΣ,ΠΑΝ. ΚΡΗΤΗΣ,Ε.Κ.Π.Α.,144
ΚΟΙΝΩΝΙΟΛΟΓΙΑΣ,ΠΑΝ. ΑΙΓΑΙΟΥ,Ε.Κ.Π.Α.,60
ΛΟΓΙΣΤΙΚΗΣ ΚΑΙ ΧΡΗΜΑΤΟΟΙΚΟΝΟΜΙΚΗΣ,Ο.Π.Α.,ΠΑΝ. ΙΩΑΝΝΙΝΩΝ,304
ΛΟΓΙΣΤΙΚΗΣ ΚΑΙ ΧΡΗΜΑΤΟΟΙΚΟΝΟΜΙΚΗΣ,ΠΑΝ. ΠΕΛ/ΝΗΣΟΥ,ΠΑ. ΜΑΚ.,55
ΛΟΓΙΣΤΙΚΗΣ ΚΑΙ ΧΡΗΜΑΤΟΟΙΚΟΝΟΜΙΚΗΣ,ΠΑΝ. ΙΩΑΝΝΙΝΩΝ,ΠΑ. ΜΑΚ.,35
ΛΟΓΙΣΤΙΚΗΣ ΚΑΙ ΧΡΗΜΑΤΟΟΙΚΟΝΟΜΙΚΗΣ,ΠΑΝ. ΔΥΤ. ΜΑΚ.,ΠΑ. ΜΑΚ.,48
ΟΙΚΟΝΟΜΙΚΩΝ ΕΠΙΣΤΗΜΩΝ,ΠΑΝ. ΠΕΛ/ΝΗΣΟΥ,ΠΑ. ΜΑΚ.,75
ΟΙΚΟΝΟΜΙΚΩΝ ΕΠΙΣΤΗΜΩΝ,ΔΙ.ΠΑ.Ε.,ΠΑ. ΜΑΚ.,67
ΟΙΚΟΝΟΜΙΚΩΝ ΕΠΙΣΤΗΜΩΝ,ΔΙ.ΠΑ.Ε.,Α.Π.Θ.,64
ΟΙΚΟΝΟΜΙΚΩΝ ΕΠΙΣΤΗΜΩΝ,Δ.Π.Θ.,Α.Π.Θ.,121
ΟΙΚΟΝΟΜΙΚΩΝ ΕΠΙΣΤΗΜΩΝ,ΠΑΝ. ΔΥΤ. ΜΑΚ.,ΠΑ. ΜΑΚ.,44
ΟΙΚΟΝΟΜΙΚΩΝ ΕΠΙΣΤΗΜΩΝ,ΠΑΝ. ΔΥΤ. ΜΑΚ.,Α.Π.Θ.,36
ΠΟΛΙΤΙΚΩΝ ΜΗΧΑΝΙΚΩΝ,Ε.Μ.Π.,Δ.Π.Θ.,294
ΟΙΚΟΝΟΜΙΚΩΝ ΕΠΙΣΤΗΜΩΝ,ΠΑΝ. ΔΥΤ. ΜΑΚ.,ΠΑΝ. ΠΑΤΡΩΝ,237
ΓΕΩΠΟΝΙΑΣ,ΔΙ.ΠΑ.Ε.,Α.Π.Θ.,46
ΗΛΕΚΤΡΟΛΟΓΩΝ ΜΗΧΑΝΙΚΩΝ ΚΑΙ ΜΗΧΑΝΙΚΩΝ ΥΠΟΛΟΓΙΣΤΩΝ,ΠΑΝ. ΔΥΤ. ΜΑΚ.,Α.Π.Θ.,99
ΓΕΡΜΑΝΙΚΗΣ ΓΛΩΣΣΑΣ ΚΑΙ ΦΙΛΟΛΟΓΙΑΣ,Α.Π.Θ.,Ε.Κ.Π.Α.,43
ΠΟΛΙΤΙΚΩΝ ΜΗΧΑΝΙΚΩΝ,Ε.Μ.Π.,ΔΙ.ΠΑ.Ε.,129
ΠΟΛΙΤΙΚΩΝ ΜΗΧΑΝΙΚΩΝ,Α.Π.Θ.,ΔΙ.ΠΑ.Ε.,200
ΜΗΧΑΝΟΛΟΓΩΝ ΜΗΧΑΝΙΚΩΝ,ΠΑΝ. ΔΥΤ. ΑΤΤΙΚΗΣ,Ε.Μ.Π.,133
ΔΙΟΙΚΗΣΗΣ ΕΠΙΧΕΙΡΗΣΕΩΝ,ΔΙ.ΠΑ.Ε.,ΠΑΝ. ΠΑΤΡΩΝ,220
ΠΟΛΙΤΙΚΩΝ ΜΗΧΑΝΙΚΩΝ,Ε.Μ.Π.,ΠΑΝ. ΠΕΛ/ΝΗΣΟΥ,114
ΠΟΛΙΤΙΚΩΝ ΜΗΧΑΝΙΚΩΝ,Α.Π.Θ.,ΠΑΝ. ΠΕΛ/ΝΗΣΟΥ,116
ΠΟΛΙΤΙΚΩΝ ΜΗΧΑΝΙΚΩΝ,ΠΑΝ. ΠΑΤΡΩΝ,ΠΑΝ. ΔΥΤ. ΑΤΤΙΚΗΣ,244
ΕΠΙΣΤΗΜΗΣ ΚΑΙ ΤΕΧΝΟΛΟΓΙΑΣ ΤΡΟΦΙΜΩΝ,ΙΟΝΙΟ ΠΑΝ/ΜΙΟ,ΠΑΝ. ΔΥΤ. ΑΤΤΙΚΗΣ,54
ΚΤΗΝΙΑΤΡΙΚΗΣ,ΠΑΝ. ΘΕΣΣΑΛΙΑΣ,Α.Π.Θ.,140
ΜΑΘΗΜΑΤΙΚΩΝ,ΠΑΝ. ΘΕΣΣΑΛΙΑΣ,ΠΑΝ. ΙΩΑΝΝΙΝΩΝ,48
ΓΕΡΜΑΝΙΚΗΣ ΓΛΩΣΣΑΣ ΚΑΙ ΦΙΛΟΛΟΓΙΑΣ,Ε.Κ.Π.Α.,Α.Π.Θ.,56
ΠΟΛΙΤΙΚΩΝ ΜΗΧΑΝΙΚΩΝ,ΠΑΝ. ΠΕΛ/ΝΗΣΟΥ,ΠΑΝ. ΘΕΣΣΑΛΙΑΣ,80
ΔΙΟΙΚΗΣΗΣ ΕΠΙΧΕΙΡΗΣΕΩΝ,ΠΑΝ. ΔΥΤ. ΜΑΚ.,ΠΑΝ. ΠΑΤΡΩΝ,103
ΟΙΚΟΝΟΜΙΚΩΝ ΕΠΙΣΤΗΜΩΝ,ΔΙ.ΠΑ.Ε.,ΠΑΝ. ΠΑΤΡΩΝ,181
ΑΡΧΙΤΕΚΤΟΝΩΝ ΜΗΧΑΝΙΚΩΝ,Α.Π.Θ.,Ε.Μ.Π.,72
ΑΡΧΙΤΕΚΤΟΝΩΝ ΜΗΧΑΝΙΚΩΝ,Α.Π.Θ.,ΠΑΝ. ΠΑΤΡΩΝ,92
ΑΡΧΙΤΕΚΤΟΝΩΝ ΜΗΧΑΝΙΚΩΝ,ΠΑΝ. ΠΑΤΡΩΝ,ΠΑΝ. ΘΕΣΣΑΛΙΑΣ,132
ΜΗΧΑΝΟΛΟΓΩΝ ΜΗΧΑΝΙΚΩΝ,ΔΙ.ΠΑ.Ε.,Α.Π.Θ.,93
ΔΙΟΙΚΗΣΗΣ ΕΠΙΧΕΙΡΗΣΕΩΝ,ΔΙ.ΠΑ.Ε.,ΠΑΝ. ΔΥΤ. ΑΤΤΙΚΗΣ,124
ΛΟΓΙΣΤΙΚΗΣ ΚΑΙ ΧΡΗΜΑΤΟΟΙΚΟΝΟΜΙΚΗΣ,ΠΑΝ. ΔΥΤ. ΜΑΚ.,ΠΑΝ. ΔΥΤ. ΑΤΤΙΚΗΣ,98
ΛΟΓΙΣΤΙΚΗΣ ΚΑΙ ΧΡΗΜΑΤΟΟΙΚΟΝΟΜΙΚΗΣ,ΠΑΝ. ΙΩΑΝΝΙΝΩΝ,ΠΑΝ. ΔΥΤ. ΑΤΤΙΚΗΣ,58
ΛΟΓΙΣΤΙΚΗΣ ΚΑΙ ΧΡΗΜΑΤΟΟΙΚΟΝΟΜΙΚΗΣ,ΠΑΝ. ΠΕΛ/ΝΗΣΟΥ,ΠΑΝ. ΔΥΤ. ΑΤΤΙΚΗΣ,55
ΨΗΦΙΑΚΩΝ ΣΥΣΤΗΜΑΤΩΝ,ΠΑΝ. ΠΕΛ/ΝΗΣΟΥ,ΠΑΝ. ΠΕΙΡΑΙΑ,108
ΙΣΤΟΡΙΑΣ ΚΑΙ ΑΡΧΑΙΟΛΟΓΙΑΣ,ΠΑΝ. ΚΡΗΤΗΣ,Α.Π.Θ.,45
ΓΕΩΠΟΝΙΑΣ,ΠΑΝ. ΠΕΛ/ΝΗΣΟΥ,Α.Π.Θ.,35
ΓΕΩΠΟΝΙΑΣ,ΠΑΝ. ΔΥΤ. ΜΑΚ.,Α.Π.Θ.,40
ΕΠΙΣΤΗΜΗΣ ΖΩΙΚΗΣ ΠΑΡΑΓΩΓΗΣ,ΠΑΝ. ΘΕΣΣΑΛΙΑΣ,ΓΕΩΠΟΝΙΚΟ ΠΑΝ.,81
ΜΟΥΣΙΚΩΝ ΣΠΟΥΔΩΝ,ΠΑΝ. ΙΩΑΝΝΙΝΩΝ,ΙΟΝΙΟ ΠΑΝ/ΜΙΟ,38
ΠΟΛΙΤΙΚΩΝ ΜΗΧΑΝΙΚΩΝ,ΠΑΝ. ΠΕΛ/ΝΗΣΟΥ,ΠΑΝ. ΔΥΤ. ΑΤΤΙΚΗΣ,87
ΟΙΚΟΝΟΜΙΚΩΝ ΕΠΙΣΤΗΜΩΝ,ΔΙ.ΠΑ.Ε.,Ε.Κ.Π.Α.,125
ΑΡΧΙΤΕΚΤΟΝΩΝ ΜΗΧΑΝΙΚΩΝ,ΠΑΝ. ΠΑΤΡΩΝ,Α.Π.Θ.,67
ΑΡΧΙΤΕΚΤΟΝΩΝ ΜΗΧΑΝΙΚΩΝ,ΠΑΝ. ΠΑΤΡΩΝ,ΠΑΝ. ΙΩΑΝΝΙΝΩΝ,133
ΑΡΧΙΤΕΚΤΟΝΩΝ ΜΗΧΑΝΙΚΩΝ,ΠΑΝ. ΠΑΤΡΩΝ,ΠΟΛ/ΧΝΕΙΟ ΚΡΗΤΗΣ,157
ΙΣΤΟΡΙΑΣ ΚΑΙ ΑΡΧΑΙΟΛΟΓΙΑΣ,ΠΑΝ. ΚΡΗΤΗΣ,Ε.Κ.Π.Α.,86
ΜΗΧΑΝΙΚΩΝ ΤΟΠΟΓΡΑΦΙΑΣ ΚΑΙ ΓΕΩΠΛΗΡΟΦΟΡΙΚΗΣ,ΔΙ.ΠΑ.Ε.,ΠΑΝ. ΔΥΤ. ΑΤΤΙΚΗΣ,122
ΑΡΧΙΤΕΚΤΟΝΩΝ ΜΗΧΑΝΙΚΩΝ,ΠΑΝ. ΘΕΣΣΑΛΙΑΣ,Ε.Μ.Π.,76
ΑΡΧΙΤΕΚΤΟΝΩΝ ΜΗΧΑΝΙΚΩΝ,ΠΟΛ/ΧΝΕΙΟ ΚΡΗΤΗΣ,Ε.Μ.Π.,40
ΦΙΛΟΛΟΓΙΑΣ,ΠΑΝ. ΚΡΗΤΗΣ,Α.Π.Θ.,106
ΓΕΩΠΟΝΙΑΣ,ΠΑΝ. ΠΑΤΡΩΝ,Α.Π.Θ.,25
ΑΓΡΟΝΟΜΩΝ ΚΑΙ ΤΟΠΟΓΡΑΦΩΝ ΜΗΧΑΝΙΚΩΝ,Α.Π.Θ.,Ε.Μ.Π.,67
ΠΟΛΙΤΙΚΩΝ ΜΗΧΑΝΙΚΩΝ,Δ.Π.Θ.,Ε.Μ.Π.,71
ΛΟΓΙΣΤΙΚΗΣ ΚΑΙ ΧΡΗΜΑΤΟΟΙΚΟΝΟΜΙΚΗΣ,ΠΑΝ. ΠΕΛ/ΝΗΣΟΥ,Ο.Π.Α.,45
ΛΟΓΙΣΤΙΚΗΣ ΚΑΙ ΧΡΗΜΑΤΟΟΙΚΟΝΟΜΙΚΗΣ,ΠΑΝ. ΔΥΤ. ΜΑΚ.,Ο.Π.Α.,91
ΛΟΓΙΣΤΙΚΗΣ ΚΑΙ ΧΡΗΜΑΤΟΟΙΚΟΝΟΜΙΚΗΣ,ΠΑΝ. ΘΕΣΣΑΛΙΑΣ,Ο.Π.Α.,124
ΛΟΓΙΣΤΙΚΗΣ ΚΑΙ ΧΡΗΜΑΤΟΟΙΚΟΝΟΜΙΚΗΣ,ΠΑΝ. ΙΩΑΝΝΙΝΩΝ,Ο.Π.Α.,46
ΠΟΛΙΤΙΚΩΝ ΜΗΧΑΝΙΚΩΝ,ΠΑΝ. ΔΥΤ. ΑΤΤΙΚΗΣ,ΠΑΝ. ΠΑΤΡΩΝ,74
ΠΟΛΙΤΙΚΩΝ ΜΗΧΑΝΙΚΩΝ,ΔΙ.ΠΑ.Ε.,ΠΑΝ. ΠΑΤΡΩΝ,33
ΠΟΛΙΤΙΚΩΝ ΜΗΧΑΝΙΚΩΝ,ΠΑΝ. ΘΕΣΣΑΛΙΑΣ,Α.Π.Θ.,80
ΠΟΛΙΤΙΚΩΝ ΜΗΧΑΝΙΚΩΝ,ΔΙ.ΠΑ.Ε.,Ε.Μ.Π.,27
ΠΟΛΙΤΙΚΩΝ ΜΗΧΑΝΙΚΩΝ,ΠΑΝ. ΠΕΛ/ΝΗΣΟΥ,ΠΑΝ. ΠΑΤΡΩΝ,12
ΠΟΛΙΤΙΚΩΝ ΜΗΧΑΝΙΚΩΝ,ΠΑΝ. ΠΕΛ/ΝΗΣΟΥ,Ε.Μ.Π.,19
ΠΟΛΙΤΙΚΩΝ ΜΗΧΑΝΙΚΩΝ,ΠΑΝ. ΔΥΤ. ΑΤΤΙΚΗΣ,Ε.Μ.Π.,29
ΨΥΧΟΛΟΓΙΑΣ,Δ.Π.Θ.,ΠΑΝ. ΙΩΑΝΝΙΝΩΝ,81
ΑΡΧΙΤΕΚΤΟΝΩΝ ΜΗΧΑΝΙΚΩΝ,Δ.Π.Θ.,ΠΑΝ. ΠΑΤΡΩΝ,50
ΑΡΧΙΤΕΚΤΟΝΩΝ ΜΗΧΑΝΙΚΩΝ,ΠΑΝ. ΘΕΣΣΑΛΙΑΣ,Α.Π.Θ.,51
ΑΡΧΙΤΕΚΤΟΝΩΝ ΜΗΧΑΝΙΚΩΝ,ΠΑΝ. ΙΩΑΝΝΙΝΩΝ,Ε.Μ.Π.,63
ΕΣΩΤΕΡΙΚΗΣ ΑΡΧΙΤΕΚΤΟΝΙΚΗΣ,ΔΙ.ΠΑ.Ε.,ΠΑΝ. ΔΥΤ. ΑΤΤΙΚΗΣ,54
ΔΙΟΙΚΗΣΗΣ ΕΠΙΧΕΙΡΗΣΕΩΝ,ΠΑΝ. ΑΙΓΑΙΟΥ,Ο.Π.Α.,71
ΔΙΟΙΚΗΣΗΣ ΕΠΙΧΕΙΡΗΣΕΩΝ,ΠΑΝ. ΑΙΓΑΙΟΥ,ΠΑΝ. ΠΕΙΡΑΙΑ,90
ΑΡΧΙΤΕΚΤΟΝΩΝ ΜΗΧΑΝΙΚΩΝ,ΠΑΝ. ΙΩΑΝΝΙΝΩΝ,Α.Π.Θ.,35
ΑΡΧΙΤΕΚΤΟΝΩΝ ΜΗΧΑΝΙΚΩΝ,ΠΑΝ. ΠΑΤΡΩΝ,Ε.Μ.Π.,28
ΑΡΧΙΤΕΚΤΟΝΩΝ ΜΗΧΑΝΙΚΩΝ,ΠΟΛ/ΧΝΕΙΟ ΚΡΗΤΗΣ,Α.Π.Θ.,35
ΑΡΧΙΤΕΚΤΟΝΩΝ ΜΗΧΑΝΙΚΩΝ,Δ.Π.Θ.,Α.Π.Θ.,25
ΑΡΧΙΤΕΚΤΟΝΩΝ ΜΗΧΑΝΙΚΩΝ,Δ.Π.Θ.,Ε.Μ.Π.,52
ΧΗΜΙΚΩΝ ΜΗΧΑΝΙΚΩΝ,Α.Π.Θ.,Ε.Μ.Π.,99
ΔΙΟΙΚΗΣΗΣ ΕΠΙΧΕΙΡΗΣΕΩΝ,ΠΑΝ. ΔΥΤ. ΜΑΚ.,ΠΑΝ. ΔΥΤ. ΑΤΤΙΚΗΣ,67
ΜΑΘΗΜΑΤΙΚΩΝ,ΠΑΝ. ΑΙΓΑΙΟΥ,ΠΑΝ. ΙΩΑΝΝΙΝΩΝ,17
ΜΑΘΗΜΑΤΙΚΩΝ,ΠΑΝ. ΔΥΤ. ΜΑΚ.,ΠΑΝ. ΙΩΑΝΝΙΝΩΝ,14
ΟΙΚΟΝΟΜΙΚΩΝ ΕΠΙΣΤΗΜΩΝ,ΠΑΝ. ΔΥΤ. ΜΑΚ.,Ε.Κ.Π.Α.,89
ΜΟΥΣΙΚΩΝ ΣΠΟΥΔΩΝ,ΠΑΝ. ΙΩΑΝΝΙΝΩΝ,Ε.Κ.Π.Α.,30
ΔΙΟΙΚΗΣΗΣ ΕΠΙΧΕΙΡΗΣΕΩΝ,ΠΑΝ. ΔΥΤ. ΜΑΚ.,ΠΑΝ. ΠΕΙΡΑΙΑ,93
ΜΟΥΣΙΚΩΝ ΣΠΟΥΔΩΝ,ΠΑΝ. ΙΩΑΝΝΙΝΩΝ,Α.Π.Θ.,40
ΔΙΟΙΚΗΣΗΣ ΕΠΙΧΕΙΡΗΣΕΩΝ,ΠΑΝ. ΔΥΤ. ΜΑΚ.,Ο.Π.Α.,50
ΙΤΑΛΙΚΗΣ ΓΛΩΣΣΑΣ ΚΑΙ ΦΙΛΟΛΟΓΙΑΣ,Α.Π.Θ.,Ε.Κ.Π.Α.,10
ΜΑΘΗΜΑΤΙΚΩΝ,ΠΑΝ. ΔΥΤ. ΜΑΚ.,Ε.Κ.Π.Α.,8
ΜΑΘΗΜΑΤΙΚΩΝ,ΠΑΝ. ΑΙΓΑΙΟΥ,Ε.Κ.Π.Α.,6
ΠΟΛΙΤΙΚΩΝ ΜΗΧΑΝΙΚΩΝ,ΠΑΝ. ΠΕΛ/ΝΗΣΟΥ,Α.Π.Θ.,13
ΙΤΑΛΙΚΗΣ ΓΛΩΣΣΑΣ ΚΑΙ ΦΙΛΟΛΟΓΙΑΣ,Ε.Κ.Π.Α.,Α.Π.Θ.,9
ΜΑΘΗΜΑΤΙΚΩΝ,ΠΑΝ. ΑΙΓΑΙΟΥ,Α.Π.Θ.,4
ΜΑΘΗΜΑΤΙΚΩΝ,ΠΑΝ. ΔΥΤ. ΜΑΚ.,Α.Π.Θ.,1
