dept_code,field,base_2025,forecast_2026,lo80,hi80,lo95,hi95,ebe_coef
231,2ο,20380.0,20380.0,19691.6,20892.0,18974.0,21777.8,1.0
161,4ο,19295.0,19295.0,18606.6,19807.0,17889.0,20692.8,1.2
157,4ο,19210.0,19210.0,18521.6,19722.0,17804.0,20607.8,1.0
355,4ο,18990.0,18990.0,18301.6,19502.0,17584.0,20387.8,1.2
295,3ο,18775.0,18775.0,18086.6,19287.0,17369.0,20172.8,1.2
232,2ο,18690.0,18690.0,18001.6,19202.0,17284.0,20087.8,1.2
297,3ο,18575.0,18575.0,17886.6,19087.0,17169.0,19972.8,1.2
299,3ο,18445.0,18445.0,17756.6,18957.0,17039.0,19842.8,1.2
240,4ο,18400.0,18400.0,17711.6,18912.0,16994.0,19797.8,1.2
217,2ο,18390.0,18390.0,17701.6,18902.0,16984.0,19787.8,1.2
889,4ο,18240.0,18240.0,17551.6,18752.0,16834.0,19637.8,1.2
301,3ο,18200.0,18200.0,17511.6,18712.0,16794.0,19597.8,1.2
875,1ο,18155.0,18155.0,17466.6,18667.0,16749.0,19552.8,1.2
129,1ο,18150.0,18150.0,17461.6,18662.0,16744.0,19547.8,1.0
233,2ο,18135.0,18135.0,17446.6,18647.0,16729.0,19532.8,1.0
209,2ο,18128.0,18128.0,17439.6,18640.0,16722.0,19525.8,1.2
300,3ο,18100.0,18100.0,17411.6,18612.0,16694.0,19497.8,1.2
304,3ο,18050.0,18050.0,17361.6,18562.0,16644.0,19447.8,1.2
866,1ο,18040.0,18040.0,17351.6,18552.0,16634.0,19437.8,1.2
305,3ο,17995.0,17995.0,17306.6,18507.0,16589.0,19392.8,1.0
302,3ο,17975.0,17975.0,17286.6,18487.0,16569.0,19372.8,1.2
219,2ο,17960.0,17960.0,17271.6,18472.0,16554.0,19357.8,1.2
303,3ο,17900.0,17900.0,17211.6,18412.0,16494.0,19297.8,1.2
289,3ο,17880.0,17880.0,17191.6,18392.0,16474.0,19277.8,1.2
117,1ο,17875.0,17875.0,17186.6,18387.0,16469.0,19272.8,1.2
229,2ο,17840.0,17840.0,17151.6,18352.0,16434.0,19237.8,1.2
235,2ο,17775.0,17775.0,17086.6,18287.0,16369.0,19172.8,1.2
836,3ο,17770.0,17770.0,17081.6,18282.0,16364.0,19167.8,1.2
867,4ο,17735.0,17735.0,17046.6,18247.0,16329.0,19132.8,1.2
338,4ο,17720.0,17720.0,17031.6,18232.0,16314.0,19117.8,1.2
307,3ο,17657.0,17657.0,16968.6,18169.0,16251.0,19054.8,1.2
291,3ο,17625.0,17625.0,16936.6,18137.0,16219.0,19022.8,1.2
293,3ο,17620.0,17620.0,16931.6,18132.0,16214.0,19017.8,1.2
869,4ο,17590.0,17590.0,16901.6,18102.0,16184.0,18987.8,0.8
333,4ο,17590.0,17590.0,16901.6,18102.0,16184.0,18987.8,1.2
831,3ο,17550.0,17550.0,16861.6,18062.0,16144.0,18947.8,1.2
211,2ο,17525.0,17525.0,16836.6,18037.0,16119.0,18922.8,1.2
841,3ο,17482.0,17482.0,16793.6,17994.0,16076.0,18879.8,1.2
171,1ο,17475.0,17475.0,16786.6,17987.0,16069.0,18872.8,1.0
887,4ο,17465.0,17465.0,16776.6,17977.0,16059.0,18862.8,1.2
877,4ο,17460.0,17460.0,16771.6,17972.0,16054.0,18857.8,0.8
277,3ο,17428.0,17428.0,16739.6,17940.0,16022.0,18825.8,1.2
313,4ο,17425.0,17425.0,16736.6,17937.0,16019.0,18822.8,1.2
401,4ο,17399.0,17399.0,16710.6,17911.0,15993.0,18796.8,0.8
872,4ο,17370.0,17370.0,16681.6,17882.0,15964.0,18767.8,0.8
127,1ο,17355.0,17355.0,16666.6,17867.0,15949.0,18752.8,0.9
846,3ο,17300.0,17300.0,16611.6,17812.0,15894.0,18697.8,1.2
119,1ο,17280.0,17280.0,16591.6,17792.0,15874.0,18677.8,1.2
263,3ο,17275.0,17275.0,16586.6,17787.0,15869.0,18672.8,1.2
201,2ο,17265.0,17265.0,16576.6,17777.0,15859.0,18662.8,1.2
886,4ο,17260.0,17260.0,16571.6,17772.0,15854.0,18657.8,1.2
279,3ο,17190.0,17190.0,16501.6,17702.0,15784.0,18587.8,1.2
403,4ο,17161.0,17161.0,16472.6,17673.0,15755.0,18558.8,0.8
172,1ο,17150.0,17150.0,16461.6,17662.0,15744.0,18547.8,1.2
213,2ο,17130.0,17130.0,16441.6,17642.0,15724.0,18527.8,1.2
308,3ο,17125.0,17125.0,16436.6,17637.0,15719.0,18522.8,1.2
236,2ο,17105.0,17105.0,16416.6,17617.0,15699.0,18502.8,1.0
170,1ο,17100.0,17100.0,16411.6,17612.0,15694.0,18497.8,1.0
883,4ο,17080.0,17080.0,16391.6,17592.0,15674.0,18477.8,0.9
179,4ο,17040.0,17040.0,16351.6,17552.0,15634.0,18437.8,1.0
884,2ο,17025.0,17025.0,16336.6,17537.0,15619.0,18422.8,1.2
237,2ο,17000.0,17000.0,16311.6,17512.0,15594.0,18397.8,1.2
330,4ο,16955.0,16955.0,16266.6,17467.0,15549.0,18352.8,1.2
339,4ο,16935.0,16935.0,16246.6,17447.0,15529.0,18332.8,1.2
1211,4ο,16915.0,16915.0,16226.6,17427.0,15509.0,18312.8,1.2
147,1ο,16860.0,16860.0,16171.6,17372.0,15454.0,18257.8,0.9
779,2ο,16785.0,16785.0,16096.6,17297.0,15379.0,18182.8,0.8
281,3ο,16746.0,16746.0,16057.6,17258.0,15340.0,18143.8,1.0
121,1ο,16725.0,16725.0,16036.6,17237.0,15319.0,18122.8,1.2
1212,4ο,16705.0,16705.0,16016.6,17217.0,15299.0,18102.8,1.2
881,4ο,16650.0,16650.0,15961.6,17162.0,15244.0,18047.8,0.9
316,4ο,16620.0,16620.0,15931.6,17132.0,15214.0,18017.8,1.2
290,3ο,16595.0,16595.0,15906.6,17107.0,15189.0,17992.8,1.2
265,3ο,16590.0,16590.0,15901.6,17102.0,15184.0,17987.8,0.8
332,2ο,16580.0,16580.0,15891.6,17092.0,15174.0,17977.8,1.2
221,2ο,16575.0,16575.0,15886.6,17087.0,15169.0,17972.8,1.2
1251,1ο,16575.0,16575.0,15886.6,17087.0,15169.0,17972.8,1.0
282,3ο,16430.0,16430.0,15741.6,16942.0,15024.0,17827.8,1.0
314,4ο,16350.0,16350.0,15661.6,16862.0,14944.0,17747.8,1.2
294,3ο,16344.0,16344.0,15655.6,16856.0,14938.0,17741.8,1.2
826,2ο,16335.0,16335.0,15646.6,16847.0,14929.0,17732.8,1.2
412,4ο,16320.0,16320.0,15631.6,16832.0,14914.0,17717.8,1.2
239,2ο,16275.0,16275.0,15586.6,16787.0,14869.0,17672.8,1.2
280,3ο,16260.0,16260.0,15571.6,16772.0,14854.0,17657.8,1.2
128,4ο,16250.0,16250.0,15561.6,16762.0,14844.0,17647.8,1.2
267,3ο,16240.0,16240.0,15551.6,16752.0,14834.0,17637.8,1.2
1005,4ο,16220.0,16220.0,15531.6,16732.0,14814.0,17617.8,1.2
151,1ο,16165.0,16165.0,15476.6,16677.0,14759.0,17562.8,1.2
148,1ο,16110.0,16110.0,15421.6,16622.0,14704.0,17507.8,1.0
284,3ο,16030.0,16030.0,15341.6,16542.0,14624.0,17427.8,1.2
880,4ο,16030.0,16030.0,15341.6,16542.0,14624.0,17427.8,1.0
220,2ο,16000.0,16000.0,15311.6,16512.0,14594.0,17397.8,1.0
140,4ο,15950.0,15950.0,15261.6,16462.0,14544.0,17347.8,0.8
262,4ο,15940.0,15940.0,15251.6,16452.0,14534.0,17337.8,1.2
1550,1ο,15905.0,15905.0,15216.6,16417.0,14499.0,17302.8,1.0
312,4ο,15900.0,15900.0,15211.6,16412.0,14494.0,17297.8,1.2
325,3ο,15870.0,15870.0,15181.6,16382.0,14464.0,17267.8,1.2
246,2ο,15860.0,15860.0,15171.6,16372.0,14454.0,17257.8,1.2
203,2ο,15850.0,15850.0,15161.6,16362.0,14444.0,17247.8,1.2
670,4ο,15850.0,15850.0,15161.6,16362.0,14444.0,17247.8,1.2
347,4ο,15775.0,15775.0,15086.6,16287.0,14369.0,17172.8,1.2
216,4ο,15646.0,15646.0,14957.6,16158.0,14240.0,17043.8,1.2
409,1ο,15600.0,15600.0,14911.6,16112.0,14194.0,16997.8,1.2
234,2ο,15575.0,15575.0,14886.6,16087.0,14169.0,16972.8,0.8
683,3ο,15575.0,15575.0,14886.6,16087.0,14169.0,16972.8,1.2
269,3ο,15570.0,15570.0,14881.6,16082.0,14164.0,16967.8,1.0
322,4ο,15532.0,15532.0,14843.6,16044.0,14126.0,16929.8,1.2
392,2ο,15477.0,15477.0,14788.6,15989.0,14071.0,16874.8,1.2
370,2ο,15470.0,15470.0,14781.6,15982.0,14064.0,16867.8,1.05
1668,1ο,15450.0,15450.0,14761.6,15962.0,14044.0,16847.8,1.2
671,1ο,15420.0,15420.0,14731.6,15932.0,14014.0,16817.8,0.8
390,4ο,15336.0,15336.0,14647.6,15848.0,13930.0,16733.8,1.2
827,2ο,15305.0,15305.0,14616.6,15817.0,13899.0,16702.8,1.2
270,3ο,15278.0,15278.0,14589.6,15790.0,13872.0,16675.8,1.2
150,4ο,15150.0,15150.0,14461.6,15662.0,13744.0,16547.8,1.2
153,1ο,15150.0,15150.0,14461.6,15662.0,13744.0,16547.8,1.0
405,4ο,15134.0,15134.0,14445.6,15646.0,13728.0,16531.8,1.0
164,4ο,15125.0,15125.0,14436.6,15637.0,13719.0,16522.8,0.8
1616,3ο,15100.0,15100.0,14411.6,15612.0,13694.0,16497.8,1.2
315,4ο,15100.0,15100.0,14411.6,15612.0,13694.0,16497.8,1.2
408,1ο,15050.0,15050.0,14361.6,15562.0,13644.0,16447.8,0.9
393,2ο,14850.0,14850.0,14161.6,15362.0,13444.0,16247.800000000001,1.0
155,4ο,14850.0,14850.0,14161.6,15362.0,13444.0,16247.800000000001,1.2
154,4ο,14800.0,14800.0,14111.6,15312.0,13394.0,16197.800000000001,0.8
375,4ο,14785.0,14785.0,14096.6,15297.0,13379.0,16182.800000000001,1.2
214,2ο,14750.0,14750.0,14061.6,15262.0,13344.0,16147.800000000001,1.2
1625,4ο,14740.0,14740.0,14051.6,15252.0,13334.0,16137.800000000001,1.2
323,3ο,14720.0,14720.0,14031.6,15232.0,13314.0,16117.800000000001,1.2
225,2ο,14715.0,14715.0,14026.6,15227.0,13309.0,16112.800000000001,1.2
210,2ο,14714.0,14714.0,14025.6,15226.0,13308.0,16111.800000000001,1.2
1629,3ο,14712.0,14712.0,14023.6,15224.0,13306.0,16109.800000000001,1.2
821,2ο,14685.0,14685.0,13996.6,15197.0,13279.0,16082.800000000001,1.2
331,2ο,14648.0,14648.0,13959.6,15160.0,13242.0,16045.800000000001,1.2
1301,1ο,14640.0,14640.0,13951.6,15152.0,13234.0,16037.800000000001,1.1
1563,2ο,14605.0,14605.0,13916.6,15117.0,13199.0,16002.800000000001,1.2
406,1ο,14590.0,14590.0,13901.6,15102.0,13184.0,15987.800000000001,0.8
130,4ο,14575.0,14575.0,13886.6,15087.0,13169.0,15972.800000000001,1.0
205,2ο,14545.0,14545.0,13856.6,15057.0,13139.0,15942.800000000001,1.2
328,3ο,14520.0,14520.0,13831.6,15032.0,13114.0,15917.800000000001,1.2
387,2ο,14520.0,14520.0,13831.6,15032.0,13114.0,15917.800000000001,1.2
255,2ο,14518.0,14518.0,13829.6,15030.0,13112.0,15915.800000000001,1.2
253,2ο,14513.0,14513.0,13824.6,15025.0,13107.0,15910.800000000001,1.2
215,2ο,14500.0,14500.0,13811.6,15012.0,13094.0,15897.800000000001,1.2
243,2ο,14500.0,14500.0,13811.6,15012.0,13094.0,15897.800000000001,1.2
851,3ο,14500.0,14500.0,13811.6,15012.0,13094.0,15897.800000000001,1.2
317,4ο,14460.0,14460.0,13771.6,14972.0,13054.0,15857.800000000001,1.2
876,4ο,14460.0,14460.0,13771.6,14972.0,13054.0,15857.800000000001,0.8
329,4ο,14440.0,14440.0,13751.6,14952.0,13034.0,15837.800000000001,1.2
123,1ο,14430.0,14430.0,13741.6,14942.0,13024.0,15827.800000000001,1.2
1286,4ο,14422.0,14422.0,13733.6,14934.0,13016.0,15819.800000000001,1.2
357,1ο,14410.0,14410.0,13721.6,14922.0,13004.0,15807.800000000001,0.8
675,4ο,14405.0,14405.0,13716.6,14917.0,12999.0,15802.800000000001,1.15
306,3ο,14400.0,14400.0,13711.6,14912.0,12994.0,15797.800000000001,1.2
1273,3ο,14381.0,14381.0,13692.6,14893.0,12975.0,15778.800000000001,1.2
1438,3ο,14380.0,14380.0,13691.6,14892.0,12974.0,15777.800000000001,1.2
273,3ο,14380.0,14380.0,13691.6,14892.0,12974.0,15777.800000000001,1.2
680,3ο,14370.0,14370.0,13681.6,14882.0,12964.0,15767.800000000001,1.2
223,2ο,14310.0,14310.0,13621.6,14822.0,12904.0,15707.800000000001,1.2
385,1ο,14300.0,14300.0,13611.6,14812.0,12894.0,15697.800000000001,0.8
1615,3ο,14240.0,14240.0,13551.6,14752.0,12834.0,15637.800000000001,1.2
245,2ο,14200.0,14200.0,13511.6,14712.0,12794.0,15597.800000000001,1.15
888,2ο,14150.0,14150.0,13461.6,14662.0,12744.0,15547.800000000001,1.0
678,3ο,14130.0,14130.0,13441.6,14642.0,12724.0,15527.800000000001,1.0
208,2ο,14105.0,14105.0,13416.6,14617.0,12699.0,15502.800000000001,1.0
882,4ο,13970.0,13970.0,13281.6,14482.0,12564.0,15367.800000000001,0.9
309,4ο,13896.0,13896.0,13207.6,14408.0,12490.0,15293.800000000001,1.2
388,3ο,13885.0,13885.0,13196.6,14397.0,12479.0,15282.800000000001,0.8
134,4ο,13875.0,13875.0,13186.6,14387.0,12469.0,15272.800000000001,0.8
126,1ο,13860.0,13860.0,13171.6,14372.0,12454.0,15257.800000000001,0.9
1613,3ο,13850.0,13850.0,13161.6,14362.0,12444.0,15247.800000000001,1.0
241,2ο,13800.0,13800.0,13111.6,14312.0,12394.0,15197.800000000001,0.8
674,4ο,13745.0,13745.0,13056.6,14257.0,12339.0,15142.800000000001,0.8
402,4ο,13729.0,13729.0,13040.6,14241.0,12323.0,15126.800000000001,0.8
684,3ο,13620.0,13620.0,12931.6,14132.0,12214.0,15017.800000000001,1.1
394,2ο,13600.0,13600.0,12911.6,14112.0,12194.0,14997.800000000001,1.0
174,1ο,13550.0,13550.0,12861.6,14062.0,12144.0,14947.800000000001,1.2
1626,4ο,13545.0,13545.0,12856.6,14057.0,12139.0,14942.800000000001,0.8
337,4ο,13525.0,13525.0,12836.6,14037.0,12119.0,14922.800000000001,1.2
1652,1ο,13500.0,13500.0,12811.6,14012.0,12094.0,14897.800000000001,1.0
336,4ο,13465.0,13465.0,12776.6,13977.0,12059.0,14862.800000000001,1.2
1622,4ο,13450.0,13450.0,12761.6,13962.0,12044.0,14847.800000000001,1.0
1520,3ο,13450.0,13450.0,12761.6,13962.0,12044.0,14847.800000000001,0.8
407,1ο,13440.0,13440.0,12751.6,13952.0,12034.0,14837.800000000001,0.8
1523,2ο,13400.0,13400.0,12711.6,13912.0,11994.0,14797.800000000001,1.0
132,4ο,13375.0,13375.0,12686.6,13887.0,11969.0,14772.800000000001,1.0
340,2ο,13355.0,13355.0,12666.6,13867.0,11949.0,14752.800000000001,1.1
1564,2ο,13290.0,13290.0,12601.6,13802.0,11884.0,14687.800000000001,1.0
1283,4ο,13275.0,13275.0,12586.6,13787.0,11869.0,14672.800000000001,0.8
1006,1ο,13270.0,13270.0,12581.6,13782.0,11864.0,14667.800000000001,1.0
1614,3ο,13241.0,13241.0,12552.6,13753.0,11835.0,14638.800000000001,1.1
311,4ο,13240.0,13240.0,12551.6,13752.0,11834.0,14637.800000000001,1.2
404,4ο,13219.0,13219.0,12530.6,13731.0,11813.0,14616.800000000001,0.8
682,3ο,13200.0,13200.0,12511.6,13712.0,11794.0,14597.800000000001,1.1
681,3ο,13200.0,13200.0,12511.6,13712.0,11794.0,14597.800000000001,1.1
207,2ο,13164.0,13164.0,12475.6,13676.0,11758.0,14561.800000000001,0.9
1670,3ο,13132.0,13132.0,12443.6,13644.0,11726.0,14529.800000000001,0.8
163,4ο,13125.0,13125.0,12436.6,13637.0,11719.0,14522.800000000001,1.2
673,4ο,13120.0,13120.0,12431.6,13632.0,11714.0,14517.800000000001,0.8
863,4ο,13080.0,13080.0,12391.6,13592.0,11674.0,14477.800000000001,0.8
124,4ο,13075.0,13075.0,12386.6,13587.0,11669.0,14472.800000000001,1.2
261,2ο,13073.0,13073.0,12384.6,13585.0,11667.0,14470.800000000001,1.05
318,4ο,13070.0,13070.0,12381.6,13582.0,11664.0,14467.800000000001,1.2
806,2ο,13055.0,13055.0,12366.6,13567.0,11649.0,14452.800000000001,0.9
178,4ο,13050.0,13050.0,12361.6,13562.0,11644.0,14447.800000000001,1.0
1558,3ο,13000.0,13000.0,12311.6,13512.0,11594.0,14397.800000000001,1.0
142,4ο,13000.0,13000.0,12311.6,13512.0,11594.0,14397.800000000001,0.8
136,4ο,13000.0,13000.0,12311.6,13512.0,11594.0,14397.800000000001,0.9
669,4ο,12920.0,12920.0,12231.6,13432.0,11514.0,14317.800000000001,1.2
1630,4ο,12880.0,12880.0,12191.6,13392.0,11474.0,14277.800000000001,1.1
334,4ο,12860.0,12860.0,12171.6,13372.0,11454.0,14257.800000000001,0.8
1274,3ο,12844.0,12844.0,12155.6,13356.0,11438.0,14241.800000000001,1.0
1618,3ο,12790.0,12790.0,12101.6,13302.0,11384.0,14187.800000000001,1.0
672,4ο,12765.0,12765.0,12076.6,13277.0,11359.0,14162.800000000001,1.2
125,1ο,12760.0,12760.0,12071.6,13272.0,11354.0,14157.800000000001,1.0
1245,3ο,12695.0,12695.0,12006.6,13207.0,11289.0,14092.800000000001,1.05
152,4ο,12675.0,12675.0,11986.6,13187.0,11269.0,14072.800000000001,1.2
227,2ο,12655.0,12655.0,11966.6,13167.0,11249.0,14052.800000000001,1.05
1635,3ο,12650.0,12650.0,11961.6,13162.0,11244.0,14047.800000000001,1.0
1522,2ο,12611.0,12611.0,11922.6,13123.0,11205.0,14008.800000000001,1.0
1004,4ο,12600.0,12600.0,11911.6,13112.0,11194.0,13997.800000000001,1.2
1624,4ο,12585.0,12585.0,11896.6,13097.0,11179.0,13982.800000000001,1.0
144,4ο,12556.0,12556.0,11867.6,13068.0,11150.0,13953.800000000001,1.1
1659,2ο,12515.0,12515.0,11826.6,13027.0,11109.0,13912.800000000001,0.9
369,4ο,12515.0,12515.0,11826.6,13027.0,11109.0,13912.800000000001,1.0
1515,3ο,12440.0,12440.0,11751.6,12952.0,11034.0,13837.800000000001,0.9
159,4ο,12430.0,12430.0,11741.6,12942.0,11024.0,13827.800000000001,0.8
319,4ο,12426.0,12426.0,11737.6,12938.0,11020.0,13823.800000000001,1.2
166,4ο,12425.0,12425.0,11736.6,12937.0,11019.0,13822.800000000001,0.8
112,1ο,12425.0,12425.0,11736.6,12937.0,11019.0,13822.800000000001,1.1
1606,4ο,12360.0,12360.0,11671.6,12872.0,10954.0,13757.800000000001,1.0
326,4ο,12310.0,12310.0,11621.6,12822.0,10904.0,13707.800000000001,0.85
165,1ο,12300.0,12300.0,11611.6,12812.0,10894.0,13697.800000000001,0.8
230,4ο,12290.0,12290.0,11601.6,12802.0,10884.0,13687.800000000001,1.2
879,2ο,12265.0,12265.0,11576.6,12777.0,10859.0,13662.800000000001,1.0
182,1ο,12245.0,12245.0,11556.6,12757.0,10839.0,13642.800000000001,0.8
176,4ο,12240.0,12240.0,11551.6,12752.0,10834.0,13637.800000000001,1.2
1605,4ο,12170.0,12170.0,11481.6,12682.0,10764.0,13567.800000000001,0.9
1621,2ο,12154.0,12154.0,11465.6,12666.0,10748.0,13551.800000000001,0.8
1282,4ο,12150.0,12150.0,11461.6,12662.0,10744.0,13547.800000000001,1.1
1426,3ο,12130.0,12130.0,11441.6,12642.0,10724.0,13527.800000000001,1.0
139,1ο,12080.0,12080.0,11391.6,12592.0,10674.0,13477.800000000001,0.8
1553,3ο,12065.0,12065.0,11376.6,12577.0,10659.0,13462.800000000001,1.0
389,4ο,12032.0,12032.0,11343.6,12544.0,10626.0,13429.800000000001,1.18
1619,2ο,11980.0,11980.0,11291.6,12492.0,10574.0,13377.800000000001,0.8
272,2ο,11950.0,11950.0,11261.6,12462.0,10544.0,13347.800000000001,0.85
324,3ο,11950.0,11950.0,11261.6,12462.0,10544.0,13347.800000000001,1.0
391,2ο,11950.0,11950.0,11261.6,12462.0,10544.0,13347.800000000001,0.8
156,4ο,11905.0,11905.0,11216.6,12417.0,10499.0,13302.800000000001,1.0
352,4ο,11900.0,11900.0,11211.6,12412.0,10494.0,13297.800000000001,1.1
816,2ο,11898.0,11898.0,11209.6,12410.0,10492.0,13295.800000000001,0.9
143,4ο,11875.0,11875.0,11186.6,12387.0,10469.0,13272.800000000001,0.8
350,4ο,11851.0,11851.0,11162.6,12363.0,10445.0,13248.800000000001,1.0
135,1ο,11850.0,11850.0,11161.6,12362.0,10444.0,13247.800000000001,0.8
110,1ο,11838.0,11838.0,11149.6,12350.0,10432.0,13235.800000000001,1.05
133,1ο,11715.0,11715.0,11026.6,12227.0,10309.0,13112.800000000001,0.8
870,4ο,11710.0,11710.0,11021.6,12222.0,10304.0,13107.800000000001,0.8
614,4ο,11706.0,11706.0,11017.6,12218.0,10300.0,13103.800000000001,0.8
131,1ο,11680.0,11680.0,10991.6,12192.0,10274.0,13077.800000000001,0.8
679,3ο,11680.0,11680.0,10991.6,12192.0,10274.0,13077.800000000001,0.9
1248,1ο,11660.0,11660.0,10971.6,12172.0,10254.0,13057.800000000001,0.9
685,3ο,11600.0,11600.0,10911.6,12112.0,10194.0,12997.800000000001,0.9
158,4ο,11600.0,11600.0,10911.6,12112.0,10194.0,12997.800000000001,1.0
224,4ο,11590.0,11590.0,10901.6,12102.0,10184.0,12987.800000000001,1.1
120,1ο,11580.0,11580.0,10891.6,12092.0,10174.0,12977.800000000001,0.8
612,4ο,11550.0,11550.0,10861.6,12062.0,10144.0,12947.800000000001,0.8
98,4ο,11550.0,11550.0,10861.6,12062.0,10144.0,12947.800000000001,1.1
183,1ο,11545.0,11545.0,10856.6,12057.0,10139.0,12942.800000000001,0.8
677,4ο,11540.0,11540.0,10851.6,12052.0,10134.0,12937.800000000001,1.0
411,1ο,11530.0,11530.0,10841.6,12042.0,10124.0,12927.800000000001,0.95
1660,2ο,11520.0,11520.0,10831.6,12032.0,10114.0,12917.800000000001,0.8
1007,1ο,11495.0,11495.0,10806.6,12007.0,10089.0,12892.800000000001,0.8
1516,3ο,11460.0,11460.0,10771.6,11972.0,10054.0,12857.800000000001,0.9
345,4ο,11450.0,11450.0,10761.6,11962.0,10044.0,12847.800000000001,1.0
168,4ο,11425.0,11425.0,10736.6,11937.0,10019.0,12822.800000000001,0.8
1272,3ο,11400.0,11400.0,10711.6,11912.0,9994.0,12797.800000000001,0.95
1010,1ο,11365.0,11365.0,10676.6,11877.0,9959.0,12762.800000000001,1.0
363,2ο,11350.0,11350.0,10661.6,11862.0,9944.0,12747.800000000001,0.88
275,3ο,11340.0,11340.0,10651.6,11852.0,9934.0,12737.800000000001,0.8
327,3ο,11315.0,11315.0,10626.6,11827.0,9909.0,12712.800000000001,1.0
613,4ο,11312.0,11312.0,10623.6,11824.0,9906.0,12709.800000000001,0.8
109,1ο,11304.0,11304.0,10615.6,11816.0,9898.0,12701.800000000001,1.0
1620,2ο,11280.0,11280.0,10591.6,11792.0,9874.0,12677.800000000001,0.8
252,2ο,11275.0,11275.0,10586.6,11787.0,9869.0,12672.800000000001,0.8
1610,4ο,11250.0,11250.0,10561.6,11762.0,9844.0,12647.800000000001,0.8
188,1ο,11250.0,11250.0,10561.6,11762.0,9844.0,12647.800000000001,1.0
1524,2ο,11221.0,11221.0,10532.6,11733.0,9815.0,12618.800000000001,0.8
111,1ο,11127.0,11127.0,10438.6,11639.0,9721.0,12524.800000000001,1.0
283,2ο,11100.0,11100.0,10411.6,11612.0,9694.0,12497.800000000001,0.8
878,2ο,11095.0,11095.0,10406.6,11607.0,9689.0,12492.800000000001,0.9
288,3ο,11093.0,11093.0,10404.6,11605.0,9687.0,12490.800000000001,0.8
811,2ο,11069.0,11069.0,10380.6,11581.0,9663.0,12466.800000000001,0.9
1634,3ο,11040.0,11040.0,10351.6,11552.0,9634.0,12437.800000000001,0.95
137,1ο,11030.0,11030.0,10341.6,11542.0,9624.0,12427.800000000001,0.8
1551,4ο,11020.0,11020.0,10331.6,11532.0,9614.0,12417.800000000001,0.86
274,3ο,11010.0,11010.0,10321.6,11522.0,9604.0,12407.800000000001,0.95
341,4ο,10975.0,10975.0,10286.6,11487.0,9569.0,12372.800000000001,1.0
1249,3ο,10930.0,10930.0,10241.6,11442.0,9524.0,12327.800000000001,0.8
257,2ο,10920.0,10920.0,10231.6,11432.0,9514.0,12317.800000000001,0.9
1241,4ο,10914.0,10914.0,10225.6,11426.0,9508.0,12311.800000000001,1.0
801,2ο,10865.0,10865.0,10176.6,11377.0,9459.0,12262.800000000001,0.9
1302,4ο,10820.0,10820.0,10131.6,11332.0,9414.0,12217.800000000001,0.8
507,2ο,10815.0,10815.0,10126.6,11327.0,9409.0,12212.800000000001,0.85
173,4ο,10810.0,10810.0,10121.6,11322.0,9404.0,12207.800000000001,1.0
200,3ο,10780.0,10780.0,10091.6,11292.0,9374.0,12177.800000000001,0.8
160,4ο,10750.0,10750.0,10061.6,11262.0,9344.0,12147.800000000001,0.8
668,4ο,10730.0,10730.0,10041.6,11242.0,9324.0,12127.800000000001,0.9
356,4ο,10725.0,10725.0,10036.6,11237.0,9319.0,12122.800000000001,0.9
373,1ο,10660.0,10660.0,9971.6,11172.0,9254.0,12057.800000000001,0.8
1433,3ο,10570.0,10570.0,9881.6,11082.0,9164.0,11967.800000000001,0.9
228,2ο,10553.0,10553.0,9864.6,11065.0,9147.0,11950.800000000001,0.8
146,1ο,10550.0,10550.0,9861.6,11062.0,9144.0,11947.800000000001,0.8
187,1ο,10540.0,10540.0,9851.6,11052.0,9134.0,11937.800000000001,0.85
1011,4ο,10520.0,10520.0,9831.6,11032.0,9114.0,11917.800000000001,0.8
1623,2ο,10510.0,10510.0,9821.6,11022.0,9104.0,11907.800000000001,0.8
676,2ο,10500.0,10500.0,9811.6,11012.0,9094.0,11897.800000000001,0.8
99,4ο,10500.0,10500.0,9811.6,11012.0,9094.0,11897.800000000001,1.0
1653,3ο,10460.0,10460.0,9771.6,10972.0,9054.0,11857.800000000001,0.8
1439,4ο,10445.0,10445.0,9756.6,10957.0,9039.0,11842.800000000001,1.0
321,4ο,10415.0,10415.0,9726.6,10927.0,9009.0,11812.800000000001,1.05
1554,4ο,10340.0,10340.0,9651.6,10852.0,8934.0,11737.800000000001,1.0
1548,4ο,10330.0,10330.0,9641.6,10842.0,8924.0,11727.800000000001,0.8
238,4ο,10330.0,10330.0,9641.6,10842.0,8924.0,11727.800000000001,1.0
776,2ο,10315.0,10315.0,9626.6,10827.0,8909.0,11712.800000000001,0.85
497,2ο,10315.0,10315.0,9626.6,10827.0,8909.0,11712.800000000001,0.85
477,2ο,10255.0,10255.0,9566.6,10767.0,8849.0,11652.800000000001,0.85
149,1ο,10250.0,10250.0,9561.6,10762.0,8844.0,11647.800000000001,0.8
192,1ο,10225.0,10225.0,9536.6,10737.0,8819.0,11622.800000000001,0.8
384,1ο,10210.0,10210.0,9521.6,10722.0,8804.0,11607.800000000001,0.85
1512,3ο,10180.0,10180.0,9491.6,10692.0,8774.0,11577.800000000001,0.8
162,4ο,10150.0,10150.0,9461.6,10662.0,8744.0,11547.800000000001,0.8
1655,4ο,10088.0,10088.0,9399.6,10600.0,8682.0,11485.800000000001,1.0
1518,4ο,10075.0,10075.0,9386.6,10587.0,8669.0,11472.800000000001,0.9
1662,4ο,10071.0,10071.0,9382.6,10583.0,8665.0,11468.800000000001,0.8
175,1ο,10060.0,10060.0,9371.6,10572.0,8654.0,11457.800000000001,0.8
247,2ο,10053.0,10053.0,9364.6,10565.0,8647.0,11450.800000000001,0.8
1651,3ο,10050.0,10050.0,9361.6,10562.0,8644.0,11447.800000000001,0.8
361,4ο,10030.0,10030.0,9341.6,10542.0,8624.0,11427.800000000001,1.0
1002,2ο,10010.0,10010.0,9321.6,10522.0,8604.0,11407.800000000001,0.8
871,4ο,9940.0,9940.0,9251.6,10452.0,8534.0,11337.800000000001,0.8
1437,2ο,9925.0,9925.0,9236.6,10437.0,8519.0,11322.800000000001,0.8
1617,3ο,9900.0,9900.0,9211.6,10412.0,8494.0,11297.800000000001,0.8
180,4ο,9890.0,9890.0,9201.6,10402.0,8484.0,11287.800000000001,1.0
1288,3ο,9885.0,9885.0,9196.6,10397.0,8479.0,11282.800000000001,0.8
1001,4ο,9870.0,9870.0,9181.6,10382.0,8464.0,11267.800000000001,0.8
1555,2ο,9850.0,9850.0,9161.6,10362.0,8444.0,11247.800000000001,0.8
1008,4ο,9830.0,9830.0,9141.6,10342.0,8424.0,11227.800000000001,0.85
285,2ο,9825.0,9825.0,9136.6,10337.0,8419.0,11222.800000000001,0.8
1541,2ο,9825.0,9825.0,9136.6,10337.0,8419.0,11222.800000000001,0.8
1427,4ο,9825.0,9825.0,9136.6,10337.0,8419.0,11222.800000000001,0.9
1455,4ο,9820.0,9820.0,9131.6,10332.0,8414.0,11217.800000000001,0.8
476,2ο,9790.0,9790.0,9101.6,10302.0,8384.0,11187.800000000001,0.8
177,1ο,9775.0,9775.0,9086.6,10287.0,8369.0,11172.800000000001,0.8
1429,3ο,9775.0,9775.0,9086.6,10287.0,8369.0,11172.800000000001,0.8
190,3ο,9755.0,9755.0,9066.6,10267.0,8349.0,11152.800000000001,0.85
1514,4ο,9715.0,9715.0,9026.6,10227.0,8309.0,11112.800000000001,0.8
1061,3ο,9700.0,9700.0,9011.6,10212.0,8294.0,11097.800000000001,0.8
97,4ο,9696.0,9696.0,9007.6,10208.0,8290.0,11093.800000000001,0.9
248,2ο,9675.0,9675.0,8986.6,10187.0,8269.0,11072.800000000001,0.8
1603,4ο,9660.0,9660.0,8971.6,10172.0,8254.0,11057.800000000001,0.8
344,4ο,9660.0,9660.0,8971.6,10172.0,8254.0,11057.800000000001,0.8
1278,3ο,9630.0,9630.0,8941.6,10142.0,8224.0,11027.800000000001,0.8
1428,3ο,9600.0,9600.0,8911.6,10112.0,8194.0,10997.800000000001,0.8
1425,3ο,9600.0,9600.0,8911.6,10112.0,8194.0,10997.800000000001,0.8
360,3ο,9600.0,9600.0,8911.6,10112.0,8194.0,10997.800000000001,0.8
372,3ο,9600.0,9600.0,8911.6,10112.0,8194.0,10997.800000000001,0.8
1434,4ο,9590.0,9590.0,8901.6,10102.0,8184.0,10987.800000000001,0.8
1422,3ο,9585.0,9585.0,8896.6,10097.0,8179.0,10982.800000000001,0.8
1602,4ο,9555.0,9555.0,8866.6,10067.0,8149.0,10952.800000000001,0.8
1607,4ο,9530.0,9530.0,8841.6,10042.0,8124.0,10927.800000000001,0.8
1632,3ο,9530.0,9530.0,8841.6,10042.0,8124.0,10927.800000000001,0.8
251,2ο,9515.0,9515.0,8826.6,10027.0,8109.0,10912.800000000001,0.8
1628,2ο,9504.0,9504.0,8815.6,10016.0,8098.0,10901.800000000001,0.8
1511,3ο,9496.0,9496.0,8807.6,10008.0,8090.0,10893.800000000001,0.8
1452,3ο,9461.0,9461.0,8772.6,9973.0,8055.0,10858.800000000001,0.8
1242,3ο,9455.0,9455.0,8766.6,9967.0,8049.0,10852.800000000001,0.8
113,1ο,9451.0,9451.0,8762.6,9963.0,8045.0,10848.800000000001,0.85
1289,3ο,9445.0,9445.0,8756.6,9957.0,8039.0,10842.800000000001,0.8
242,2ο,9440.0,9440.0,8751.6,9952.0,8034.0,10837.800000000001,0.8
114,1ο,9433.0,9433.0,8744.6,9945.0,8027.0,10830.800000000001,0.85
1633,3ο,9430.0,9430.0,8741.6,9942.0,8024.0,10827.800000000001,0.8
1423,1ο,9410.0,9410.0,8721.6,9922.0,8004.0,10807.800000000001,0.8
1435,4ο,9410.0,9410.0,8721.6,9922.0,8004.0,10807.800000000001,0.8
367,4ο,9410.0,9410.0,8721.6,9922.0,8004.0,10807.800000000001,0.8
1657,3ο,9400.0,9400.0,8711.6,9912.0,7994.0,10797.800000000001,0.8
249,2ο,9385.0,9385.0,8696.6,9897.0,7979.0,10782.800000000001,0.8
259,2ο,9365.0,9365.0,8676.6,9877.0,7959.0,10762.800000000001,0.8
1432,2ο,9365.0,9365.0,8676.6,9877.0,7959.0,10762.800000000001,0.8
102,1ο,9360.0,9360.0,8671.6,9872.0,7954.0,10757.800000000001,0.8
1609,4ο,9300.0,9300.0,8611.6,9812.0,7894.0,10697.800000000001,0.8
1552,3ο,9300.0,9300.0,8611.6,9812.0,7894.0,10697.800000000001,0.8
351,1ο,9300.0,9300.0,8611.6,9812.0,7894.0,10697.800000000001,0.8
1391,3ο,9300.0,9300.0,8611.6,9812.0,7894.0,10697.800000000001,0.8
287,2ο,9280.0,9280.0,8591.6,9792.0,7874.0,10677.800000000001,0.8
1513,4ο,9250.0,9250.0,8561.6,9762.0,7844.0,10647.800000000001,0.8
1542,4ο,9225.0,9225.0,8536.6,9737.0,7819.0,10622.800000000001,0.85
1517,4ο,9200.0,9200.0,8511.6,9712.0,7794.0,10597.800000000001,0.8
122,1ο,9180.0,9180.0,8491.6,9692.0,7774.0,10577.800000000001,0.8
862,2ο,9170.0,9170.0,8481.6,9682.0,7764.0,10567.800000000001,0.8
115,1ο,9134.0,9134.0,8445.6,9646.0,7728.0,10531.800000000001,0.8
138,1ο,9130.0,9130.0,8441.6,9642.0,7724.0,10527.800000000001,0.8
101,1ο,9130.0,9130.0,8441.6,9642.0,7724.0,10527.800000000001,0.8
413,1ο,9130.0,9130.0,8441.6,9642.0,7724.0,10527.800000000001,0.8
353,4ο,9125.0,9125.0,8436.6,9637.0,7719.0,10522.800000000001,0.8
780,1ο,9125.0,9125.0,8436.6,9637.0,7719.0,10522.800000000001,0.8
1063,4ο,9095.0,9095.0,8406.6,9607.0,7689.0,10492.800000000001,0.9
167,1ο,9075.0,9075.0,8386.6,9587.0,7669.0,10472.800000000001,0.8
362,1ο,9075.0,9075.0,8386.6,9587.0,7669.0,10472.800000000001,0.8
222,4ο,9050.0,9050.0,8361.6,9562.0,7644.0,10447.800000000001,0.8
116,1ο,9050.0,9050.0,8361.6,9562.0,7644.0,10447.800000000001,0.8
103,1ο,9050.0,9050.0,8361.6,9562.0,7644.0,10447.800000000001,0.8
169,1ο,9040.0,9040.0,8351.6,9552.0,7634.0,10437.800000000001,0.8
1519,4ο,9040.0,9040.0,8351.6,9552.0,7634.0,10437.800000000001,0.8
1436,4ο,8990.0,8990.0,8301.6,9502.0,7584.0,10387.800000000001,0.8
1601,4ο,8950.0,8950.0,8261.6,9462.0,7544.0,10347.800000000001,0.8
400,4ο,8940.0,8940.0,8251.6,9452.0,7534.0,10337.800000000001,0.8
107,1ο,8940.0,8940.0,8251.6,9452.0,7534.0,10337.800000000001,0.8
864,4ο,8940.0,8940.0,8251.6,9452.0,7534.0,10337.800000000001,0.9
1544,4ο,8920.0,8920.0,8231.6,9432.0,7514.0,10317.800000000001,0.8
1250,4ο,8911.0,8911.0,8222.6,9423.0,7505.0,10308.800000000001,0.8
189,1ο,8900.0,8900.0,8211.6,9412.0,7494.0,10297.800000000001,0.8
1656,4ο,8875.0,8875.0,8186.6,9387.0,7469.0,10272.800000000001,0.8
1430,4ο,8867.0,8867.0,8178.6,9379.0,7461.0,10264.800000000001,0.8
105,1ο,8860.0,8860.0,8171.6,9372.0,7454.0,10257.800000000001,0.8
181,4ο,8798.0,8798.0,8109.6,9310.0,7392.0,10195.800000000001,0.8
1654,4ο,8780.0,8780.0,8091.6,9292.0,7374.0,10177.800000000001,0.9
1284,1ο,8760.0,8760.0,8071.6,9272.0,7354.0,10157.800000000001,0.8
104,1ο,8760.0,8760.0,8071.6,9272.0,7354.0,10157.800000000001,0.8
1453,4ο,8670.0,8670.0,7981.6,9182.0,7264.0,10067.800000000001,0.8
1669,4ο,8650.0,8650.0,7961.6,9162.0,7244.0,10047.800000000001,0.8
1627,4ο,8650.0,8650.0,7961.6,9162.0,7244.0,10047.800000000001,0.8
212,4ο,8640.0,8640.0,7951.6,9152.0,7234.0,10037.800000000001,0.8
366,4ο,8640.0,8640.0,7951.6,9152.0,7234.0,10037.800000000001,0.8
320,4ο,8630.0,8630.0,7941.6,9142.0,7224.0,10027.800000000001,0.8
1424,4ο,8605.0,8605.0,7916.6,9117.0,7199.0,10002.800000000001,0.8
348,1ο,8560.0,8560.0,7871.6,9072.0,7154.0,9957.800000000001,0.8
145,1ο,8560.0,8560.0,7871.6,9072.0,7154.0,9957.800000000001,0.8
218,4ο,8550.0,8550.0,7861.6,9062.0,7144.0,9947.800000000001,0.8
276,4ο,8550.0,8550.0,7861.6,9062.0,7144.0,9947.800000000001,0.8
1456,4ο,8550.0,8550.0,7861.6,9062.0,7144.0,9947.800000000001,0.8
342,4ο,8525.0,8525.0,7836.6,9037.0,7119.0,9922.800000000001,0.8
1549,4ο,8400.0,8400.0,7711.6,8912.0,6994.0,9797.800000000001,0.8
1664,4ο,8400.0,8400.0,7711.6,8912.0,6994.0,9797.800000000001,0.8
817,4ο,8400.0,8400.0,7711.6,8912.0,6994.0,9797.800000000001,0.8
818,4ο,8400.0,8400.0,7711.6,8912.0,6994.0,9797.800000000001,0.8
354,4ο,8355.0,8355.0,7666.6,8867.0,6949.0,9752.800000000001,0.8
1276,4ο,8335.0,8335.0,7646.6,8847.0,6929.0,9732.800000000001,0.8
1604,4ο,8300.0,8300.0,7611.6,8812.0,6894.0,9697.800000000001,0.8
1244,4ο,7890.0,7890.0,7201.6,8402.0,6484.0,9287.800000000001,0.8
1546,4ο,7840.0,7840.0,7151.6,8352.0,6434.0,9237.800000000001,0.8
310,4ο,7740.0,7740.0,7051.6,8252.0,6334.0,9137.800000000001,0.8
1545,4ο,7310.0,7310.0,6621.6,7822.0,5904.0,8707.800000000001,0.8
1547,4ο,7280.0,7280.0,6591.6,7792.0,5874.0,8677.800000000001,0.8
1064,4ο,7040.0,7040.0,6351.6,7552.0,5634.0,8437.800000000001,0.8
